章节,文件路径,原分级,内容身份,审阅决定
buffett-ch-04,content/articles/buffett/巴菲特：500_亿美元的决定.md,B,专题文章中文翻译/编辑整理,保留为案例、侧栏、索引候选｜完整典藏层
buffett-ch-04,content/articles/buffett/巴菲特：怀念恩师格雷厄姆_1976.md,B,专题文章中文翻译/编辑整理,保留为案例、侧栏、索引候选｜完整典藏层
buffett-ch-04,content/articles/buffett/巴菲特：怀念恩师格雷厄姆_2008.md,B,专题文章中文翻译/编辑整理,保留为案例、侧栏、索引候选｜完整典藏层
buffett-ch-04,content/articles/buffett/巴菲特合伙公司时代.md,D,专题文章中文翻译/编辑整理,由主版本承接或保留于完整典藏层
buffett-ch-04,content/articles/buffett/巴菲特合伙契约_1956.md,D,专题文章中文翻译/编辑整理,由主版本承接或保留于完整典藏层
buffett-ch-04,content/articles/buffett/巴菲特青春时代.md,B,专题文章中文翻译/编辑整理,保留为案例、侧栏、索引候选｜完整典藏层
buffett-ch-04,content/articles/buffett/巴菲特谈股市_1974.md,B,专题文章中文翻译/编辑整理,保留为案例、侧栏、索引候选｜完整典藏层
buffett-ch-04,content/articles/buffett/巴菲特谈施洛斯的信_1994.md,B,专题文章中文翻译/编辑整理,进入正文｜buffett-ch-04
buffett-ch-04,content/articles/buffett/巴菲特谈投资_1988.md,A,专题文章中文翻译/编辑整理,由最佳证据或后续相关章节承接｜完整典藏层
buffett-ch-04,content/articles/buffett/企业收藏家_1977.md,B,专题文章中文翻译/编辑整理,保留为案例、侧栏、索引候选｜完整典藏层
buffett-ch-04,content/articles/other/恩师格雷厄姆生平回顾.md,B,第三方文章/编辑资料,保留为案例、侧栏、索引候选｜完整典藏层
buffett-ch-04,content/articles/other/格雷厄姆谈股市_1976.md,B,第三方文章/编辑资料,保留为案例、侧栏、索引候选｜完整典藏层
buffett-ch-04,content/articles/other/如何建立能力圈.md,B,第三方文章/编辑资料,保留为案例、侧栏、索引候选｜完整典藏层
buffett-ch-04,content/articles/other/施洛斯：怀念恩师格雷厄姆_1976.md,B,第三方文章/编辑资料,保留为案例、侧栏、索引候选｜完整典藏层
buffett-ch-04,content/interviews/巴菲特：对话范德比尔特大学学生_2005.md,B,访谈转录与中文整理,保留为案例、侧栏、索引候选｜完整典藏层
buffett-ch-04,content/interviews/巴菲特：对话堪萨斯大学学生_2005.md,B,访谈转录与中文整理,保留为案例、侧栏、索引候选｜完整典藏层
buffett-ch-04,content/interviews/巴菲特：对话商学院学生_2008.md,B,访谈转录与中文整理,保留为案例、侧栏、索引候选｜完整典藏层
buffett-ch-04,content/interviews/巴菲特：对话田纳西大学学生_2003.md,B,访谈转录与中文整理,保留为案例、侧栏、索引候选｜完整典藏层
buffett-ch-04,content/partnership/partnership_1967-10月-巴菲特致合伙人信.md,A,巴菲特合伙人信/协议中文翻译,由最佳证据或后续相关章节承接｜完整典藏层
buffett-ch-04,content/people/菲尔·费雪.md,B,人物背景资料/编辑整理,保留为案例、侧栏、索引候选｜完整典藏层
buffett-ch-04,content/people/凯瑟琳·格雷厄姆.md,B,人物背景资料/编辑整理,保留为案例、侧栏、索引候选｜完整典藏层
buffett-ch-04,content/qa/历年股东问答精选_2025.md,C,会议问答转录与中文整理,进入年表、索引、附录或完整典藏层
buffett-ch-04,content/talks/巴菲特：哥大商学院演讲_1984.md,A,演讲中文翻译/转录,进入正文｜buffett-ch-04
buffett-ch-04,content/talks/巴菲特：斯坦福法学院演讲_1990.md,B,演讲中文翻译/转录,保留为案例、侧栏、索引候选｜完整典藏层
buffett-ch-06,content/articles/buffett/巴菲特_你应该了解珠宝生意.md,B,专题文章中文翻译/编辑整理,保留为案例、侧栏、索引候选｜完整典藏层
buffett-ch-06,content/articles/buffett/巴菲特谈_GEICO1976.md,A,专题文章中文翻译/编辑整理,由最佳证据或后续相关章节承接｜完整典藏层
buffett-ch-06,content/articles/buffett/巴菲特谈微软的信_1997.md,B,专题文章中文翻译/编辑整理,保留为案例、侧栏、索引候选｜完整典藏层
buffett-ch-06,content/articles/buffett/巴菲特谈喜诗糖果_1972.md,A,专题文章中文翻译/编辑整理,进入正文｜buffett-ch-06
buffett-ch-06,content/articles/buffett/财富杂志：沃伦之思_2008.md,B,专题文章中文翻译/编辑整理,保留为案例、侧栏、索引候选｜完整典藏层
buffett-ch-06,content/interviews/巴菲特：对话_IVEY_商学院学生_2010.md,B,访谈转录与中文整理,保留为案例、侧栏、索引候选｜完整典藏层
buffett-ch-06,content/interviews/巴菲特：对话_IVEY_商学院学生_2012.md,B,访谈转录与中文整理,保留为案例、侧栏、索引候选｜完整典藏层
buffett-ch-06,content/interviews/巴菲特：对话奥奎尔俱乐部_2004.md,B,访谈转录与中文整理,保留为案例、侧栏、索引候选｜完整典藏层
buffett-ch-06,content/interviews/巴菲特：对话八所商学院学生_2011.md,B,访谈转录与中文整理,保留为案例、侧栏、索引候选｜完整典藏层
buffett-ch-06,content/interviews/巴菲特：对话八所商学院学生_2013.md,B,访谈转录与中文整理,保留为案例、侧栏、索引候选｜完整典藏层
buffett-ch-06,content/interviews/巴菲特：谈可口可乐薪酬方案_2014.md,B,访谈转录与中文整理,保留为案例、侧栏、索引候选｜完整典藏层
buffett-ch-06,content/interviews/巴菲特：追忆唐基奥_2015.md,B,访谈转录与中文整理,保留为案例、侧栏、索引候选｜完整典藏层
buffett-ch-06,content/talks/巴菲特：佛罗里达大学演讲_1998.md,A,演讲中文翻译/转录,由最佳证据或后续相关章节承接｜完整典藏层
buffett-ch-06,content/talks/巴菲特：哥大商学院演讲_2002.md,B,演讲中文翻译/转录,保留为案例、侧栏、索引候选｜完整典藏层
buffett-ch-06,content/talks/巴菲特：华盛顿大学谈话_1998.md,A,演讲中文翻译/转录,由最佳证据或后续相关章节承接｜完整典藏层
buffett-ch-06,content/talks/巴菲特：内布拉斯加教育论坛演讲_1999.md,B,演讲中文翻译/转录,保留为案例、侧栏、索引候选｜完整典藏层
buffett-ch-06,content/talks/巴菲特：圣母大学演讲_1991.md,B,演讲中文翻译/转录,保留为案例、侧栏、索引候选｜完整典藏层
buffett-ch-08,content/articles/buffett/巴菲特：给全体经理人备忘录_2001.md,A,专题文章中文翻译/编辑整理,由最佳证据或后续相关章节承接｜完整典藏层
buffett-ch-08,content/articles/buffett/巴菲特：给全体经理人备忘录_2006.md,A,专题文章中文翻译/编辑整理,由最佳证据或后续相关章节承接｜完整典藏层
buffett-ch-08,content/articles/buffett/巴菲特：给全体经理人备忘录_2010.md,A,专题文章中文翻译/编辑整理,由最佳证据或后续相关章节承接｜完整典藏层
buffett-ch-08,content/articles/buffett/巴菲特：给全体经理人备忘录_2014.md,A,专题文章中文翻译/编辑整理,由最佳证据或后续相关章节承接｜完整典藏层
buffett-ch-08,content/articles/buffett/巴菲特：美元效应_2009.md,B,专题文章中文翻译/编辑整理,保留为案例、侧栏、索引候选｜完整典藏层
buffett-ch-08,content/articles/buffett/巴菲特：谁是真正的账房先生.md,B,专题文章中文翻译/编辑整理,保留为案例、侧栏、索引候选｜完整典藏层
buffett-ch-08,content/articles/buffett/巴菲特谈股市_1979.md,B,专题文章中文翻译/编辑整理,保留为案例、侧栏、索引候选｜完整典藏层
buffett-ch-08,content/articles/buffett/巴菲特谈股市_2001.md,B,专题文章中文翻译/编辑整理,保留为案例、侧栏、索引候选｜完整典藏层
buffett-ch-08,content/articles/buffett/巴菲特致所罗门股东信_1991.md,A,专题文章中文翻译/编辑整理,由最佳证据或后续相关章节承接｜完整典藏层
buffett-ch-08,content/interviews/巴菲特：对话内大商学院_2001.md,B,访谈转录与中文整理,保留为案例、侧栏、索引候选｜完整典藏层
buffett-ch-08,content/interviews/巴菲特：家族三代谈慈善_2013.md,B,访谈转录与中文整理,保留为案例、侧栏、索引候选｜完整典藏层
buffett-ch-08,content/interviews/巴菲特：CNBC_专访_2009.md,B,访谈转录与中文整理,保留为案例、侧栏、索引候选｜完整典藏层
buffett-ch-08,content/interviews/专访苏珊·巴菲特_2004.md,B,访谈转录与中文整理,保留为案例、侧栏、索引候选｜完整典藏层
buffett-ch-08,content/letters/berkshire_1970-巴菲特致股东信.md,C,巴菲特股东信中文翻译,进入年表、索引、附录或完整典藏层
buffett-ch-08,content/people/格雷格·阿贝尔.md,B,人物背景资料/编辑整理,进入正文｜buffett-ch-08
buffett-ch-08,content/people/汤姆·墨菲.md,B,人物背景资料/编辑整理,保留为案例、侧栏、索引候选｜完整典藏层
buffett-ch-08,content/qa/巴菲特：慈善中国行_2010.md,C,会议问答转录与中文整理,进入年表、索引、附录或完整典藏层
buffett-ch-08,content/talks/巴菲特：内布拉斯加大学演讲_1994.md,B,演讲中文翻译/转录,保留为案例、侧栏、索引候选｜完整典藏层
buffett-ch-10,content/articles/buffett/巴菲特：给保尔森的信_2008.md,B,专题文章中文翻译/编辑整理,保留为案例、侧栏、索引候选｜完整典藏层
buffett-ch-10,content/articles/buffett/巴菲特：股息巫术_2003.md,B,专题文章中文翻译/编辑整理,保留为案例、侧栏、索引候选｜完整典藏层
buffett-ch-10,content/articles/buffett/巴菲特：关于游牧者基金_2014.md,B,专题文章中文翻译/编辑整理,保留为案例、侧栏、索引候选｜完整典藏层
buffett-ch-10,content/articles/buffett/巴菲特：买入美国正当时_2008.md,A,专题文章中文翻译/编辑整理,由最佳证据或后续相关章节承接｜完整典藏层
buffett-ch-10,content/articles/buffett/巴菲特：收购_BNSF_铁路.md,A,专题文章中文翻译/编辑整理,由最佳证据或后续相关章节承接｜完整典藏层
buffett-ch-10,content/articles/buffett/巴菲特接见_Dardashti_2007.md,B,专题文章中文翻译/编辑整理,保留为案例、侧栏、索引候选｜完整典藏层
buffett-ch-10,content/articles/buffett/巴菲特收购_LTMC_要约_1998.md,B,专题文章中文翻译/编辑整理,保留为案例、侧栏、索引候选｜完整典藏层
buffett-ch-10,content/articles/buffett/巴菲特谈通货膨胀_1977.md,B,专题文章中文翻译/编辑整理,保留为案例、侧栏、索引候选｜完整典藏层
buffett-ch-10,content/articles/buffett/巴菲特谈养老金问题_1975.md,B,专题文章中文翻译/编辑整理,保留为案例、侧栏、索引候选｜完整典藏层
buffett-ch-10,content/articles/buffett/伯克希尔_50_周年：过去、现在和未来.md,A,专题文章中文翻译/编辑整理,由最佳证据或后续相关章节承接｜完整典藏层
buffett-ch-10,content/articles/buffett/伯克希尔股东手册_1996.md,A,专题文章中文翻译/编辑整理,由最佳证据或后续相关章节承接｜完整典藏层
buffett-ch-10,content/articles/buffett/我最看好的股票：西部保险_1953.md,B,专题文章中文翻译/编辑整理,保留为案例、侧栏、索引候选｜完整典藏层
buffett-ch-10,content/articles/buffett/我最看好的股票：油气资产管理公司_1957.md,B,专题文章中文翻译/编辑整理,保留为案例、侧栏、索引候选｜完整典藏层
buffett-ch-10,content/articles/buffett/我最看好的股票：GEICO_保险_1951.md,A,专题文章中文翻译/编辑整理,由最佳证据或后续相关章节承接｜完整典藏层
buffett-ch-10,content/articles/other/伯克希尔哈撒韦时代.md,B,第三方文章/编辑资料,保留为案例、侧栏、索引候选｜完整典藏层
buffett-ch-10,content/articles/other/伯克希尔投资历史.md,B,第三方文章/编辑资料,保留为案例、侧栏、索引候选｜完整典藏层
buffett-ch-10,content/articles/other/伯克希尔业务版图.md,B,第三方文章/编辑资料,保留为案例、侧栏、索引候选｜完整典藏层
buffett-ch-10,content/articles/other/伯克希尔与标普_500_指数.md,B,第三方文章/编辑资料,保留为案例、侧栏、索引候选｜完整典藏层
buffett-ch-10,content/articles/other/康布斯：在普通股中寻找价值.md,B,第三方文章/编辑资料,保留为案例、侧栏、索引候选｜完整典藏层
buffett-ch-10,content/interviews/巴菲特：21_世纪经济领导者采访_2008.md,B,访谈转录与中文整理,保留为案例、侧栏、索引候选｜完整典藏层
buffett-ch-10,content/interviews/巴菲特：查理·罗斯专访_2011.md,B,访谈转录与中文整理,保留为案例、侧栏、索引候选｜完整典藏层
buffett-ch-10,content/interviews/巴菲特：查理罗斯专访_2007.md,B,访谈转录与中文整理,保留为案例、侧栏、索引候选｜完整典藏层
buffett-ch-10,content/interviews/巴菲特：慈善承诺倡议_2015.md,B,访谈转录与中文整理,保留为案例、侧栏、索引候选｜完整典藏层
buffett-ch-10,content/interviews/巴菲特：对话_IVEY_商学院学生_2014.md,B,访谈转录与中文整理,保留为案例、侧栏、索引候选｜完整典藏层
buffett-ch-10,content/interviews/巴菲特：对话_IVEY_商学院学生_2015.md,B,访谈转录与中文整理,保留为案例、侧栏、索引候选｜完整典藏层
buffett-ch-10,content/interviews/巴菲特：对话哥大商学院学生_2009.md,B,访谈转录与中文整理,保留为案例、侧栏、索引候选｜完整典藏层
buffett-ch-10,content/interviews/巴菲特：对话六所商学院学生_2009.md,B,访谈转录与中文整理,保留为案例、侧栏、索引候选｜完整典藏层
buffett-ch-10,content/interviews/巴菲特：对话沃顿商学院学生_2004.md,B,访谈转录与中文整理,保留为案例、侧栏、索引候选｜完整典藏层
buffett-ch-10,content/interviews/巴菲特：对话佐治亚大学学生_2007.md,B,访谈转录与中文整理,保留为案例、侧栏、索引候选｜完整典藏层
buffett-ch-10,content/interviews/巴菲特：解析经济危机_2008.md,B,访谈转录与中文整理,保留为案例、侧栏、索引候选｜完整典藏层
buffett-ch-10,content/interviews/巴菲特：恐慌是会传染的，我们必须做点什么_2009.md,B,访谈转录与中文整理,保留为案例、侧栏、索引候选｜完整典藏层
buffett-ch-10,content/interviews/巴菲特：跳着踢踏舞去上班_2012.md,B,访谈转录与中文整理,保留为案例、侧栏、索引候选｜完整典藏层
buffett-ch-10,content/interviews/巴菲特：CNBC_专访_2010.md,B,访谈转录与中文整理,保留为案例、侧栏、索引候选｜完整典藏层
buffett-ch-10,content/interviews/巴菲特：CNBC_专访_2014.md,B,访谈转录与中文整理,保留为案例、侧栏、索引候选｜完整典藏层
buffett-ch-10,content/letters/berkshire_1965-巴菲特致股东信.md,C,巴菲特股东信中文翻译,进入年表、索引、附录或完整典藏层
buffett-ch-10,content/letters/berkshire_1966-巴菲特致股东信.md,C,巴菲特股东信中文翻译,进入年表、索引、附录或完整典藏层
buffett-ch-10,content/letters/berkshire_1968-巴菲特致股东信.md,C,巴菲特股东信中文翻译,进入年表、索引、附录或完整典藏层
buffett-ch-10,content/letters/berkshire_1969-巴菲特致股东信.md,C,巴菲特股东信中文翻译,进入年表、索引、附录或完整典藏层
buffett-ch-10,content/letters/berkshire_1971-巴菲特致股东信.md,C,巴菲特股东信中文翻译,进入年表、索引、附录或完整典藏层
buffett-ch-10,content/letters/berkshire_1975-巴菲特致股东信.md,C,巴菲特股东信中文翻译,进入年表、索引、附录或完整典藏层
buffett-ch-10,content/letters/berkshire_1977-巴菲特致股东信.md,A,巴菲特股东信中文翻译,由最佳证据或后续相关章节承接｜完整典藏层
buffett-ch-10,content/letters/berkshire_1980-巴菲特致股东信.md,C,巴菲特股东信中文翻译,进入年表、索引、附录或完整典藏层
buffett-ch-10,content/letters/berkshire_1982-巴菲特致股东信.md,C,巴菲特股东信中文翻译,进入年表、索引、附录或完整典藏层
buffett-ch-10,content/letters/berkshire_1983-巴菲特致股东信.md,A,巴菲特股东信中文翻译,由最佳证据或后续相关章节承接｜完整典藏层
buffett-ch-10,content/letters/berkshire_1984-巴菲特致股东信.md,A,巴菲特股东信中文翻译,由最佳证据或后续相关章节承接｜完整典藏层
buffett-ch-10,content/letters/berkshire_1985-巴菲特致股东信.md,C,巴菲特股东信中文翻译,进入年表、索引、附录或完整典藏层
buffett-ch-10,content/letters/berkshire_1986-巴菲特致股东信.md,C,巴菲特股东信中文翻译,进入正文｜buffett-ch-10
buffett-ch-10,content/letters/berkshire_1990-巴菲特致股东信.md,C,巴菲特股东信中文翻译,进入年表、索引、附录或完整典藏层
buffett-ch-10,content/letters/berkshire_2011-巴菲特致股东信.md,A,巴菲特股东信中文翻译,由最佳证据或后续相关章节承接｜完整典藏层
buffett-ch-10,content/letters/berkshire_2012-巴菲特致股东信.md,C,巴菲特股东信中文翻译,进入年表、索引、附录或完整典藏层
buffett-ch-10,content/letters/berkshire_2016-巴菲特致股东信.md,A,巴菲特股东信中文翻译,由最佳证据或后续相关章节承接｜完整典藏层
buffett-ch-10,content/letters/berkshire_2017-巴菲特致股东信.md,C,巴菲特股东信中文翻译,进入年表、索引、附录或完整典藏层
buffett-ch-10,content/letters/berkshire_2019-巴菲特致股东信.md,C,巴菲特股东信中文翻译,进入年表、索引、附录或完整典藏层
buffett-ch-10,content/letters/berkshire_2020-巴菲特致股东信.md,C,巴菲特股东信中文翻译,进入年表、索引、附录或完整典藏层
buffett-ch-10,content/letters/berkshire_2021-巴菲特致股东信.md,C,巴菲特股东信中文翻译,进入年表、索引、附录或完整典藏层
buffett-ch-10,content/letters/berkshire_2022-巴菲特致股东信.md,A,巴菲特股东信中文翻译,由最佳证据或后续相关章节承接｜完整典藏层
buffett-ch-10,content/letters/berkshire_2023-巴菲特致股东信.md,A,巴菲特股东信中文翻译,由最佳证据或后续相关章节承接｜完整典藏层
buffett-ch-10,content/partnership/partnership_1956-有限合伙协议.md,C,巴菲特合伙人信/协议中文翻译,进入年表、索引、附录或完整典藏层
buffett-ch-10,content/partnership/partnership_1957-巴菲特致合伙人信.md,C,巴菲特合伙人信/协议中文翻译,进入年表、索引、附录或完整典藏层
buffett-ch-10,content/partnership/partnership_1960-巴菲特致合伙人信.md,C,巴菲特合伙人信/协议中文翻译,进入年表、索引、附录或完整典藏层
buffett-ch-10,content/partnership/partnership_1961-interim-巴菲特致合伙人信.md,A,巴菲特合伙人信/协议中文翻译,由最佳证据或后续相关章节承接｜完整典藏层
buffett-ch-10,content/partnership/partnership_1962-12月-巴菲特致合伙人信.md,A,巴菲特合伙人信/协议中文翻译,由最佳证据或后续相关章节承接｜完整典藏层
buffett-ch-10,content/partnership/partnership_1962-annual-巴菲特致合伙人信.md,A,巴菲特合伙人信/协议中文翻译,由最佳证据或后续相关章节承接｜完整典藏层
buffett-ch-10,content/partnership/partnership_1962-interim-巴菲特致合伙人信.md,A,巴菲特合伙人信/协议中文翻译,由最佳证据或后续相关章节承接｜完整典藏层
buffett-ch-10,content/partnership/partnership_1963-annual-巴菲特致合伙人信.md,C,巴菲特合伙人信/协议中文翻译,进入年表、索引、附录或完整典藏层
buffett-ch-10,content/partnership/partnership_1964-interim-巴菲特致合伙人信.md,A,巴菲特合伙人信/协议中文翻译,由最佳证据或后续相关章节承接｜完整典藏层
buffett-ch-10,content/partnership/partnership_1965-interim-巴菲特致合伙人信.md,A,巴菲特合伙人信/协议中文翻译,由最佳证据或后续相关章节承接｜完整典藏层
buffett-ch-10,content/partnership/partnership_1966-annual-巴菲特致合伙人信.md,A,巴菲特合伙人信/协议中文翻译,由最佳证据或后续相关章节承接｜完整典藏层
buffett-ch-10,content/partnership/partnership_1966-interim-巴菲特致合伙人信.md,A,巴菲特合伙人信/协议中文翻译,由最佳证据或后续相关章节承接｜完整典藏层
buffett-ch-10,content/partnership/partnership_1967-annual-巴菲特致合伙人信.md,A,巴菲特合伙人信/协议中文翻译,由最佳证据或后续相关章节承接｜完整典藏层
buffett-ch-10,content/partnership/partnership_1968-annual-巴菲特致合伙人信.md,A,巴菲特合伙人信/协议中文翻译,由最佳证据或后续相关章节承接｜完整典藏层
buffett-ch-10,content/partnership/partnership_1968-interim-巴菲特致合伙人信.md,A,巴菲特合伙人信/协议中文翻译,由最佳证据或后续相关章节承接｜完整典藏层
buffett-ch-10,content/partnership/partnership_1969-10月-巴菲特致合伙人信.md,A,巴菲特合伙人信/协议中文翻译,由最佳证据或后续相关章节承接｜完整典藏层
buffett-ch-10,content/partnership/partnership_1969-12月26日-巴菲特致合伙人信.md,A,巴菲特合伙人信/协议中文翻译,由最佳证据或后续相关章节承接｜完整典藏层
buffett-ch-10,content/partnership/partnership_1969-5月-巴菲特致合伙人信.md,A,巴菲特合伙人信/协议中文翻译,由最佳证据或后续相关章节承接｜完整典藏层
buffett-ch-10,content/partnership/partnership_1969-annual-巴菲特致合伙人信.md,A,巴菲特合伙人信/协议中文翻译,由最佳证据或后续相关章节承接｜完整典藏层
buffett-ch-10,content/partnership/partnership_1969-liquidation-巴菲特致合伙人信.md,A,巴菲特合伙人信/协议中文翻译,由最佳证据或后续相关章节承接｜完整典藏层
buffett-ch-10,content/partnership/partnership_1970-bond-巴菲特致合伙人信.md,C,巴菲特合伙人信/协议中文翻译,进入年表、索引、附录或完整典藏层
buffett-ch-10,content/qa/伯克希尔股东大会发布会_2009.md,B,会议问答转录与中文整理,保留为案例、侧栏、索引候选｜完整典藏层
buffett-ch-10,content/qa/伯克希尔股东大会实录_1994.md,B,会议问答转录与中文整理,保留为案例、侧栏、索引候选｜完整典藏层
buffett-ch-10,content/qa/伯克希尔股东大会实录_1995.md,C,会议问答转录与中文整理,进入年表、索引、附录或完整典藏层
buffett-ch-10,content/qa/伯克希尔股东大会实录_1997.md,C,会议问答转录与中文整理,进入年表、索引、附录或完整典藏层
buffett-ch-10,content/qa/伯克希尔股东大会实录_1998.md,B,会议问答转录与中文整理,保留为案例、侧栏、索引候选｜完整典藏层
buffett-ch-10,content/qa/伯克希尔股东大会实录_1999.md,C,会议问答转录与中文整理,进入年表、索引、附录或完整典藏层
buffett-ch-10,content/qa/伯克希尔股东大会实录_2001.md,C,会议问答转录与中文整理,进入年表、索引、附录或完整典藏层
buffett-ch-10,content/qa/伯克希尔股东大会实录_2002.md,C,会议问答转录与中文整理,进入年表、索引、附录或完整典藏层
buffett-ch-10,content/qa/伯克希尔股东大会实录_2003.md,B,会议问答转录与中文整理,保留为案例、侧栏、索引候选｜完整典藏层
buffett-ch-10,content/qa/伯克希尔股东大会实录_2004.md,C,会议问答转录与中文整理,进入年表、索引、附录或完整典藏层
buffett-ch-10,content/qa/伯克希尔股东大会实录_2005.md,B,会议问答转录与中文整理,保留为案例、侧栏、索引候选｜完整典藏层
buffett-ch-10,content/qa/伯克希尔股东大会实录_2006.md,C,会议问答转录与中文整理,进入年表、索引、附录或完整典藏层
buffett-ch-10,content/qa/伯克希尔股东大会实录_2007.md,B,会议问答转录与中文整理,保留为案例、侧栏、索引候选｜完整典藏层
buffett-ch-10,content/qa/伯克希尔股东大会实录_2008.md,C,会议问答转录与中文整理,进入年表、索引、附录或完整典藏层
buffett-ch-10,content/qa/伯克希尔股东大会实录_2009.md,B,会议问答转录与中文整理,保留为案例、侧栏、索引候选｜完整典藏层
buffett-ch-10,content/qa/伯克希尔股东大会实录_2016.md,C,会议问答转录与中文整理,进入年表、索引、附录或完整典藏层
buffett-ch-10,content/qa/伯克希尔股东大会实录_2017.md,B,会议问答转录与中文整理,保留为案例、侧栏、索引候选｜完整典藏层
buffett-ch-10,content/qa/伯克希尔股东大会实录_2018.md,C,会议问答转录与中文整理,进入年表、索引、附录或完整典藏层
buffett-ch-10,content/qa/伯克希尔股东大会实录_2019.md,C,会议问答转录与中文整理,进入年表、索引、附录或完整典藏层
buffett-ch-10,content/qa/伯克希尔股东大会实录_2021.md,C,会议问答转录与中文整理,进入年表、索引、附录或完整典藏层
buffett-ch-10,content/qa/伯克希尔股东大会实录_2022.md,B,会议问答转录与中文整理,保留为案例、侧栏、索引候选｜完整典藏层
buffett-ch-10,content/qa/伯克希尔股东大会实录_2023.md,B,会议问答转录与中文整理,保留为案例、侧栏、索引候选｜完整典藏层
buffett-ch-10,content/qa/伯克希尔股东大会实录_2025.md,C,会议问答转录与中文整理,进入年表、索引、附录或完整典藏层
buffett-ch-10,content/qa/伯克希尔股东大会问答_1986.md,C,会议问答转录与中文整理,进入年表、索引、附录或完整典藏层
buffett-ch-10,content/qa/伯克希尔股东大会问答_1987.md,C,会议问答转录与中文整理,进入年表、索引、附录或完整典藏层
buffett-ch-10,content/qa/伯克希尔股东大会问答_1990.md,C,会议问答转录与中文整理,进入年表、索引、附录或完整典藏层
buffett-ch-10,content/qa/伯克希尔股东大会问答_1991.md,C,会议问答转录与中文整理,进入年表、索引、附录或完整典藏层
buffett-ch-10,content/qa/伯克希尔股东大会问答_1992.md,C,会议问答转录与中文整理,进入年表、索引、附录或完整典藏层
buffett-ch-12,content/articles/buffett/巴菲特：保险业的_FDIC_2001.md,B,专题文章中文翻译/编辑整理,保留为案例、侧栏、索引候选｜完整典藏层
buffett-ch-12,content/articles/buffett/沃伦在担心什么_2003.md,B,专题文章中文翻译/编辑整理,保留为案例、侧栏、索引候选｜完整典藏层
buffett-ch-12,content/articles/other/伯克希尔：集团企业的终极折让.md,B,第三方文章/编辑资料,保留为案例、侧栏、索引候选｜完整典藏层
buffett-ch-12,content/interviews/巴菲特：对话八所商学院学生_2016.md,B,访谈转录与中文整理,保留为案例、侧栏、索引候选｜完整典藏层
buffett-ch-12,content/interviews/巴菲特：金融危机调查委员会专访_2010.md,B,访谈转录与中文整理,保留为案例、侧栏、索引候选｜完整典藏层
buffett-ch-12,content/interviews/巴菲特：CNBC_专访_2011.md,B,访谈转录与中文整理,保留为案例、侧栏、索引候选｜完整典藏层
buffett-ch-12,content/letters/berkshire_1967-巴菲特致股东信.md,C,巴菲特股东信中文翻译,进入年表、索引、附录或完整典藏层
buffett-ch-12,content/letters/berkshire_1972-巴菲特致股东信.md,C,巴菲特股东信中文翻译,进入年表、索引、附录或完整典藏层
buffett-ch-12,content/letters/berkshire_1973-巴菲特致股东信.md,C,巴菲特股东信中文翻译,进入年表、索引、附录或完整典藏层
buffett-ch-12,content/letters/berkshire_1974-巴菲特致股东信.md,C,巴菲特股东信中文翻译,进入年表、索引、附录或完整典藏层
buffett-ch-12,content/letters/berkshire_1976-巴菲特致股东信.md,C,巴菲特股东信中文翻译,进入年表、索引、附录或完整典藏层
buffett-ch-12,content/letters/berkshire_1978-巴菲特致股东信.md,C,巴菲特股东信中文翻译,进入年表、索引、附录或完整典藏层
buffett-ch-12,content/letters/berkshire_1979-巴菲特致股东信.md,C,巴菲特股东信中文翻译,进入年表、索引、附录或完整典藏层
buffett-ch-12,content/letters/berkshire_1981-巴菲特致股东信.md,A,巴菲特股东信中文翻译,由最佳证据或后续相关章节承接｜完整典藏层
buffett-ch-12,content/letters/berkshire_1987-巴菲特致股东信.md,A,巴菲特股东信中文翻译,由最佳证据或后续相关章节承接｜完整典藏层
buffett-ch-12,content/letters/berkshire_1988-巴菲特致股东信.md,C,巴菲特股东信中文翻译,进入年表、索引、附录或完整典藏层
buffett-ch-12,content/letters/berkshire_1989-巴菲特致股东信.md,A,巴菲特股东信中文翻译,由最佳证据或后续相关章节承接｜完整典藏层
buffett-ch-12,content/letters/berkshire_1991-巴菲特致股东信.md,C,巴菲特股东信中文翻译,进入年表、索引、附录或完整典藏层
buffett-ch-12,content/letters/berkshire_1992-巴菲特致股东信.md,A,巴菲特股东信中文翻译,由最佳证据或后续相关章节承接｜完整典藏层
buffett-ch-12,content/letters/berkshire_1993-巴菲特致股东信.md,C,巴菲特股东信中文翻译,进入年表、索引、附录或完整典藏层
buffett-ch-12,content/letters/berkshire_1994-巴菲特致股东信.md,C,巴菲特股东信中文翻译,进入年表、索引、附录或完整典藏层
buffett-ch-12,content/letters/berkshire_1995-巴菲特致股东信.md,C,巴菲特股东信中文翻译,进入年表、索引、附录或完整典藏层
buffett-ch-12,content/letters/berkshire_1996-巴菲特致股东信.md,A,巴菲特股东信中文翻译,由最佳证据或后续相关章节承接｜完整典藏层
buffett-ch-12,content/letters/berkshire_1997-巴菲特致股东信.md,C,巴菲特股东信中文翻译,进入年表、索引、附录或完整典藏层
buffett-ch-12,content/letters/berkshire_1998-巴菲特致股东信.md,C,巴菲特股东信中文翻译,进入年表、索引、附录或完整典藏层
buffett-ch-12,content/letters/berkshire_1999-巴菲特致股东信.md,A,巴菲特股东信中文翻译,由最佳证据或后续相关章节承接｜完整典藏层
buffett-ch-12,content/letters/berkshire_2000-巴菲特致股东信.md,A,巴菲特股东信中文翻译,由最佳证据或后续相关章节承接｜完整典藏层
buffett-ch-12,content/letters/berkshire_2001-巴菲特致股东信.md,C,巴菲特股东信中文翻译,进入年表、索引、附录或完整典藏层
buffett-ch-12,content/letters/berkshire_2002-巴菲特致股东信.md,C,巴菲特股东信中文翻译,进入正文｜buffett-ch-12
buffett-ch-12,content/letters/berkshire_2003-巴菲特致股东信.md,C,巴菲特股东信中文翻译,进入年表、索引、附录或完整典藏层
buffett-ch-12,content/letters/berkshire_2004-巴菲特致股东信.md,C,巴菲特股东信中文翻译,进入年表、索引、附录或完整典藏层
buffett-ch-12,content/letters/berkshire_2005-巴菲特致股东信.md,A,巴菲特股东信中文翻译,由最佳证据或后续相关章节承接｜完整典藏层
buffett-ch-12,content/letters/berkshire_2006-巴菲特致股东信.md,C,巴菲特股东信中文翻译,进入年表、索引、附录或完整典藏层
buffett-ch-12,content/letters/berkshire_2007-巴菲特致股东信.md,A,巴菲特股东信中文翻译,由最佳证据或后续相关章节承接｜完整典藏层
buffett-ch-12,content/letters/berkshire_2008-巴菲特致股东信.md,C,巴菲特股东信中文翻译,进入年表、索引、附录或完整典藏层
buffett-ch-12,content/letters/berkshire_2009-巴菲特致股东信.md,C,巴菲特股东信中文翻译,进入年表、索引、附录或完整典藏层
buffett-ch-12,content/letters/berkshire_2010-巴菲特致股东信.md,C,巴菲特股东信中文翻译,进入年表、索引、附录或完整典藏层
buffett-ch-12,content/letters/berkshire_2013-巴菲特致股东信.md,C,巴菲特股东信中文翻译,进入年表、索引、附录或完整典藏层
buffett-ch-12,content/letters/berkshire_2014-巴菲特致股东信.md,A,巴菲特股东信中文翻译,进入正文｜buffett-ch-12
buffett-ch-12,content/letters/berkshire_2015-巴菲特致股东信.md,C,巴菲特股东信中文翻译,进入年表、索引、附录或完整典藏层
buffett-ch-12,content/letters/berkshire_2018-巴菲特致股东信.md,C,巴菲特股东信中文翻译,进入年表、索引、附录或完整典藏层
buffett-ch-12,content/letters/berkshire_2024-巴菲特致股东信.md,A,巴菲特股东信中文翻译,进入正文｜buffett-ch-12
buffett-ch-12,content/partnership/partnership_1969-12月-巴菲特致合伙人信.md,A,巴菲特合伙人信/协议中文翻译,由最佳证据或后续相关章节承接｜完整典藏层
buffett-ch-12,content/people/阿吉特·贾恩.md,B,人物背景资料/编辑整理,保留为案例、侧栏、索引候选｜完整典藏层
buffett-ch-12,content/qa/伯克希尔股东大会实录_1996.md,B,会议问答转录与中文整理,保留为案例、侧栏、索引候选｜完整典藏层
buffett-ch-12,content/qa/伯克希尔股东大会实录_2000.md,B,会议问答转录与中文整理,保留为案例、侧栏、索引候选｜完整典藏层
buffett-ch-12,content/qa/伯克希尔股东大会实录_2012.md,C,会议问答转录与中文整理,进入年表、索引、附录或完整典藏层
buffett-ch-12,content/qa/伯克希尔股东大会问答_1985.md,C,会议问答转录与中文整理,进入年表、索引、附录或完整典藏层
buffett-ch-12,content/qa/伯克希尔股东大会问答_1988.md,C,会议问答转录与中文整理,进入年表、索引、附录或完整典藏层
buffett-ch-12,content/qa/伯克希尔股东大会问答_1989.md,C,会议问答转录与中文整理,进入年表、索引、附录或完整典藏层
buffett-ch-12,content/qa/伯克希尔股东大会问答_1993.md,C,会议问答转录与中文整理,进入年表、索引、附录或完整典藏层
buffett-ch-13,content/articles/buffett/巴菲特：扩大所得税抵免比提高最低工资更好.md,B,专题文章中文翻译/编辑整理,保留为案例、侧栏、索引候选｜完整典藏层
buffett-ch-13,content/articles/buffett/巴菲特：美国的未来_2017.md,B,专题文章中文翻译/编辑整理,保留为案例、侧栏、索引候选｜完整典藏层
buffett-ch-13,content/articles/buffett/巴菲特：我为什么不看好美元_2003.md,B,专题文章中文翻译/编辑整理,保留为案例、侧栏、索引候选｜完整典藏层
buffett-ch-13,content/articles/buffett/巴菲特谈股市_1999.md,A,专题文章中文翻译/编辑整理,由最佳证据或后续相关章节承接｜完整典藏层
buffett-ch-13,content/interviews/巴菲特：对话内布拉斯加大学学生_2005.md,B,访谈转录与中文整理,保留为案例、侧栏、索引候选｜完整典藏层
buffett-ch-13,content/interviews/巴菲特：对话瑞士洛桑国际管理学院_2008.md,B,访谈转录与中文整理,保留为案例、侧栏、索引候选｜完整典藏层
buffett-ch-13,content/interviews/巴菲特：对话沃顿商学院学生_2003.md,B,访谈转录与中文整理,保留为案例、侧栏、索引候选｜完整典藏层
buffett-ch-13,content/interviews/巴菲特：如何教孩子理财_2013.md,B,访谈转录与中文整理,保留为案例、侧栏、索引候选｜完整典藏层
buffett-ch-13,content/interviews/巴菲特：我为什么慷慨解囊_2006.md,B,访谈转录与中文整理,保留为案例、侧栏、索引候选｜完整典藏层
buffett-ch-13,content/interviews/巴菲特慈善捐赠专访_2006.md,B,访谈转录与中文整理,保留为案例、侧栏、索引候选｜完整典藏层
buffett-ch-13,content/letters/berkshire_2025-巴菲特致股东信.md,C,巴菲特股东信中文翻译,进入年表、索引、附录或完整典藏层
buffett-ch-13,content/partnership/partnership_1963-11月-巴菲特致合伙人信.md,C,巴菲特合伙人信/协议中文翻译,进入年表、索引、附录或完整典藏层
buffett-ch-13,content/partnership/partnership_1965-annual-巴菲特致合伙人信.md,A,巴菲特合伙人信/协议中文翻译,由最佳证据或后续相关章节承接｜完整典藏层
buffett-ch-13,content/qa/伯克希尔股东大会实录_2010.md,C,会议问答转录与中文整理,进入年表、索引、附录或完整典藏层
buffett-ch-13,content/qa/伯克希尔股东大会实录_2011.md,B,会议问答转录与中文整理,保留为案例、侧栏、索引候选｜完整典藏层
buffett-ch-13,content/qa/伯克希尔股东大会实录_2013.md,B,会议问答转录与中文整理,保留为案例、侧栏、索引候选｜完整典藏层
buffett-ch-13,content/qa/伯克希尔股东大会实录_2014.md,C,会议问答转录与中文整理,进入年表、索引、附录或完整典藏层
buffett-ch-13,content/qa/伯克希尔股东大会实录_2015.md,B,会议问答转录与中文整理,保留为案例、侧栏、索引候选｜完整典藏层
buffett-ch-13,content/qa/伯克希尔股东大会实录_2020.md,B,会议问答转录与中文整理,保留为案例、侧栏、索引候选｜完整典藏层
buffett-ch-13,content/qa/伯克希尔股东大会实录_2024.md,C,会议问答转录与中文整理,进入年表、索引、附录或完整典藏层
buffett-ch-13,content/talks/巴菲特：佐治亚大学演讲_2001.md,A,演讲中文翻译/转录,由最佳证据或后续相关章节承接｜完整典藏层
buffett-ch-13,content/talks/巴菲特奥马哈新闻俱乐部_1992.md,B,演讲中文翻译/转录,保留为案例、侧栏、索引候选｜完整典藏层
buffett-ch-13,content/talks/巴菲特太阳谷演讲_1999.md,B,演讲中文翻译/转录,保留为案例、侧栏、索引候选｜完整典藏层
buffett-ch-15,content/articles/other/财富杂志：恐龙.md,C,第三方文章/编辑资料,进入年表、索引、附录或完整典藏层
buffett-ch-15,content/articles/other/杰米·戴蒙_2008_年致股东信.md,C,第三方文章/编辑资料,进入年表、索引、附录或完整典藏层
buffett-ch-15,content/articles/other/卢米斯：回顾职业生涯_2005.md,C,第三方文章/编辑资料,进入年表、索引、附录或完整典藏层
buffett-ch-15,content/articles/other/卢米斯：我在财富杂志的_51_年.md,C,第三方文章/编辑资料,进入年表、索引、附录或完整典藏层
buffett-ch-15,content/articles/other/最资深的经理人桑迪威尔.md,C,第三方文章/编辑资料,进入年表、索引、附录或完整典藏层
buffett-ch-15,content/books/聪明的投资者-核心要点.md,C,图书要点/二手概括,进入年表、索引、附录或完整典藏层
buffett-ch-15,content/books/投资最重要的事-核心要点.md,C,图书要点/二手概括,进入年表、索引、附录或完整典藏层
buffett-ch-15,content/people/泰德·韦施勒.md,D,人物背景资料/编辑整理,进入正文｜buffett-ch-15
buffett-ch-15,content/people/托德·库姆斯.md,D,人物背景资料/编辑整理,进入正文｜buffett-ch-15
buffett-ch-15,content/people/B夫人.md,B,人物背景资料/编辑整理,保留为案例、侧栏、索引候选｜完整典藏层
buffett-ch-15,content/talks/施洛斯：哥大商学院演讲_1993.md,B,演讲中文翻译/转录,保留为案例、侧栏、索引候选｜完整典藏层
