编号,文件路径,原分级,内容身份,原映射,审阅状态,二次精编决定,实际或计划位置,决定理由,文件字符数,典藏层
P1R-01,content/articles/buffett/巴菲特：股票期权与常识_2002.md,A,专题文章中文翻译/编辑整理,buffett-ch-01,已逐篇审阅,采用,buffett-ch-03,股票期权经济成本与所有者稀释案例,10055,保留
P1R-02,content/articles/buffett/巴菲特：回忆进入证券行业_2005.md,B,专题文章中文翻译/编辑整理,buffett-ch-02,已逐篇审阅,采用,buffett-ch-01,早期思想形成与格雷厄姆影响,1495,保留
P1R-03,content/articles/buffett/巴菲特：模糊数学与股票期权_2004.md,B,专题文章中文翻译/编辑整理,buffett-ch-02,已逐篇审阅,采用,buffett-ch-03,不能因估计困难而假装成本不存在的反例,1750,保留
P1R-04,content/articles/buffett/巴菲特估值逻辑.md,D,专题文章中文翻译/编辑整理,buffett-ch-02,已逐篇审阅,由主版本承接,完整典藏层,内容身份和来源链弱于1992年股东信，不承担直接引文,9243,保留
P1R-05,content/articles/buffett/巴菲特谈投资_1985.md,B,专题文章中文翻译/编辑整理,buffett-ch-02,已逐篇审阅,采用,buffett-ch-01,所有者视角、市场关闭测试与能力圈,3122,保留
P1R-06,content/articles/buffett/巴菲特谈指数期货_1982.md,B,专题文章中文翻译/编辑整理,buffett-ch-01,已逐篇审阅,转入侧栏/索引,buffett-ch-01,补充交易刺激与社会成本边界，不展开制度史,2762,保留
P1R-07,content/articles/buffett/我最看好的股票：人寿保险_1957.md,B,专题文章中文翻译/编辑整理,buffett-ch-02,已逐篇审阅,采用,buffett-ch-02,早期以资产、盈利和价格交叉估值的完整案例,1475,保留
P1R-08,content/articles/other/「所有者收益」vs「自由现金流」.md,B,第三方文章/编辑资料,buffett-ch-01,已逐篇审阅,采用（编辑扩展）,buffett-ch-03,现代自由现金流口径对照；不得当作巴菲特原话,25432,保留
P1R-09,content/articles/other/关于市场先生和人性的理解.md,C,第三方文章/编辑资料,buffett-ch-02,已逐篇审阅,转入侧栏/索引,buffett-ch-01,二手整理，格雷厄姆原理只作检索，不替代巴菲特主证据,32986,保留
P1R-10,content/books/巴菲特之道-核心要点.md,C,图书要点/二手概括,buffett-ch-01,已逐篇审阅,由主版本承接,完整典藏层,二手要点由股东信和案例承接,728,保留
P1R-11,content/books/穷查理宝典-核心要点.md,C,图书要点/二手概括,buffett-ch-02,已逐篇审阅,暂不使用,完整典藏层,人物与篇章主线不匹配，保留交叉索引,1022,保留
P1R-12,content/interviews/巴菲特：对话_IVEY_商学院学生_2008.md,B,访谈转录与中文整理,buffett-ch-02,已逐篇审阅,采用,buffett-ch-02,同一企业不同市场价格与估值边界,4214,保留
P1R-13,content/partnership/partnership_1958-巴菲特致合伙人信.md,C,巴菲特合伙人信/协议中文翻译,buffett-ch-02,已逐篇审阅,采用,buffett-ch-01,市场亢奋与独立判断早期语境,2464,保留
P1R-14,content/partnership/partnership_1959-巴菲特致合伙人信.md,A,巴菲特合伙人信/协议中文翻译,buffett-ch-02,已逐篇审阅,采用,buffett-ch-02,衡量标准和价格纪律演变,1718,保留
P1R-15,content/partnership/partnership_1961-annual-巴菲特致合伙人信.md,A,巴菲特合伙人信/协议中文翻译,buffett-ch-02,已逐篇审阅,采用,buffett-ch-01|buffett-ch-02,低估、套利、控制三类方法及控制型所有权,9157,保留
P1R-16,content/partnership/partnership_1962-11月-巴菲特致合伙人信.md,A,巴菲特合伙人信/协议中文翻译,buffett-ch-02,已逐篇审阅,由主版本承接,完整典藏层,以协议与行政说明为主，独立思想增量有限,2040,保留
P1R-17,content/partnership/partnership_1963-12月-巴菲特致合伙人信.md,C,巴菲特合伙人信/协议中文翻译,buffett-ch-01,已逐篇审阅,转入附录,税务附录,税务行政信息不进入本篇正文,843,保留
P1R-18,content/partnership/partnership_1963-interim-巴菲特致合伙人信.md,C,巴菲特合伙人信/协议中文翻译,buffett-ch-02,已逐篇审阅,转入年表,合伙人信年表,阶段业绩和登普斯特进展由完整案例承接,6339,保留
P1R-19,content/partnership/partnership_1964-annual-巴菲特致合伙人信.md,A,巴菲特合伙人信/协议中文翻译,buffett-ch-02,已逐篇审阅,采用,buffett-ch-01|buffett-ch-02,复利、衡量标准、投资方法与目标,15677,保留
P1R-20,content/partnership/partnership_1965-11月-巴菲特致合伙人信.md,A,巴菲特合伙人信/协议中文翻译,buffett-ch-02,已逐篇审阅,采用,buffett-ch-01,基本原则、集中上限与合伙人预期管理,2091,保留
P1R-21,content/partnership/partnership_1966-11月-巴菲特致合伙人信.md,A,巴菲特合伙人信/协议中文翻译,buffett-ch-02,已逐篇审阅,采用,buffett-ch-02,机会稀缺、估值纪律与不行动边界,2197,保留
P1R-22,content/partnership/partnership_1967-11月-巴菲特致合伙人信.md,A,巴菲特合伙人信/协议中文翻译,buffett-ch-02,已逐篇审阅,采用,buffett-ch-02,方法容量与降低回报预期的思想修正,1259,保留
P1R-23,content/partnership/partnership_1967-interim-巴菲特致合伙人信.md,A,巴菲特合伙人信/协议中文翻译,buffett-ch-02,已逐篇审阅,转入年表,合伙人信年表,中期业绩资料不承担核心命题,3502,保留
P1R-24,content/partnership/partnership_1968-11月-巴菲特致合伙人信.md,A,巴菲特合伙人信/协议中文翻译,buffett-ch-02,已逐篇审阅,采用,buffett-ch-01|buffett-ch-02,市场环境变化、方法容量与合伙阶段收束,1297,保留
P1R-25,content/people/本杰明·格雷厄姆.md,B,人物背景资料/编辑整理,buffett-ch-02,已逐篇审阅,转入侧栏/索引,buffett-ch-01,人物背景和思想源流，不作直接引文,2534,保留
P1R-26,content/people/沃伦·巴菲特.md,B,人物背景资料/编辑整理,buffett-ch-02,已逐篇审阅,转入年表/索引,人物年表,人物概览由一手材料承接,1355,保留
