order,status,theme_id,theme,year,title,file,primary,hash,mapping_basis
"19","primary","02","企业值多少钱","","沃伦·巴菲特","content/people/沃伦·巴菲特.md","content/people/沃伦·巴菲特.md","2d1f88fc45b7eb8bb097c956fd72915ca9af0d88d9f502042802dd010a61379f","coverage"
"158","primary","06","风险与错误","","巴菲特青春时代","content/articles/buffett/巴菲特青春时代.md","content/articles/buffett/巴菲特青春时代.md","e030d225e5d3499bb45283d23f44a21198e96cbda8a0e344d41b038516aff3c4","coverage"
"156","primary","06","风险与错误","","巴菲特：500 亿美元的决定","content/articles/buffett/巴菲特：500_亿美元的决定.md","content/articles/buffett/巴菲特：500_亿美元的决定.md","7150efdffd3c7eea99cd91380311225dfd837bab2d719e03f121f487c3e8a4eb","coverage"
"126","primary","04","资本应该怎样配置","","伯克希尔 50 周年：过去、现在和未来","content/articles/buffett/伯克希尔_50_周年：过去、现在和未来.md","content/articles/buffett/伯克希尔_50_周年：过去、现在和未来.md","a81840213acd2192fd70fe063987c0d054fa7b39fed2f05cf360cacf764f345f","coverage"
"30","primary","04","资本应该怎样配置","1951","我最看好的股票：GEICO 保险 1951","content/articles/buffett/我最看好的股票：GEICO_保险_1951.md","content/articles/buffett/我最看好的股票：GEICO_保险_1951.md","8cf8fefd25f56b3fe33bd43996aa47badd8bbf2a83bbd704283fc17fa70c469c","coverage"
"31","primary","04","资本应该怎样配置","1953","我最看好的股票：西部保险 1953","content/articles/buffett/我最看好的股票：西部保险_1953.md","content/articles/buffett/我最看好的股票：西部保险_1953.md","a779f43d32b0fec9090528943a8b76ff8d109b3f332378a17dc7eac2938d1add","coverage"
"32","primary","04","资本应该怎样配置","1956","partnership_1956-有限合伙协议","content/partnership/partnership_1956-有限合伙协议.md","content/partnership/partnership_1956-有限合伙协议.md","bcd15866a56cdf7cab154a933d079b23f97abd8f5dd2e710017468af2f7ff7fa","coverage"
"4","primary","02","企业值多少钱","1957","我最看好的股票：人寿保险 1957","content/articles/buffett/我最看好的股票：人寿保险_1957.md","content/articles/buffett/我最看好的股票：人寿保险_1957.md","c1c0ca10b2e2b76cf7e4a0fa596fdf43ca0ad54d67b805dcb65d56896eb0fe30","coverage"
"33","primary","04","资本应该怎样配置","1957","我最看好的股票：油气资产管理公司 1957","content/articles/buffett/我最看好的股票：油气资产管理公司_1957.md","content/articles/buffett/我最看好的股票：油气资产管理公司_1957.md","803e7a5f2bbff3bfc35ca0e0b61fd466bcea552442c9cd2c4592d331bef0ebe4","coverage"
"34","primary","04","资本应该怎样配置","1957","partnership_1957-巴菲特致合伙人信","content/partnership/partnership_1957-巴菲特致合伙人信.md","content/partnership/partnership_1957-巴菲特致合伙人信.md","2d66e1c88c380bb8fbae772e031422251d41cd7bfe0586437cd8945f295af6df","coverage"
"5","primary","02","企业值多少钱","1958","partnership_1958-巴菲特致合伙人信","content/partnership/partnership_1958-巴菲特致合伙人信.md","content/partnership/partnership_1958-巴菲特致合伙人信.md","d7df4df8f66a7f5075d7a7ad97deca73d31d7d38e097a5fc29131ce7defbaeef","coverage"
"6","primary","02","企业值多少钱","1959","partnership_1959-巴菲特致合伙人信","content/partnership/partnership_1959-巴菲特致合伙人信.md","content/partnership/partnership_1959-巴菲特致合伙人信.md","47d8455e15edc54437db38b31f8e4fa583ae631ef84abd64d317438cbefc9dbe","coverage"
"35","primary","04","资本应该怎样配置","1960","partnership_1960-巴菲特致合伙人信","content/partnership/partnership_1960-巴菲特致合伙人信.md","content/partnership/partnership_1960-巴菲特致合伙人信.md","1ae5cbaaf0e6e3b86201f8bc021488534e4c4fdc6f6b3510918f7b72a0842423","coverage"
"36","primary","04","资本应该怎样配置","1961","partnership_1961-interim-巴菲特致合伙人信","content/partnership/partnership_1961-interim-巴菲特致合伙人信.md","content/partnership/partnership_1961-interim-巴菲特致合伙人信.md","4856f98433118ff8521331125151e8dbe5c0e5b680aebe2233e26032155041e8","coverage"
"7","primary","02","企业值多少钱","1961","partnership_1961-annual-巴菲特致合伙人信","content/partnership/partnership_1961-annual-巴菲特致合伙人信.md","content/partnership/partnership_1961-annual-巴菲特致合伙人信.md","60f0385046defcdf069d9405d0fa5609cdfd684b0c417a530c936341509baa98","coverage"
"39","primary","04","资本应该怎样配置","1962","partnership_1962-interim-巴菲特致合伙人信","content/partnership/partnership_1962-interim-巴菲特致合伙人信.md","content/partnership/partnership_1962-interim-巴菲特致合伙人信.md","a80fe36880ae7b83b3ca0d2da22b960ddcad515e181108c1749838b8a9ab79cc","coverage"
"8","primary","02","企业值多少钱","1962","partnership_1962-11月-巴菲特致合伙人信","content/partnership/partnership_1962-11月-巴菲特致合伙人信.md","content/partnership/partnership_1962-11月-巴菲特致合伙人信.md","429b275d411f7c5420597a50d68d58a8173c10638a7d8832a1f2b2032b8d22fb","coverage"
"37","primary","04","资本应该怎样配置","1962","partnership_1962-12月-巴菲特致合伙人信","content/partnership/partnership_1962-12月-巴菲特致合伙人信.md","content/partnership/partnership_1962-12月-巴菲特致合伙人信.md","fa11df143b07ee4f130f5711d5efeae1ec2dc79482525d0a84c782e2ca6c4e8b","coverage"
"38","primary","04","资本应该怎样配置","1962","partnership_1962-annual-巴菲特致合伙人信","content/partnership/partnership_1962-annual-巴菲特致合伙人信.md","content/partnership/partnership_1962-annual-巴菲特致合伙人信.md","580498f84ea14eee37eda1dfb9433b003147741e56eae83f1a1e30efeca8b041","coverage"
"9","primary","02","企业值多少钱","1963","partnership_1963-interim-巴菲特致合伙人信","content/partnership/partnership_1963-interim-巴菲特致合伙人信.md","content/partnership/partnership_1963-interim-巴菲特致合伙人信.md","a595a499aaf52bc78be8e2bf34753aca41d0b731a82ffa27da911db34baadedd","coverage"
"138","primary","06","风险与错误","1963","partnership_1963-11月-巴菲特致合伙人信","content/partnership/partnership_1963-11月-巴菲特致合伙人信.md","content/partnership/partnership_1963-11月-巴菲特致合伙人信.md","05940ef74050f3252d21fb1adf22c716df00c43a611588b7852d7ebcf9bbedde","coverage"
"1","primary","01","所有者是谁","1963","partnership_1963-12月-巴菲特致合伙人信","content/partnership/partnership_1963-12月-巴菲特致合伙人信.md","content/partnership/partnership_1963-12月-巴菲特致合伙人信.md","47fb90d6f8f2496b9d27d9632d6ac76eaf1120d7063053b9733b0bad01ccc53b","coverage"
"40","primary","04","资本应该怎样配置","1963","partnership_1963-annual-巴菲特致合伙人信","content/partnership/partnership_1963-annual-巴菲特致合伙人信.md","content/partnership/partnership_1963-annual-巴菲特致合伙人信.md","8e57280b272e51548fade72bcf7655ef6751f9714c905474989597e7d507c1da","coverage"
"41","primary","04","资本应该怎样配置","1964","partnership_1964-interim-巴菲特致合伙人信","content/partnership/partnership_1964-interim-巴菲特致合伙人信.md","content/partnership/partnership_1964-interim-巴菲特致合伙人信.md","c5d186ed98772022a6323f643c71ee244831f236dcc5625ec1d3bf05d5275942","coverage"
"10","primary","02","企业值多少钱","1964","partnership_1964-annual-巴菲特致合伙人信","content/partnership/partnership_1964-annual-巴菲特致合伙人信.md","content/partnership/partnership_1964-annual-巴菲特致合伙人信.md","908ba1d4ae754a5c5a4091fc7da5c0be30c4bc49ce75a10a75ca93204e15f9ef","coverage"
"43","primary","04","资本应该怎样配置","1965","partnership_1965-interim-巴菲特致合伙人信","content/partnership/partnership_1965-interim-巴菲特致合伙人信.md","content/partnership/partnership_1965-interim-巴菲特致合伙人信.md","bb91ac211071447796305d596492355f523035842ed5d2347a34b754c14f428a","coverage"
"11","primary","02","企业值多少钱","1965","partnership_1965-11月-巴菲特致合伙人信","content/partnership/partnership_1965-11月-巴菲特致合伙人信.md","content/partnership/partnership_1965-11月-巴菲特致合伙人信.md","fd1398dbddf970147be10b83249ef3ce6e488595adf87b645a00e7dfc5386138","coverage"
"139","primary","06","风险与错误","1965","partnership_1965-annual-巴菲特致合伙人信","content/partnership/partnership_1965-annual-巴菲特致合伙人信.md","content/partnership/partnership_1965-annual-巴菲特致合伙人信.md","eaae057ccc12abd06c2960062142df8d8ecf1e5a1b7aced93abd4daa8e1f921f","coverage"
"46","primary","04","资本应该怎样配置","1966","partnership_1966-interim-巴菲特致合伙人信","content/partnership/partnership_1966-interim-巴菲特致合伙人信.md","content/partnership/partnership_1966-interim-巴菲特致合伙人信.md","a9da92b21b9fd00daa60c6dcbe770da70bf5f534403e9f9394f4e2726cf761fc","coverage"
"12","primary","02","企业值多少钱","1966","partnership_1966-11月-巴菲特致合伙人信","content/partnership/partnership_1966-11月-巴菲特致合伙人信.md","content/partnership/partnership_1966-11月-巴菲特致合伙人信.md","57f6e4481eefa58ee759dc34f9592147d5e331e71fe9285b1d664f24b369b302","coverage"
"45","primary","04","资本应该怎样配置","1966","partnership_1966-annual-巴菲特致合伙人信","content/partnership/partnership_1966-annual-巴菲特致合伙人信.md","content/partnership/partnership_1966-annual-巴菲特致合伙人信.md","32b9b123a23c1d5f68fd9a24b84314594243c97f78c25d97f3ab56911cb7fd21","coverage"
"14","primary","02","企业值多少钱","1967","partnership_1967-interim-巴菲特致合伙人信","content/partnership/partnership_1967-interim-巴菲特致合伙人信.md","content/partnership/partnership_1967-interim-巴菲特致合伙人信.md","acbe837c45e627c022d594a69ea07f92d5466b6f2d1152fba56d597312b6e252","coverage"
"140","primary","06","风险与错误","1967","partnership_1967-10月-巴菲特致合伙人信","content/partnership/partnership_1967-10月-巴菲特致合伙人信.md","content/partnership/partnership_1967-10月-巴菲特致合伙人信.md","c80cee0c8d0eabc5b7d9591707d70e8c39ca8790f433abb340fe658ba1a809d0","coverage"
"13","primary","02","企业值多少钱","1967","partnership_1967-11月-巴菲特致合伙人信","content/partnership/partnership_1967-11月-巴菲特致合伙人信.md","content/partnership/partnership_1967-11月-巴菲特致合伙人信.md","d4dc19ddf9f2220cdb77270459fee701051b4af13406c8c4e487edb70e6262db","coverage"
"48","primary","04","资本应该怎样配置","1967","partnership_1967-annual-巴菲特致合伙人信","content/partnership/partnership_1967-annual-巴菲特致合伙人信.md","content/partnership/partnership_1967-annual-巴菲特致合伙人信.md","357366633fe45d0726f82670f752aace1321200127e776355233e93bfc825693","coverage"
"51","primary","04","资本应该怎样配置","1968","partnership_1968-interim-巴菲特致合伙人信","content/partnership/partnership_1968-interim-巴菲特致合伙人信.md","content/partnership/partnership_1968-interim-巴菲特致合伙人信.md","ff21ec97b98e71023e7cff3c72bf097f55451ffd4049b204a02772a2328c7edd","coverage"
"15","primary","02","企业值多少钱","1968","partnership_1968-11月-巴菲特致合伙人信","content/partnership/partnership_1968-11月-巴菲特致合伙人信.md","content/partnership/partnership_1968-11月-巴菲特致合伙人信.md","9add9a1c831c75e9f8663235c036791f11ad6313d8abf087aa5dcc935d998b58","coverage"
"50","primary","04","资本应该怎样配置","1968","partnership_1968-annual-巴菲特致合伙人信","content/partnership/partnership_1968-annual-巴菲特致合伙人信.md","content/partnership/partnership_1968-annual-巴菲特致合伙人信.md","10638c7923fcb4a18e1f39e18b657da0abf94a3fd3cbc2a8bac4e6fbbfa8fd1d","coverage"
"56","primary","04","资本应该怎样配置","1969","partnership_1969-5月-巴菲特致合伙人信","content/partnership/partnership_1969-5月-巴菲特致合伙人信.md","content/partnership/partnership_1969-5月-巴菲特致合伙人信.md","1e83db852d0012e73de4bdb1ae3045eba861b524619f2ec02b33fa860aa04e2d","coverage"
"53","primary","04","资本应该怎样配置","1969","partnership_1969-10月-巴菲特致合伙人信","content/partnership/partnership_1969-10月-巴菲特致合伙人信.md","content/partnership/partnership_1969-10月-巴菲特致合伙人信.md","a385b0612453a3594de171b572fba9ae6465c8b116ccc0ef0af2e2e5818a04de","coverage"
"54","primary","04","资本应该怎样配置","1969","partnership_1969-12月-巴菲特致合伙人信","content/partnership/partnership_1969-12月-巴菲特致合伙人信.md","content/partnership/partnership_1969-12月-巴菲特致合伙人信.md","3e9b68f11f9eb20a21234ce9c0b1be4e3f6aaa5810628ed1e456fd868d0a78de","coverage"
"55","primary","04","资本应该怎样配置","1969","partnership_1969-12月26日-巴菲特致合伙人信","content/partnership/partnership_1969-12月26日-巴菲特致合伙人信.md","content/partnership/partnership_1969-12月26日-巴菲特致合伙人信.md","34f8c3b1be794516ef6840982d2dcd30477511db15a04519bbc07ec8e1b18495","coverage"
"57","primary","04","资本应该怎样配置","1969","partnership_1969-annual-巴菲特致合伙人信","content/partnership/partnership_1969-annual-巴菲特致合伙人信.md","content/partnership/partnership_1969-annual-巴菲特致合伙人信.md","f270abb4eeea7b77e6c0267df21eb4613ea736831793570e92c2f69607e11f8d","coverage"
"58","primary","04","资本应该怎样配置","1969","partnership_1969-liquidation-巴菲特致合伙人信","content/partnership/partnership_1969-liquidation-巴菲特致合伙人信.md","content/partnership/partnership_1969-liquidation-巴菲特致合伙人信.md","8fb7563287d824ce1bf9ac38c8afa6c87ecdd369539b9634b55dd6e2bc703d2f","coverage"
"59","primary","04","资本应该怎样配置","1970","partnership_1970-bond-巴菲特致合伙人信","content/partnership/partnership_1970-bond-巴菲特致合伙人信.md","content/partnership/partnership_1970-bond-巴菲特致合伙人信.md","3beba0080f0f269ce9ce3d342792951d6a2b1349bb36ba09361aace62a07b18b","coverage"
"42","primary","04","资本应该怎样配置","1965","berkshire_1965-巴菲特致股东信","content/letters/berkshire_1965-巴菲特致股东信.md","content/letters/berkshire_1965-巴菲特致股东信.md","cdbd9b4d88e72d4ac8f229bf0222beb5e25274fe279379b14de2f01549b84a15","coverage"
"44","primary","04","资本应该怎样配置","1966","berkshire_1966-巴菲特致股东信","content/letters/berkshire_1966-巴菲特致股东信.md","content/letters/berkshire_1966-巴菲特致股东信.md","414eaed8821491c927fbe41da0c5f9b58f9199a50cf08ee144ba5617c364afb4","coverage"
"47","primary","04","资本应该怎样配置","1967","berkshire_1967-巴菲特致股东信","content/letters/berkshire_1967-巴菲特致股东信.md","content/letters/berkshire_1967-巴菲特致股东信.md","8fcb0d5ba372522f21121eaef551159b0bbc8a6821e04f08d3164bc9fa6b9d02","coverage"
"49","primary","04","资本应该怎样配置","1968","berkshire_1968-巴菲特致股东信","content/letters/berkshire_1968-巴菲特致股东信.md","content/letters/berkshire_1968-巴菲特致股东信.md","c15e1a09856699bf3157f4ba21d760bcfcf0d3aa271e7a2972d76e90f6cef52d","coverage"
"52","primary","04","资本应该怎样配置","1969","berkshire_1969-巴菲特致股东信","content/letters/berkshire_1969-巴菲特致股东信.md","content/letters/berkshire_1969-巴菲特致股东信.md","24ab441939d67828f4dc6d6a343c723dbfb458ce3509533718318f3e41104a39","coverage"
"127","primary","05","谁来经营企业","1970","berkshire_1970-巴菲特致股东信","content/letters/berkshire_1970-巴菲特致股东信.md","content/letters/berkshire_1970-巴菲特致股东信.md","6f87a07cd2293c518e2db5d8e19e10b2d47d1198fad0b8d83853e62dd28397bd","coverage"
"60","primary","04","资本应该怎样配置","1971","berkshire_1971-巴菲特致股东信","content/letters/berkshire_1971-巴菲特致股东信.md","content/letters/berkshire_1971-巴菲特致股东信.md","a14c1cb9c2e326c83b47fc572eafc44396d136f6b65732e475ad97be569404c1","coverage"
"61","primary","04","资本应该怎样配置","1972","berkshire_1972-巴菲特致股东信","content/letters/berkshire_1972-巴菲特致股东信.md","content/letters/berkshire_1972-巴菲特致股东信.md","e004360b8fcd90532e08d1e50a94edee2963da108f2abfff7d07cb29e98fcfe3","coverage"
"62","primary","04","资本应该怎样配置","1973","berkshire_1973-巴菲特致股东信","content/letters/berkshire_1973-巴菲特致股东信.md","content/letters/berkshire_1973-巴菲特致股东信.md","6c8ff08479b36a9acee8a1d0513df83494ba090a22dbfe62de065af526f96b42","coverage"
"63","primary","04","资本应该怎样配置","1974","berkshire_1974-巴菲特致股东信","content/letters/berkshire_1974-巴菲特致股东信.md","content/letters/berkshire_1974-巴菲特致股东信.md","d68326740f4c76bbd1a9686abab681243f48dc6fe0d00fd922285f51f7a9fa68","coverage"
"65","primary","04","资本应该怎样配置","1975","berkshire_1975-巴菲特致股东信","content/letters/berkshire_1975-巴菲特致股东信.md","content/letters/berkshire_1975-巴菲特致股东信.md","96a0a8ef8775da67d5785dc25a927ed3ca01262feba631ac3932cbcb87e05bd8","coverage"
"66","primary","04","资本应该怎样配置","1976","berkshire_1976-巴菲特致股东信","content/letters/berkshire_1976-巴菲特致股东信.md","content/letters/berkshire_1976-巴菲特致股东信.md","09f71752af4e2a594c1a34704916a591344aa44613815ac125ec4e66721aadf2","coverage"
"68","primary","04","资本应该怎样配置","1977","berkshire_1977-巴菲特致股东信","content/letters/berkshire_1977-巴菲特致股东信.md","content/letters/berkshire_1977-巴菲特致股东信.md","f3e14a38b161af36295f525ff0e082c943a056f1e2e3425e669bf653ff65118a","coverage"
"69","primary","04","资本应该怎样配置","1978","berkshire_1978-巴菲特致股东信","content/letters/berkshire_1978-巴菲特致股东信.md","content/letters/berkshire_1978-巴菲特致股东信.md","c18bdee8e53a5b0cb3f253b66bc184ec9230fa9d3db54cdd38fadbdd136d2092","coverage"
"70","primary","04","资本应该怎样配置","1979","berkshire_1979-巴菲特致股东信","content/letters/berkshire_1979-巴菲特致股东信.md","content/letters/berkshire_1979-巴菲特致股东信.md","aae866a87cafef02f04deb7277e632675677c7a5405257a68c9497a3de199d65","coverage"
"71","primary","04","资本应该怎样配置","1980","berkshire_1980-巴菲特致股东信","content/letters/berkshire_1980-巴菲特致股东信.md","content/letters/berkshire_1980-巴菲特致股东信.md","f1dcef6a48a476c4cdd920d2f57d004590a58627251cbdc5123fedf4d923cf88","coverage"
"72","primary","04","资本应该怎样配置","1981","berkshire_1981-巴菲特致股东信","content/letters/berkshire_1981-巴菲特致股东信.md","content/letters/berkshire_1981-巴菲特致股东信.md","2f9889445b8fe86ddf3066229e60e7db6e368c43ee21d43b8e343487e323b465","coverage"
"73","primary","04","资本应该怎样配置","1982","berkshire_1982-巴菲特致股东信","content/letters/berkshire_1982-巴菲特致股东信.md","content/letters/berkshire_1982-巴菲特致股东信.md","785bab5ab8cab668b7c2adb2680a9d3284524a528dc847f73445fe03596ba120","coverage"
"74","primary","04","资本应该怎样配置","1983","berkshire_1983-巴菲特致股东信","content/letters/berkshire_1983-巴菲特致股东信.md","content/letters/berkshire_1983-巴菲特致股东信.md","59c3cc820c8155906b030675f833b60775973c49b1425d05ce1d731320c2f99c","coverage"
"75","primary","04","资本应该怎样配置","1984","berkshire_1984-巴菲特致股东信","content/letters/berkshire_1984-巴菲特致股东信.md","content/letters/berkshire_1984-巴菲特致股东信.md","ddfec227c4631720bb83552073ba1cd96e5a6634226aa2806cd6f10237e7289f","coverage"
"76","primary","04","资本应该怎样配置","1985","berkshire_1985-巴菲特致股东信","content/letters/berkshire_1985-巴菲特致股东信.md","content/letters/berkshire_1985-巴菲特致股东信.md","555186cd0a31959c47a1e45b3091150309299b00dc3d798b9c1689503a187cb6","coverage"
"77","primary","04","资本应该怎样配置","1986","berkshire_1986-巴菲特致股东信","content/letters/berkshire_1986-巴菲特致股东信.md","content/letters/berkshire_1986-巴菲特致股东信.md","a846c79ddb02c83754926cccc88cc80eb960194b9ccd12d2a90b978787142d11","coverage"
"78","primary","04","资本应该怎样配置","1987","berkshire_1987-巴菲特致股东信","content/letters/berkshire_1987-巴菲特致股东信.md","content/letters/berkshire_1987-巴菲特致股东信.md","a0352262d342ff0f80df65545c2553bfafa457696404d0ed5c08c9a39a3fb7f5","coverage"
"79","primary","04","资本应该怎样配置","1988","berkshire_1988-巴菲特致股东信","content/letters/berkshire_1988-巴菲特致股东信.md","content/letters/berkshire_1988-巴菲特致股东信.md","a20d2a8334e0ee266f7cc4518e484d97a9c9b254197eb301e000e4dee71fcb9e","coverage"
"80","primary","04","资本应该怎样配置","1989","berkshire_1989-巴菲特致股东信","content/letters/berkshire_1989-巴菲特致股东信.md","content/letters/berkshire_1989-巴菲特致股东信.md","64c64e5f57689043022200bee8b5855351fc627a2c53a94a88baba73fe609307","coverage"
"81","primary","04","资本应该怎样配置","1990","berkshire_1990-巴菲特致股东信","content/letters/berkshire_1990-巴菲特致股东信.md","content/letters/berkshire_1990-巴菲特致股东信.md","bb8fee492883e7a10c60b84bf780c02b27d36c97eff4c7b6bd95b3f38f095788","coverage"
"82","primary","04","资本应该怎样配置","1991","berkshire_1991-巴菲特致股东信","content/letters/berkshire_1991-巴菲特致股东信.md","content/letters/berkshire_1991-巴菲特致股东信.md","9a9fd40709b1a52a5644741b9de48a16de3799cf4f52125e6a78d126c6b145a2","coverage"
"83","primary","04","资本应该怎样配置","1992","berkshire_1992-巴菲特致股东信","content/letters/berkshire_1992-巴菲特致股东信.md","content/letters/berkshire_1992-巴菲特致股东信.md","603e67bce42bf655dbec75ceb571ee9d62c846cc9e3185ac68cd1eaf2dd430c3","coverage"
"84","primary","04","资本应该怎样配置","1993","berkshire_1993-巴菲特致股东信","content/letters/berkshire_1993-巴菲特致股东信.md","content/letters/berkshire_1993-巴菲特致股东信.md","8d949d7b808d4261f16a6b66db36666c4c4ea3db926304ae3bf6f989c63aeafe","coverage"
"85","primary","04","资本应该怎样配置","1994","berkshire_1994-巴菲特致股东信","content/letters/berkshire_1994-巴菲特致股东信.md","content/letters/berkshire_1994-巴菲特致股东信.md","d1a321168defa31907528ae3151f127a293f9eb90e48c861b6f3f22ca8c22926","coverage"
"86","primary","04","资本应该怎样配置","1995","berkshire_1995-巴菲特致股东信","content/letters/berkshire_1995-巴菲特致股东信.md","content/letters/berkshire_1995-巴菲特致股东信.md","ee13fdfa246a2e47df3dd428d800142966586bd53875ed9ffffd5db7d6f06ca5","coverage"
"88","primary","04","资本应该怎样配置","1996","berkshire_1996-巴菲特致股东信","content/letters/berkshire_1996-巴菲特致股东信.md","content/letters/berkshire_1996-巴菲特致股东信.md","a5aba630124b05107b4f351ce90b5ac4f3a7b6ed94dc32be183af691e1008f92","coverage"
"89","primary","04","资本应该怎样配置","1997","berkshire_1997-巴菲特致股东信","content/letters/berkshire_1997-巴菲特致股东信.md","content/letters/berkshire_1997-巴菲特致股东信.md","64e85883cf66340a6ba7dfa939080993e6296e022f02cba7a03b5c1ab96f48bf","coverage"
"91","primary","04","资本应该怎样配置","1998","berkshire_1998-巴菲特致股东信","content/letters/berkshire_1998-巴菲特致股东信.md","content/letters/berkshire_1998-巴菲特致股东信.md","e73af37a810f4986bd62815ee974b29bfbdd7129b4fcfebcc9b122a8f4bb04cb","coverage"
"92","primary","04","资本应该怎样配置","1999","berkshire_1999-巴菲特致股东信","content/letters/berkshire_1999-巴菲特致股东信.md","content/letters/berkshire_1999-巴菲特致股东信.md","9b522a255faace08735532f5dc6669c99ef918d25a23dbb2caaf6e8442537165","coverage"
"93","primary","04","资本应该怎样配置","2000","berkshire_2000-巴菲特致股东信","content/letters/berkshire_2000-巴菲特致股东信.md","content/letters/berkshire_2000-巴菲特致股东信.md","93d47cc20f56fe4d1ebc3b25ec8c47a7500a637f2c6a717202ae01509e24881f","coverage"
"95","primary","04","资本应该怎样配置","2001","berkshire_2001-巴菲特致股东信","content/letters/berkshire_2001-巴菲特致股东信.md","content/letters/berkshire_2001-巴菲特致股东信.md","0b327402a2fdfd00a138b61f3356ffefb2e58cbc73608194359104aa91b32548","coverage"
"96","primary","04","资本应该怎样配置","2002","berkshire_2002-巴菲特致股东信","content/letters/berkshire_2002-巴菲特致股东信.md","content/letters/berkshire_2002-巴菲特致股东信.md","855d19c37483e31882a9448c1d683adb8d81f42d7d0e9806b483882ca196a0a8","coverage"
"99","primary","04","资本应该怎样配置","2003","berkshire_2003-巴菲特致股东信","content/letters/berkshire_2003-巴菲特致股东信.md","content/letters/berkshire_2003-巴菲特致股东信.md","755608b81d092904f57cf7321a90ebb33862a768cfab7788b2e731b9c20105ce","coverage"
"100","primary","04","资本应该怎样配置","2004","berkshire_2004-巴菲特致股东信","content/letters/berkshire_2004-巴菲特致股东信.md","content/letters/berkshire_2004-巴菲特致股东信.md","e9c204495dba940d1897dc0e8812b3627fc7db8a204c0494bf9664c867235d43","coverage"
"101","primary","04","资本应该怎样配置","2005","berkshire_2005-巴菲特致股东信","content/letters/berkshire_2005-巴菲特致股东信.md","content/letters/berkshire_2005-巴菲特致股东信.md","b5b95bee18afc7c15c1bd8131d6d1db4351edc47147d18050a2325120a3d7e1a","coverage"
"102","primary","04","资本应该怎样配置","2006","berkshire_2006-巴菲特致股东信","content/letters/berkshire_2006-巴菲特致股东信.md","content/letters/berkshire_2006-巴菲特致股东信.md","e4cff9c295db7fa7422c5eb768fd963196fdaed67d5f37290628d77735dc2af2","coverage"
"104","primary","04","资本应该怎样配置","2007","berkshire_2007-巴菲特致股东信","content/letters/berkshire_2007-巴菲特致股东信.md","content/letters/berkshire_2007-巴菲特致股东信.md","0624e301ba99ecdfc643edf1a649645f08802ba26e3d8cd81f0b5c8388b80e60","coverage"
"107","primary","04","资本应该怎样配置","2008","berkshire_2008-巴菲特致股东信","content/letters/berkshire_2008-巴菲特致股东信.md","content/letters/berkshire_2008-巴菲特致股东信.md","3777bc23cd262701fadb401c63a771fbb56b8bbc56e2516f3a6c1d4a1acb9b64","coverage"
"108","primary","04","资本应该怎样配置","2009","berkshire_2009-巴菲特致股东信","content/letters/berkshire_2009-巴菲特致股东信.md","content/letters/berkshire_2009-巴菲特致股东信.md","82d8ec22e591d55a69c4dbe873a541d4addf38e3328f61d0ad3e2f4fcb73a06b","coverage"
"109","primary","04","资本应该怎样配置","2010","berkshire_2010-巴菲特致股东信","content/letters/berkshire_2010-巴菲特致股东信.md","content/letters/berkshire_2010-巴菲特致股东信.md","469db5f89e5a9247ab95d8d98e412457acc1982497a209f7151bd3eacb001dfb","coverage"
"110","primary","04","资本应该怎样配置","2011","berkshire_2011-巴菲特致股东信","content/letters/berkshire_2011-巴菲特致股东信.md","content/letters/berkshire_2011-巴菲特致股东信.md","23bc27808982f2c9023d9216dc98db8f3e123821b446899639bc3006fe12e900","coverage"
"111","primary","04","资本应该怎样配置","2012","berkshire_2012-巴菲特致股东信","content/letters/berkshire_2012-巴菲特致股东信.md","content/letters/berkshire_2012-巴菲特致股东信.md","855486bd5b8d74ac9eb18dc9fc11b660f8f5446326b94d7940a7114de4f90a7b","coverage"
"112","primary","04","资本应该怎样配置","2013","berkshire_2013-巴菲特致股东信","content/letters/berkshire_2013-巴菲特致股东信.md","content/letters/berkshire_2013-巴菲特致股东信.md","ce9e3805015eb5eb4964e94898c223d307a53b7cc56f70bdc9bf0c7a73fac877","coverage"
"114","primary","04","资本应该怎样配置","2014","berkshire_2014-巴菲特致股东信","content/letters/berkshire_2014-巴菲特致股东信.md","content/letters/berkshire_2014-巴菲特致股东信.md","29ba741eb339870bfc84081bda74d27550c6ee147c1e695f8b4e0795b047fbdf","coverage"
"115","primary","04","资本应该怎样配置","2015","berkshire_2015-巴菲特致股东信","content/letters/berkshire_2015-巴菲特致股东信.md","content/letters/berkshire_2015-巴菲特致股东信.md","bd278cfa0be407b5d0759c449211e46dd7cb900237bde91ceb852faaf7b00b68","coverage"
"116","primary","04","资本应该怎样配置","2016","berkshire_2016-巴菲特致股东信","content/letters/berkshire_2016-巴菲特致股东信.md","content/letters/berkshire_2016-巴菲特致股东信.md","7b51020ebc6bf84efdd3ed59064cba18979a8d9eea3beb66eee0beff39d5e674","coverage"
"117","primary","04","资本应该怎样配置","2017","berkshire_2017-巴菲特致股东信","content/letters/berkshire_2017-巴菲特致股东信.md","content/letters/berkshire_2017-巴菲特致股东信.md","ecdd99f09f78a996a8360b824a135c4b16fd067d296786005db4bf38797e7839","coverage"
"118","primary","04","资本应该怎样配置","2018","berkshire_2018-巴菲特致股东信","content/letters/berkshire_2018-巴菲特致股东信.md","content/letters/berkshire_2018-巴菲特致股东信.md","d51264c218e5c468bd65251d44ee9215ca4dd6ed496a3e1385591c4af42b89b8","coverage"
"119","primary","04","资本应该怎样配置","2019","berkshire_2019-巴菲特致股东信","content/letters/berkshire_2019-巴菲特致股东信.md","content/letters/berkshire_2019-巴菲特致股东信.md","6c0e25689697f876103020ba984ab2fcaa8174b1f3218e27cbd35a18326a77e5","coverage"
"120","primary","04","资本应该怎样配置","2020","berkshire_2020-巴菲特致股东信","content/letters/berkshire_2020-巴菲特致股东信.md","content/letters/berkshire_2020-巴菲特致股东信.md","47e57b6a2c3d742bafb234b57c744c6890a62f06c5d26eec612b419d61eaae45","coverage"
"121","primary","04","资本应该怎样配置","2021","berkshire_2021-巴菲特致股东信","content/letters/berkshire_2021-巴菲特致股东信.md","content/letters/berkshire_2021-巴菲特致股东信.md","db8dee743853422af92210e5cfabf94ad0e34cf92262d11ccd61f1dd13e05067","coverage"
"122","primary","04","资本应该怎样配置","2022","berkshire_2022-巴菲特致股东信","content/letters/berkshire_2022-巴菲特致股东信.md","content/letters/berkshire_2022-巴菲特致股东信.md","0d224d1f4c0d63d87735721373d72250a1da7e3ddb9b9f0fc5353d248d7a1d23","coverage"
"123","primary","04","资本应该怎样配置","2023","berkshire_2023-巴菲特致股东信","content/letters/berkshire_2023-巴菲特致股东信.md","content/letters/berkshire_2023-巴菲特致股东信.md","49aa49d6b3d6bc371004997799b2e6c48dfd537e47d4785cfc2f547ca4469b27","coverage"
"124","primary","04","资本应该怎样配置","2024","berkshire_2024-巴菲特致股东信","content/letters/berkshire_2024-巴菲特致股东信.md","content/letters/berkshire_2024-巴菲特致股东信.md","5d0ca71a9e7cd3aa1ea1be71c14eba59713fb6e51f74b2b117cf41f200712238","coverage"
"155","primary","06","风险与错误","2025","berkshire_2025-巴菲特致股东信","content/letters/berkshire_2025-巴菲特致股东信.md","content/letters/berkshire_2025-巴菲特致股东信.md","45be3bf4e4529f293fe41217f4948bebddca7622a7865220a77b03a1ee99d336","coverage"
"159","primary","08","综合现场与年度索引","1985","伯克希尔股东大会问答_1985","content/qa/伯克希尔股东大会问答_1985.md","content/qa/伯克希尔股东大会问答_1985.md","36a0bb92394e162cb0b6a30c196db5ff7af16a0b4ab2c8dd4f5f46f2291ae598","document-integrity"
"160","primary","08","综合现场与年度索引","1986","伯克希尔股东大会问答_1986","content/qa/伯克希尔股东大会问答_1986.md","content/qa/伯克希尔股东大会问答_1986.md","8a89af4ddd1da894ce29ecb67be253a55da350a517d5128efd7d5da5073d84b1","document-integrity"
"161","primary","08","综合现场与年度索引","1987","伯克希尔股东大会问答_1987","content/qa/伯克希尔股东大会问答_1987.md","content/qa/伯克希尔股东大会问答_1987.md","96cc8aa6975f0686a9c7748577269fc26b902be6ea3b074934167d050d46ce01","document-integrity"
"162","primary","08","综合现场与年度索引","1988","伯克希尔股东大会问答_1988","content/qa/伯克希尔股东大会问答_1988.md","content/qa/伯克希尔股东大会问答_1988.md","c03c92cc2f0a14de25c2c12addc38275cb1fd89086e06224965cf6cc2b71eb29","document-integrity"
"163","primary","08","综合现场与年度索引","1989","伯克希尔股东大会问答_1989","content/qa/伯克希尔股东大会问答_1989.md","content/qa/伯克希尔股东大会问答_1989.md","16a777edc3550e1b4d1c4dcbe94275488dac1487c19a7582c29dda4ef0f2cb9e","document-integrity"
"164","primary","08","综合现场与年度索引","1990","伯克希尔股东大会问答_1990","content/qa/伯克希尔股东大会问答_1990.md","content/qa/伯克希尔股东大会问答_1990.md","7c535252969c1f01d6130078ddc22c9ce6e0e0846ef521cc60690f7fe602ba46","document-integrity"
"165","primary","08","综合现场与年度索引","1991","伯克希尔股东大会问答_1991","content/qa/伯克希尔股东大会问答_1991.md","content/qa/伯克希尔股东大会问答_1991.md","c66bc6e12a4302b20c945e5a01bb38ab52a5da5ed0b3bb54905ed5351f601d6c","document-integrity"
"166","primary","08","综合现场与年度索引","1992","伯克希尔股东大会问答_1992","content/qa/伯克希尔股东大会问答_1992.md","content/qa/伯克希尔股东大会问答_1992.md","0b8f38df6c2a3421fc3023b999be70a114f1c6ddced23545a49376f01d9f69fa","document-integrity"
"167","primary","08","综合现场与年度索引","1993","伯克希尔股东大会问答_1993","content/qa/伯克希尔股东大会问答_1993.md","content/qa/伯克希尔股东大会问答_1993.md","980ba3666d27adab77b90fbd1cbd08eff5b78ede87c1644333cf672d7316d7fb","document-integrity"
"168","primary","08","综合现场与年度索引","1994","1994 年伯克希尔股东大会实录","content/qa/伯克希尔股东大会实录_1994.md","content/qa/伯克希尔股东大会实录_1994.md","ea4796f99b1a73be032dfff885d2f0b2b4d8dac3489318f297aaa15fd193fa65","document-integrity"
"169","primary","08","综合现场与年度索引","1995","1995 年伯克希尔股东大会实录","content/qa/伯克希尔股东大会实录_1995.md","content/qa/伯克希尔股东大会实录_1995.md","d908939cd9fe3f09da4d2f582be663f3a01416c14f541f1c42257d0806cee3ec","document-integrity"
"170","primary","08","综合现场与年度索引","1996","1996 年伯克希尔股东大会实录","content/qa/伯克希尔股东大会实录_1996.md","content/qa/伯克希尔股东大会实录_1996.md","9e7a4d956b98075fbf76edb2fb9d1511ac0abc47af6a27c248d8b471cbfb64a1","document-integrity"
"171","primary","08","综合现场与年度索引","1997","1997 年伯克希尔股东大会实录","content/qa/伯克希尔股东大会实录_1997.md","content/qa/伯克希尔股东大会实录_1997.md","4330b54bffee2b3a5d30c82de3bf82d746fc2fde5c3b640c17da7d102c0dff5d","document-integrity"
"172","primary","08","综合现场与年度索引","1998","1998 年伯克希尔股东大会实录","content/qa/伯克希尔股东大会实录_1998.md","content/qa/伯克希尔股东大会实录_1998.md","d2a1f647286d659110677cd1ed7c81b2991a5c5b8324a6b87045d3528d69548f","document-integrity"
"173","primary","08","综合现场与年度索引","1999","1999 年伯克希尔股东大会实录","content/qa/伯克希尔股东大会实录_1999.md","content/qa/伯克希尔股东大会实录_1999.md","663d7986a8d23f64d4129f41c4f7a7088f320ff1252820eb1eff4d6861b6e5e1","document-integrity"
"174","primary","08","综合现场与年度索引","2000","伯克希尔股东大会实录_2000","content/qa/伯克希尔股东大会实录_2000.md","content/qa/伯克希尔股东大会实录_2000.md","e6194414c7b7f8825fe6168eec3faba5312d9eba7d0322b49fe62174e42cdea4","document-integrity"
"176","primary","08","综合现场与年度索引","2001","伯克希尔股东大会实录_2001","content/qa/伯克希尔股东大会实录_2001.md","content/qa/伯克希尔股东大会实录_2001.md","0821e24822b4f2cea42ebefff81be43ce7100c8488d1b49c6cf8d864a5058b68","document-integrity"
"177","primary","08","综合现场与年度索引","2002","伯克希尔股东大会实录_2002","content/qa/伯克希尔股东大会实录_2002.md","content/qa/伯克希尔股东大会实录_2002.md","e73549a424dd45918e7e87b6e9717d59dd2b05b64399b5c55de4db29b1c4d46d","document-integrity"
"178","primary","08","综合现场与年度索引","2003","2003 年伯克希尔股东大会实录","content/qa/伯克希尔股东大会实录_2003.md","content/qa/伯克希尔股东大会实录_2003.md","aac8c263e7ac21721fa905f0255c513b064c16c568cf26e306e8d0d5275e3fee","document-integrity"
"181","primary","08","综合现场与年度索引","2004","2004 年伯克希尔股东大会实录","content/qa/伯克希尔股东大会实录_2004.md","content/qa/伯克希尔股东大会实录_2004.md","07e1e7f051a3ff073cbd7db859623399b19ccbd8bd193cd16392982c4791af2e","document-integrity"
"184","primary","08","综合现场与年度索引","2005","2005 年伯克希尔股东大会实录","content/qa/伯克希尔股东大会实录_2005.md","content/qa/伯克希尔股东大会实录_2005.md","60c2d5822cb3ade2031cf4858492c9be4bdc5d72b6e18ba103b3c0d857827d3b","document-integrity"
"188","primary","08","综合现场与年度索引","2006","2006 年伯克希尔股东大会实录","content/qa/伯克希尔股东大会实录_2006.md","content/qa/伯克希尔股东大会实录_2006.md","61b81b4cad1d99214074cad3a58057bd435e67c9a5e83cb5540999a4673cbd3a","document-integrity"
"191","primary","08","综合现场与年度索引","2007","2007 年伯克希尔股东大会实录","content/qa/伯克希尔股东大会实录_2007.md","content/qa/伯克希尔股东大会实录_2007.md","c8dca68e72866cb7faf4ead844d01c634173ffb15a173f464daecdf7fd4548e4","document-integrity"
"194","primary","08","综合现场与年度索引","2008","2008 年伯克希尔股东大会实录","content/qa/伯克希尔股东大会实录_2008.md","content/qa/伯克希尔股东大会实录_2008.md","122032e94240fbb087b12003a263d568fecd7c64f1f8822d49583316d8be3e29","document-integrity"
"200","primary","08","综合现场与年度索引","2009","2009 年伯克希尔股东大会实录","content/qa/伯克希尔股东大会实录_2009.md","content/qa/伯克希尔股东大会实录_2009.md","d590db230e3fd756e2a7fefdab51de80ab4e8ef49536aa3cf19b7210bbfc152d","document-integrity"
"206","primary","08","综合现场与年度索引","2010","巴菲特：慈善中国行_2010","content/qa/巴菲特：慈善中国行_2010.md","content/qa/巴菲特：慈善中国行_2010.md","87ed9a59326727791bd84e80c18f4c34569735947f0a06a278602ca77253eb98","document-integrity"
"205","primary","08","综合现场与年度索引","2010","2010 年伯克希尔股东大会实录","content/qa/伯克希尔股东大会实录_2010.md","content/qa/伯克希尔股东大会实录_2010.md","b0a044ba33a250a0f9933e35a0b8f67884208888a4a923de0d01c7ab903593f1","document-integrity"
"210","primary","08","综合现场与年度索引","2011","2011 年伯克希尔股东大会实录","content/qa/伯克希尔股东大会实录_2011.md","content/qa/伯克希尔股东大会实录_2011.md","b8a552b337bceb313ffddf6d9e9356621b1258fe9a881f5f7cfdcf5b859109ad","document-integrity"
"214","primary","08","综合现场与年度索引","2012","2012 年伯克希尔股东大会实录","content/qa/伯克希尔股东大会实录_2012.md","content/qa/伯克希尔股东大会实录_2012.md","762b1f82fd58448de18ca111374906a8a15ed6a31cc9d8da435d7c6bf402691c","document-integrity"
"217","primary","08","综合现场与年度索引","2013","2013 年伯克希尔股东大会实录","content/qa/伯克希尔股东大会实录_2013.md","content/qa/伯克希尔股东大会实录_2013.md","32edea0a8caf8f285c159a341568059b783f4e1b2c228956457a70cab38d34f0","document-integrity"
"221","primary","08","综合现场与年度索引","2014","2014 年伯克希尔股东大会实录","content/qa/伯克希尔股东大会实录_2014.md","content/qa/伯克希尔股东大会实录_2014.md","fe7b265666b3a29c282082c42ece0552dc38777569046d672b27a8229af31824","document-integrity"
"225","primary","08","综合现场与年度索引","2015","2015 年伯克希尔股东大会实录","content/qa/伯克希尔股东大会实录_2015.md","content/qa/伯克希尔股东大会实录_2015.md","1a5ecfdabc318accbd1e44782bebc8dde61955f5c4f618c4b9cc20d95d0be86a","document-integrity"
"230","primary","08","综合现场与年度索引","2016","伯克希尔股东大会实录_2016","content/qa/伯克希尔股东大会实录_2016.md","content/qa/伯克希尔股东大会实录_2016.md","c4ad9fb10f4ada218d3b37128787dacaa76d5f2e0cd5565e21007b7900f274d8","document-integrity"
"231","primary","08","综合现场与年度索引","2017","伯克希尔股东大会实录_2017","content/qa/伯克希尔股东大会实录_2017.md","content/qa/伯克希尔股东大会实录_2017.md","0fb8034984fbb2f7105167ab01b7d92bdd4a3187071304e440d1e9c66d842a57","document-integrity"
"232","primary","08","综合现场与年度索引","2018","伯克希尔股东大会实录_2018","content/qa/伯克希尔股东大会实录_2018.md","content/qa/伯克希尔股东大会实录_2018.md","0e5a7153eb0df2f8f52064733deb9bb87cb5ccde048fd87e3b3fc38122eb2319","document-integrity"
"233","primary","08","综合现场与年度索引","2019","伯克希尔股东大会实录_2019","content/qa/伯克希尔股东大会实录_2019.md","content/qa/伯克希尔股东大会实录_2019.md","dd2d26b3f567d104723f1854b9fd585baf1d715f6fe6539d64ff944fda8a0298","document-integrity"
"234","primary","08","综合现场与年度索引","2020","伯克希尔股东大会实录_2020","content/qa/伯克希尔股东大会实录_2020.md","content/qa/伯克希尔股东大会实录_2020.md","5809a7c116b3585b6d132db3920851e260231dc2d377e55d7a45cda53d47ecab","document-integrity"
"235","primary","08","综合现场与年度索引","2021","伯克希尔股东大会实录_2021","content/qa/伯克希尔股东大会实录_2021.md","content/qa/伯克希尔股东大会实录_2021.md","cb194d1216ee9fffdcdd54f310f7337b4c57f59d0f8a100d95ee62dea8105007","document-integrity"
"236","primary","08","综合现场与年度索引","2022","伯克希尔股东大会实录_2022","content/qa/伯克希尔股东大会实录_2022.md","content/qa/伯克希尔股东大会实录_2022.md","01c40aa7673d7041896d9ba67bd5ff59b1f1b94c070ba54ddf89458e8e7d267b","document-integrity"
"237","primary","08","综合现场与年度索引","2023","伯克希尔股东大会实录_2023","content/qa/伯克希尔股东大会实录_2023.md","content/qa/伯克希尔股东大会实录_2023.md","1dd9179327fb1aff3db54dc87b899983747ffdf85ef709a1db95a651374c3fad","document-integrity"
"238","primary","08","综合现场与年度索引","2024","伯克希尔股东大会实录_2024","content/qa/伯克希尔股东大会实录_2024.md","content/qa/伯克希尔股东大会实录_2024.md","0b7ec0757589d055331c088b7e5184230e4f2715ea907659604f7a0f894faf2e","document-integrity"
"239","primary","08","综合现场与年度索引","2025","伯克希尔股东大会实录_2025","content/qa/伯克希尔股东大会实录_2025.md","content/qa/伯克希尔股东大会实录_2025.md","3917e5fa050c921b5f9c6dd0df615a4fed553b1e1c28f35afc53fa885be95ee8","document-integrity"
"240","primary","08","综合现场与年度索引","2025","历年股东问答精选_2025","content/qa/历年股东问答精选_2025.md","content/qa/历年股东问答精选_2025.md","8fe8f30d9058772fdb00839b0216ffba5a255944cfc7f973165f40eae8800ef0","document-integrity"
"20","primary","03","什么是好企业","1972","巴菲特谈喜诗糖果 1972","content/articles/buffett/巴菲特谈喜诗糖果_1972.md","content/articles/buffett/巴菲特谈喜诗糖果_1972.md","f446e13d2e60dcd1c7a17150b0badc9f336bce5689f84ad25f3e98c6a8b750bb","coverage"
"141","primary","06","风险与错误","1974","巴菲特谈股市 1974","content/articles/buffett/巴菲特谈股市_1974.md","content/articles/buffett/巴菲特谈股市_1974.md","ff698d07c660c4c57f0c08d397c9cf6485d04e0d7b55aad10bb4d764dce7bf1e","coverage"
"64","primary","04","资本应该怎样配置","1975","巴菲特谈养老金问题 1975","content/articles/buffett/巴菲特谈养老金问题_1975.md","content/articles/buffett/巴菲特谈养老金问题_1975.md","615337277c4366a94ce7df51350950958a3be0ee768c49175defc7071fa93196","coverage"
"142","primary","06","风险与错误","1976","巴菲特：怀念恩师格雷厄姆 1976","content/articles/buffett/巴菲特：怀念恩师格雷厄姆_1976.md","content/articles/buffett/巴菲特：怀念恩师格雷厄姆_1976.md","fb40dff604e26b151f904457591cce72051858a436f171a7190c27d0e9b22601","coverage"
"21","primary","03","什么是好企业","1976","巴菲特谈 GEICO1976","content/articles/buffett/巴菲特谈_GEICO1976.md","content/articles/buffett/巴菲特谈_GEICO1976.md","4c4e935165e5022767a90aad80171a502248e64f4979622ff180f4ccb8f93a90","coverage"
"67","primary","04","资本应该怎样配置","1977","巴菲特谈通货膨胀 1977","content/articles/buffett/巴菲特谈通货膨胀_1977.md","content/articles/buffett/巴菲特谈通货膨胀_1977.md","5557ed54fa0b3ab4517b3f24eb6f85d3ee78b3788d49a406d28fa03042074fbc","coverage"
"143","primary","06","风险与错误","1977","企业收藏家 1977","content/articles/buffett/企业收藏家_1977.md","content/articles/buffett/企业收藏家_1977.md","b68f17a3355d2528c9856aea0f5206e1a64c2450607c4dfa27c4859631fbda33","coverage"
"128","primary","05","谁来经营企业","1979","巴菲特谈股市 1979","content/articles/buffett/巴菲特谈股市_1979.md","content/articles/buffett/巴菲特谈股市_1979.md","b49f34862a35b5086d9d85ea1b6df7ea1bac0f5c795076c0faeb49292e5f9048","coverage"
"2","primary","01","所有者是谁","1982","巴菲特谈指数期货 1982","content/articles/buffett/巴菲特谈指数期货_1982.md","content/articles/buffett/巴菲特谈指数期货_1982.md","0b33678f96abb4e235e2ae47d6342fd43fa34d3f975b57357d9fafd9d06e1f68","coverage"
"16","primary","02","企业值多少钱","1985","巴菲特谈投资 1985","content/articles/buffett/巴菲特谈投资_1985.md","content/articles/buffett/巴菲特谈投资_1985.md","c28f380c1cdc095dc249167e2edf792fa770ce21e6cb4bc77da9a1be472ae384","coverage"
"145","primary","06","风险与错误","1988","巴菲特谈投资 1988","content/articles/buffett/巴菲特谈投资_1988.md","content/articles/buffett/巴菲特谈投资_1988.md","9f275c4738a717baaa2fd05622e2c9cd512b90e8178de69e5b5fb68487e67aa6","coverage"
"129","primary","05","谁来经营企业","1991","巴菲特致所罗门股东信 1991","content/articles/buffett/巴菲特致所罗门股东信_1991.md","content/articles/buffett/巴菲特致所罗门股东信_1991.md","ca5df4d46da91013a9e5d00c6b2a161ef50a906db1a6a9c61648e2ce04eb1d4f","coverage"
"148","primary","06","风险与错误","1994","巴菲特谈施洛斯的信 1994","content/articles/buffett/巴菲特谈施洛斯的信_1994.md","content/articles/buffett/巴菲特谈施洛斯的信_1994.md","69792a598a27d4bcd6695989da6fc55bb646af1c5b170c35c09f1d9500333b0e","coverage"
"87","primary","04","资本应该怎样配置","1996","伯克希尔股东手册 1996","content/articles/buffett/伯克希尔股东手册_1996.md","content/articles/buffett/伯克希尔股东手册_1996.md","794b2047a11f9a0f5aef96bd9b1c8594040f3859a3f6aa89b564d365d597aa6d","coverage"
"23","primary","03","什么是好企业","1997","巴菲特谈微软的信 1997","content/articles/buffett/巴菲特谈微软的信_1997.md","content/articles/buffett/巴菲特谈微软的信_1997.md","eb4f730163c33a481595a8d52e07313f6c3de86bbd0be5bb431a7e52f997bc60","coverage"
"90","primary","04","资本应该怎样配置","1998","巴菲特收购 LTMC 要约 1998","content/articles/buffett/巴菲特收购_LTMC_要约_1998.md","content/articles/buffett/巴菲特收购_LTMC_要约_1998.md","e5c7c869b4d722c828cd8e08da6928debde66262f9dec0a5b7299b0d75001ba2","coverage"
"150","primary","06","风险与错误","1999","巴菲特谈股市 1999","content/articles/buffett/巴菲特谈股市_1999.md","content/articles/buffett/巴菲特谈股市_1999.md","2d6a6cf8d2eb1b039ba9e58e33457ccdf36f0c36577f7632c9734c8f17a5748c","coverage"
"94","primary","04","资本应该怎样配置","2001","巴菲特：保险业的 FDIC 2001","content/articles/buffett/巴菲特：保险业的_FDIC_2001.md","content/articles/buffett/巴菲特：保险业的_FDIC_2001.md","ddb11a3460b73b2bdd916b4fab9308b52771651da5512b70061735097742d2ea","coverage"
"131","primary","05","谁来经营企业","2001","巴菲特：给全体经理人备忘录 2001","content/articles/buffett/巴菲特：给全体经理人备忘录_2001.md","content/articles/buffett/巴菲特：给全体经理人备忘录_2001.md","2cb991772c289cb529b0955751dd614a1e153ce0123612702677a13b320460cb","coverage"
"132","primary","05","谁来经营企业","2001","巴菲特谈股市 2001","content/articles/buffett/巴菲特谈股市_2001.md","content/articles/buffett/巴菲特谈股市_2001.md","95a03c7bc1a928dccf589d1d25fd5014c0ff76cfe744b9b6ccc0ffc4536a0191","coverage"
"3","primary","01","所有者是谁","2002","巴菲特：股票期权与常识","content/articles/buffett/巴菲特：股票期权与常识_2002.md","content/articles/buffett/巴菲特：股票期权与常识_2002.md","44521082dec6bac8d3c22d768e8c3ef2f134c1372b181b90a89d34e98c1db6ad","coverage"
"97","primary","04","资本应该怎样配置","2003","巴菲特：股息巫术 2003","content/articles/buffett/巴菲特：股息巫术_2003.md","content/articles/buffett/巴菲特：股息巫术_2003.md","05edf3a2984ff7b1a4873b19987faecb4bdb1b7f383cc51c483f771ce35319d3","coverage"
"152","primary","06","风险与错误","2003","巴菲特：我为什么不看好美元 2003","content/articles/buffett/巴菲特：我为什么不看好美元_2003.md","content/articles/buffett/巴菲特：我为什么不看好美元_2003.md","15882b98c1b46bf961ae1f6d0a0d9defcff6099faac4c515f17d657339bb22bc","coverage"
"98","primary","04","资本应该怎样配置","2003","沃伦在担心什么 2003","content/articles/buffett/沃伦在担心什么_2003.md","content/articles/buffett/沃伦在担心什么_2003.md","12ae8b8726698a3a85c135736a51215ee9610ca3878904ff5e17f4349a22fe94","coverage"
"17","primary","02","企业值多少钱","2004","巴菲特：模糊数学与股票期权 2004","content/articles/buffett/巴菲特：模糊数学与股票期权_2004.md","content/articles/buffett/巴菲特：模糊数学与股票期权_2004.md","791a3d4bf0e27845ccbafc810822607e22b8765863b8a538eddad4026b5fa9c8","coverage"
"18","primary","02","企业值多少钱","2005","巴菲特：回忆进入证券行业 2005","content/articles/buffett/巴菲特：回忆进入证券行业_2005.md","content/articles/buffett/巴菲特：回忆进入证券行业_2005.md","bce2acdf2f11c1a7d0d8a195d836afb514478a031e7e3373be5e595bf689b413","coverage"
"133","primary","05","谁来经营企业","2006","巴菲特：给全体经理人备忘录 2006","content/articles/buffett/巴菲特：给全体经理人备忘录_2006.md","content/articles/buffett/巴菲特：给全体经理人备忘录_2006.md","1f19f9aea341b69b7b53cbb49f2864eec76726342c6bc10de9513993829d68d0","coverage"
"103","primary","04","资本应该怎样配置","2007","巴菲特接见 Dardashti 2007","content/articles/buffett/巴菲特接见_Dardashti_2007.md","content/articles/buffett/巴菲特接见_Dardashti_2007.md","b1d4226b95ff54a2cfb2d437fba2d4cd0407988f1a90bb2578e0fd223ddc1820","coverage"
"105","primary","04","资本应该怎样配置","2008","巴菲特：给保尔森的信 2008","content/articles/buffett/巴菲特：给保尔森的信_2008.md","content/articles/buffett/巴菲特：给保尔森的信_2008.md","2f60bf454c2ddbdde7bcd4814e4c45b68d960a565d27590c5e250b7d8eade9f0","coverage"
"153","primary","06","风险与错误","2008","巴菲特：怀念恩师格雷厄姆 2008","content/articles/buffett/巴菲特：怀念恩师格雷厄姆_2008.md","content/articles/buffett/巴菲特：怀念恩师格雷厄姆_2008.md","9d636e04ad09e605af2186fee208009628a2207432786afbde4679a957a93fe7","coverage"
"106","primary","04","资本应该怎样配置","2008","巴菲特：买入美国正当时 2008","content/articles/buffett/巴菲特：买入美国正当时_2008.md","content/articles/buffett/巴菲特：买入美国正当时_2008.md","cba5ee412cf9a6d71d168bf46a1591e3e4fd0becbec58276f717c06c82e3beb7","coverage"
"28","primary","03","什么是好企业","2008","财富杂志：沃伦之思 2008","content/articles/buffett/财富杂志：沃伦之思_2008.md","content/articles/buffett/财富杂志：沃伦之思_2008.md","b83e24921eb5780dcc9c4c75d686c69faea7bb92fdea3b9f952b3405069395e0","coverage"
"134","primary","05","谁来经营企业","2009","巴菲特：美元效应 2009","content/articles/buffett/巴菲特：美元效应_2009.md","content/articles/buffett/巴菲特：美元效应_2009.md","f99ed91c020d3ded0032ca51a1e7cd60d3d16b131b84c4420d2f184fc9af6106","coverage"
"135","primary","05","谁来经营企业","2010","巴菲特：给全体经理人备忘录 2010","content/articles/buffett/巴菲特：给全体经理人备忘录_2010.md","content/articles/buffett/巴菲特：给全体经理人备忘录_2010.md","abb880385860e649de15b84dfd36b89a685da960e8ceabcdc32137dff8420cfb","coverage"
"136","primary","05","谁来经营企业","2014","巴菲特：给全体经理人备忘录 2014","content/articles/buffett/巴菲特：给全体经理人备忘录_2014.md","content/articles/buffett/巴菲特：给全体经理人备忘录_2014.md","e19f910415366c9a67e103deb92bf27d63f9d0f37e34545518bd3807f81a031c","coverage"
"113","primary","04","资本应该怎样配置","2014","巴菲特：关于游牧者基金 2014","content/articles/buffett/巴菲特：关于游牧者基金_2014.md","content/articles/buffett/巴菲特：关于游牧者基金_2014.md","d7138236497be28b50b8f257e2e6127abe88db9c2c1f6066564a6df452c3851b","coverage"
"154","primary","06","风险与错误","2017","巴菲特：美国的未来 2017","content/articles/buffett/巴菲特：美国的未来_2017.md","content/articles/buffett/巴菲特：美国的未来_2017.md","2b9f19c68fbe623f0986693fb8f4fa281abf76ebfff7bf0b4747a3243c301224","coverage"
"29","primary","03","什么是好企业","","巴菲特: 你应该了解珠宝生意","content/articles/buffett/巴菲特_你应该了解珠宝生意.md","content/articles/buffett/巴菲特_你应该了解珠宝生意.md","f5f98a360e6350515efa97a183d729bc8dcabaf4991fca3f6bf0ca36ddbe3cc5","coverage"
"157","primary","06","风险与错误","","巴菲特：扩大所得税抵免比提高最低工资更好","content/articles/buffett/巴菲特：扩大所得税抵免比提高最低工资更好.md","content/articles/buffett/巴菲特：扩大所得税抵免比提高最低工资更好.md","aa3fb84edd03913c19b3af380681ad80714cc07b948207cf29de5e341c81b561","coverage"
"137","primary","05","谁来经营企业","","巴菲特：谁是真正的账房先生","content/articles/buffett/巴菲特：谁是真正的账房先生.md","content/articles/buffett/巴菲特：谁是真正的账房先生.md","a7a2966cdf39c6c946c46ca5fb2e08cc97a0a14c1fb4ce26461d6d92fde4a8a5","coverage"
"125","primary","04","资本应该怎样配置","","巴菲特：收购 BNSF 铁路","content/articles/buffett/巴菲特：收购_BNSF_铁路.md","content/articles/buffett/巴菲特：收购_BNSF_铁路.md","3b0591c3ee8b6d32a212ec4e2e9d8b1dc11faeb33ff9d8cc3669ba4e2ae95b01","coverage"
"144","primary","06","风险与错误","1984","巴菲特：哥大商学院演讲 1984","content/talks/巴菲特：哥大商学院演讲_1984.md","content/talks/巴菲特：哥大商学院演讲_1984.md","cc3bc2646c9f48b6e5e7f74429f099435c74457ffcf42b11e3b13e227034dd84","coverage"
"146","primary","06","风险与错误","1990","巴菲特：斯坦福法学院演讲 1990","content/talks/巴菲特：斯坦福法学院演讲_1990.md","content/talks/巴菲特：斯坦福法学院演讲_1990.md","27290d2e86517db3c7579b36a4a2b0fb2edfcd703c129fcde7a755a51529f46f","coverage"
"22","primary","03","什么是好企业","1991","巴菲特：圣母大学演讲 1991","content/talks/巴菲特：圣母大学演讲_1991.md","content/talks/巴菲特：圣母大学演讲_1991.md","7d43007b13ae74b93c9fcf538d9dc443a6ba6a47606c9be39a0064a3a8466971","coverage"
"147","primary","06","风险与错误","1992","巴菲特奥马哈新闻俱乐部 1992","content/talks/巴菲特奥马哈新闻俱乐部_1992.md","content/talks/巴菲特奥马哈新闻俱乐部_1992.md","81fdcfd2fa3f6149a3761e0a2b4029374995beb7427792afa2d9ee47f8bbef68","coverage"
"130","primary","05","谁来经营企业","1994","巴菲特：内布拉斯加大学演讲 1994","content/talks/巴菲特：内布拉斯加大学演讲_1994.md","content/talks/巴菲特：内布拉斯加大学演讲_1994.md","25a4a24c7fde2952de468122c9e0afc960be3efd582969d30b6eea91d2b24d5b","coverage"
"24","primary","03","什么是好企业","1998","巴菲特：佛罗里达大学演讲 1998","content/talks/巴菲特：佛罗里达大学演讲_1998.md","content/talks/巴菲特：佛罗里达大学演讲_1998.md","923ed19c7f94b327f55320ef4328758cb6396e4a3cbc4a830e534f8f75d774de","coverage"
"25","primary","03","什么是好企业","1998","巴菲特：华盛顿大学谈话 1998","content/talks/巴菲特：华盛顿大学谈话_1998.md","content/talks/巴菲特：华盛顿大学谈话_1998.md","7164ecf582ed4cddb76cc3772c848625baca85ac396cf04139dc4ff2835e238c","coverage"
"26","primary","03","什么是好企业","1999","巴菲特：内布拉斯加教育论坛演讲 1999","content/talks/巴菲特：内布拉斯加教育论坛演讲_1999.md","content/talks/巴菲特：内布拉斯加教育论坛演讲_1999.md","6187dffb73b110a45742334114bb2a1572afe2efcc9fc01bc8e763f8773023dc","coverage"
"149","primary","06","风险与错误","1999","巴菲特太阳谷演讲 1999","content/talks/巴菲特太阳谷演讲_1999.md","content/talks/巴菲特太阳谷演讲_1999.md","a9e3ad7fcd7433bb33e3a1fb301791f72dfbf7750a1192806f6c904fac86baa2","coverage"
"151","primary","06","风险与错误","2001","巴菲特：佐治亚大学演讲 2001","content/talks/巴菲特：佐治亚大学演讲_2001.md","content/talks/巴菲特：佐治亚大学演讲_2001.md","f67f5b055203241a3f165988dbeea3bb52e8619a148788d41e08c0b3da238238","coverage"
"27","primary","03","什么是好企业","2002","巴菲特：哥大商学院演讲 2002","content/talks/巴菲特：哥大商学院演讲_2002.md","content/talks/巴菲特：哥大商学院演讲_2002.md","b61f4d098c50908428f93ffb1ea2593282a6e3347666929cf0500d798206e4b9","coverage"
"175","primary","08","综合现场与年度索引","2001","巴菲特：对话内大商学院 2001","content/interviews/巴菲特：对话内大商学院_2001.md","content/interviews/巴菲特：对话内大商学院_2001.md","d6990f6eed9c991457c73175fe54fc3d0b978f7142fa1edfffb398804e4531aa","document-integrity"
"179","primary","08","综合现场与年度索引","2003","巴菲特：对话田纳西大学学生 2003","content/interviews/巴菲特：对话田纳西大学学生_2003.md","content/interviews/巴菲特：对话田纳西大学学生_2003.md","60c6258a6932114f3caa8a4b7fc4d9fc7354984246e1a4a24df77ab879d10edf","document-integrity"
"180","primary","08","综合现场与年度索引","2003","巴菲特：对话沃顿商学院学生 2003","content/interviews/巴菲特：对话沃顿商学院学生_2003.md","content/interviews/巴菲特：对话沃顿商学院学生_2003.md","e86dcd662a1593e619f8840158957877c9207d4015fc98e4c935869c0adc19a8","document-integrity"
"182","primary","08","综合现场与年度索引","2004","巴菲特：对话奥奎尔俱乐部 2004","content/interviews/巴菲特：对话奥奎尔俱乐部_2004.md","content/interviews/巴菲特：对话奥奎尔俱乐部_2004.md","f7844b1b372b92e497f600ae82ac17179da6d3ee5934a62adc7639b917968970","document-integrity"
"183","primary","08","综合现场与年度索引","2004","巴菲特：对话沃顿商学院学生 2004","content/interviews/巴菲特：对话沃顿商学院学生_2004.md","content/interviews/巴菲特：对话沃顿商学院学生_2004.md","b8be126c47f2fe5a40c67f17b41cc226ce347094f225225129780d71a197732c","document-integrity"
"185","primary","08","综合现场与年度索引","2005","巴菲特：对话范德比尔特大学学生 2005","content/interviews/巴菲特：对话范德比尔特大学学生_2005.md","content/interviews/巴菲特：对话范德比尔特大学学生_2005.md","8b0df14ed077398b61da58f51f9ab136c9470ee70c300e3f907bee9236cf5924","document-integrity"
"186","primary","08","综合现场与年度索引","2005","巴菲特：对话堪萨斯大学学生 2005","content/interviews/巴菲特：对话堪萨斯大学学生_2005.md","content/interviews/巴菲特：对话堪萨斯大学学生_2005.md","1d362487cf625e160bed435cab1e2940284f39ec30fca8010e4cf92e084272a3","document-integrity"
"187","primary","08","综合现场与年度索引","2005","巴菲特：对话内布拉斯加大学学生 2005","content/interviews/巴菲特：对话内布拉斯加大学学生_2005.md","content/interviews/巴菲特：对话内布拉斯加大学学生_2005.md","b787063cac0581724551c939f3d21962b8dad4b0b3f4a72c3e9fd52a33d7ef9a","document-integrity"
"189","primary","08","综合现场与年度索引","2006","巴菲特：我为什么慷慨解囊 2006","content/interviews/巴菲特：我为什么慷慨解囊_2006.md","content/interviews/巴菲特：我为什么慷慨解囊_2006.md","ac1154ea6d049da9ec73b27c2d6333c912d2f4ef8a023807939ea462fe082425","document-integrity"
"190","primary","08","综合现场与年度索引","2006","巴菲特慈善捐赠专访 2006","content/interviews/巴菲特慈善捐赠专访_2006.md","content/interviews/巴菲特慈善捐赠专访_2006.md","9bfbad1935bc0ef77f1536e21178cdbd074bd0bc1fc3719fe5eb0b56f9114b95","document-integrity"
"192","primary","08","综合现场与年度索引","2007","巴菲特：查理罗斯专访 2007","content/interviews/巴菲特：查理罗斯专访_2007.md","content/interviews/巴菲特：查理罗斯专访_2007.md","9391d44447f9306a078eb703e23d52fa6d1be0dd86eb66329ada49966e539dc3","document-integrity"
"193","primary","08","综合现场与年度索引","2007","巴菲特：对话佐治亚大学学生 2007","content/interviews/巴菲特：对话佐治亚大学学生_2007.md","content/interviews/巴菲特：对话佐治亚大学学生_2007.md","29ffb2d3eb813997c1c9f85c72cdf925d749724d04d38f86e8a317d5b3b8b645","document-integrity"
"195","primary","08","综合现场与年度索引","2008","巴菲特：21 世纪经济领导者采访 2008","content/interviews/巴菲特：21_世纪经济领导者采访_2008.md","content/interviews/巴菲特：21_世纪经济领导者采访_2008.md","7ca597f81b8ca9db680f53ee2b4e8fb27850c34a3bebb74cd3b5045f0aa881b3","document-integrity"
"196","primary","08","综合现场与年度索引","2008","巴菲特：对话 IVEY 商学院学生 2008","content/interviews/巴菲特：对话_IVEY_商学院学生_2008.md","content/interviews/巴菲特：对话_IVEY_商学院学生_2008.md","19241b6ee0210491553f92d00f4cde576ce4fa4c29a8c50acdc3edfbc3c758ad","document-integrity"
"197","primary","08","综合现场与年度索引","2008","巴菲特：对话瑞士洛桑国际管理学院","content/interviews/巴菲特：对话瑞士洛桑国际管理学院_2008.md","content/interviews/巴菲特：对话瑞士洛桑国际管理学院_2008.md","52fa573670b1c5e08463e6c80abf6a032e370c5830e5811947cc8577ba25b97a","document-integrity"
"198","primary","08","综合现场与年度索引","2008","巴菲特：对话商学院学生 2008","content/interviews/巴菲特：对话商学院学生_2008.md","content/interviews/巴菲特：对话商学院学生_2008.md","535cd657db2b155d0bee31520bd8b415c5d1a52ec6642cf415cb110648e40267","document-integrity"
"199","primary","08","综合现场与年度索引","2008","巴菲特：解析经济危机 2008","content/interviews/巴菲特：解析经济危机_2008.md","content/interviews/巴菲特：解析经济危机_2008.md","686708e984893fed0f56e5f5d74135f9dde2cd3e5f5671eec67c8a72590b58ce","document-integrity"
"201","primary","08","综合现场与年度索引","2009","巴菲特：对话哥大商学院学生","content/interviews/巴菲特：对话哥大商学院学生_2009.md","content/interviews/巴菲特：对话哥大商学院学生_2009.md","7db022bec833a6ff9f0766d2daa2042cdfcea90f329cbdf6567925ded4bce5e8","document-integrity"
"202","primary","08","综合现场与年度索引","2009","巴菲特：对话六所商学院学生 2009","content/interviews/巴菲特：对话六所商学院学生_2009.md","content/interviews/巴菲特：对话六所商学院学生_2009.md","d6590fdc72035371e89f4e717b7e6dc843885a8639b1132c18f267897419d9c6","document-integrity"
"203","primary","08","综合现场与年度索引","2009","巴菲特：恐慌是会传染的，我们必须做点什么","content/interviews/巴菲特：恐慌是会传染的，我们必须做点什么_2009.md","content/interviews/巴菲特：恐慌是会传染的，我们必须做点什么_2009.md","041cafebe77ee08f2d452b09609dd80cfeba0594e42a17c01a3d9192fb62a748","document-integrity"
"204","primary","08","综合现场与年度索引","2009","巴菲特：CNBC 专访 2009","content/interviews/巴菲特：CNBC_专访_2009.md","content/interviews/巴菲特：CNBC_专访_2009.md","a09e4749994d8754a4064a96ec9fab0bf2985e8f1eec55bd212ed483ace9f411","document-integrity"
"207","primary","08","综合现场与年度索引","2010","巴菲特：对话 IVEY 商学院学生 2010","content/interviews/巴菲特：对话_IVEY_商学院学生_2010.md","content/interviews/巴菲特：对话_IVEY_商学院学生_2010.md","1292bbe81431d3b80a87a6c1f5b815382049ef2975c999fe8592b7bf7144d81a","document-integrity"
"208","primary","08","综合现场与年度索引","2010","巴菲特：金融危机调查委员会专访","content/interviews/巴菲特：金融危机调查委员会专访_2010.md","content/interviews/巴菲特：金融危机调查委员会专访_2010.md","60fa4f491c2c0b99c8d6b96925292169285a3191c635b15d1e1aa08864b17532","document-integrity"
"209","primary","08","综合现场与年度索引","2010","巴菲特：CNBC 专访 2010","content/interviews/巴菲特：CNBC_专访_2010.md","content/interviews/巴菲特：CNBC_专访_2010.md","183283d5ba7f544fd19141906d4aece7cc5a54ef0723ea8f578de7d0ff74b746","document-integrity"
"211","primary","08","综合现场与年度索引","2011","巴菲特：查理·罗斯专访 2011","content/interviews/巴菲特：查理·罗斯专访_2011.md","content/interviews/巴菲特：查理·罗斯专访_2011.md","df5475d10937747bfbfc422628a42e752ed0b5e707c6b65fc882627e17f480d2","document-integrity"
"212","primary","08","综合现场与年度索引","2011","巴菲特：对话八所商学院学生 2011","content/interviews/巴菲特：对话八所商学院学生_2011.md","content/interviews/巴菲特：对话八所商学院学生_2011.md","b43cc7a872345dd5fd7723c79ebe7e50ed36ff0baa93c8e37ae876e66ae4b196","document-integrity"
"213","primary","08","综合现场与年度索引","2011","巴菲特：CNBC 专访 2011","content/interviews/巴菲特：CNBC_专访_2011.md","content/interviews/巴菲特：CNBC_专访_2011.md","11167e1a495637a43d78b653e26adf6b873eba9cbc7b7a8c868482d24ceaa268","document-integrity"
"215","primary","08","综合现场与年度索引","2012","巴菲特：对话 IVEY 商学院学生 2012","content/interviews/巴菲特：对话_IVEY_商学院学生_2012.md","content/interviews/巴菲特：对话_IVEY_商学院学生_2012.md","378a530079ac8a08b7475902438f503ce99bdd79e8e1515cbed29f7d971687fb","document-integrity"
"216","primary","08","综合现场与年度索引","2012","巴菲特：跳着踢踏舞去上班 2012","content/interviews/巴菲特：跳着踢踏舞去上班_2012.md","content/interviews/巴菲特：跳着踢踏舞去上班_2012.md","d5b74a82d188fa6b6b5a5618e1882bda43cf678b44e77138fc31b09047ecc00e","document-integrity"
"218","primary","08","综合现场与年度索引","2013","巴菲特：对话八所商学院学生 2013","content/interviews/巴菲特：对话八所商学院学生_2013.md","content/interviews/巴菲特：对话八所商学院学生_2013.md","e0e608c7bccfb18be8b7d9324000a0df0979040fb11fe36f2b6f7365afa090e4","document-integrity"
"219","primary","08","综合现场与年度索引","2013","巴菲特：家族三代谈慈善 2013","content/interviews/巴菲特：家族三代谈慈善_2013.md","content/interviews/巴菲特：家族三代谈慈善_2013.md","b70199b7f68dc92b95d2af3871b9c74975163031ff73323354ea09ae1707ad8e","document-integrity"
"220","primary","08","综合现场与年度索引","2013","巴菲特：如何教孩子理财 2013","content/interviews/巴菲特：如何教孩子理财_2013.md","content/interviews/巴菲特：如何教孩子理财_2013.md","4f6d7225998d4eac662c40583b083215ca01ec00360a59be6c0b97a85718bfa0","document-integrity"
"222","primary","08","综合现场与年度索引","2014","巴菲特：对话 IVEY 商学院学生 2014","content/interviews/巴菲特：对话_IVEY_商学院学生_2014.md","content/interviews/巴菲特：对话_IVEY_商学院学生_2014.md","ad3a02eb6556749cdba25e05894c8676d577782a82b4bea4d7f232cdd50042df","document-integrity"
"223","primary","08","综合现场与年度索引","2014","巴菲特：谈可口可乐薪酬方案","content/interviews/巴菲特：谈可口可乐薪酬方案_2014.md","content/interviews/巴菲特：谈可口可乐薪酬方案_2014.md","1699bb9ecbb6e1686f5efea69e80b04fa0b35f545fd4267dc24a27f1827a4510","document-integrity"
"224","primary","08","综合现场与年度索引","2014","巴菲特：CNBC 专访 2014","content/interviews/巴菲特：CNBC_专访_2014.md","content/interviews/巴菲特：CNBC_专访_2014.md","474a8a79fc42a80b9df56b247b402103f234868f3c93883630202e893f686170","document-integrity"
"226","primary","08","综合现场与年度索引","2015","巴菲特：慈善承诺倡议 2015","content/interviews/巴菲特：慈善承诺倡议_2015.md","content/interviews/巴菲特：慈善承诺倡议_2015.md","868eca8be04e2c449258b963569294f8c69baf376c6936b48c57c7fd237dafea","document-integrity"
"227","primary","08","综合现场与年度索引","2015","巴菲特：对话 IVEY 商学院学生 2015","content/interviews/巴菲特：对话_IVEY_商学院学生_2015.md","content/interviews/巴菲特：对话_IVEY_商学院学生_2015.md","f07fc2c26cc3d8af65a9712a72a319c036f9c5742b46b0494e8afb062aa32cea","document-integrity"
"228","primary","08","综合现场与年度索引","2015","巴菲特：追忆唐基奥 2015","content/interviews/巴菲特：追忆唐基奥_2015.md","content/interviews/巴菲特：追忆唐基奥_2015.md","69d88c061d10fd77a07c013711e928f2d76867f9e58a6753242e54405874453a","document-integrity"
"229","primary","08","综合现场与年度索引","2016","巴菲特：对话八所商学院学生 2016","content/interviews/巴菲特：对话八所商学院学生_2016.md","content/interviews/巴菲特：对话八所商学院学生_2016.md","55b50883da000232d505be99c254ce3166d3792df27c670210c59885f3edae2f","document-integrity"