volume,path,title,chars,hash
卷01,content/people/查理·芒格.md,芒格（Charlie Munger）,2607,c315e3777968c409b3f41a36a7fb491b79aa1539ae3462253fa430c6c3b151ac
卷01,content/munger-archive/life.md,生平,1299,7d4090b648db076e2a49bb1b02f760172a6b6756ab996bfdc55832e8edf3e6eb
卷01,content/munger-archive/family.md,家庭,809,3a8d0c9629abdd786f9c63224b3fa576bba55d6b0dab7085557cff6aad4dde73
卷01,content/articles/munger/查理芒格：伯克希尔的总设计师.md,查理芒格：伯克希尔的总设计师,859,74eedabefdbdd96516821ff1108c413ae2cc91cd7a3ae403cfbd3058d61b6631
卷01,content/munger-archive/companies.md,公司,1472,b297bf1068720c4ad4a2a7d2c680b3ed23ba4e8ec11e0e36aefdad229e7fe07e
卷01,content/munger-archive/investing-philosophy.md,投资哲学,1551,acb8725feb1a95b45f34640d2089e9bfc18efeac6d994cc9e2e209f657f147a3
卷01,content/munger-archive/architecture.md,建筑,1238,b3e3c9d23d9309933438d816bfc8d883f5cbb86ca0efc326635556fa6e2218ee
卷01,content/munger-archive/philanthropy.md,慈善,999,27093220e15079d2269c5e90d62d73ce77e188dda2ac5075ae180e65d7e88faf
卷01,content/munger-archive/books.md,书籍,6754,2bdb18b85e95e8aebb3de04995df7bbd567982135bb09ab55728a8c04c25b456
卷02,poor-charlies-almanack/poor-charlies-almanack-forewords.md,《穷查理宝典》——序言,4669,413d7a5c80f738f1e7de06647aa796560bdd9f638e0efc801a039529d13164a6
卷02,poor-charlies-almanack/poor-charlies-almanack-chapter-one.md,查理·芒格肖像,8538,ffcf4003ab5c99184060513f9c6536e4dd5d2074945646980d4c956db70753df
卷02,poor-charlies-almanack/poor-charlies-almanack-chapter-two.md,《穷查理宝典》——第二章,6964,e53935c666c8d2fbbd87a848717c30c322c91c064f84c556b8aa2b17ded89b8f
卷02,poor-charlies-almanack/poor-charlies-almanack-chapter-three.md,《穷查理宝典》——第三章,9554,d872164a25fc0cb2c1b0bd57fcf8c85ef11117a8a5ee1cf8719b67cebe9f0312
卷02,poor-charlies-almanack/poor-charlies-almanack-talk-one.md,芒格：哈佛中学演讲 1986,4365,f41ebcab5f8c989ae77603dce736fbf58d68cc8f2e3f8c17fb2aefec3f7a9263
卷02,poor-charlies-almanack/poor-charlies-almanack-talk-two.md,芒格：南加大商学院演讲 1994,25134,de7ad445955fbe0d32ecc5667fb0f079c5fb13ab9df3d0a720b9d7c72813fd0b
卷02,poor-charlies-almanack/poor-charlies-almanack-talk-three.md,芒格：斯坦福法学院演讲 1996,28385,ca486e6eceb5ae221e1fdb026b8a202654443ee2a42b25a70ca73b964384700e
卷02,poor-charlies-almanack/poor-charlies-almanack-talk-four.md,芒格：关于实践思维的现实思考 1996,8505,d5f5012f8ac01acabe10fab1b1e542de8ed85bde256b9cf3a01764fab2f1aeb5
卷02,poor-charlies-almanack/poor-charlies-almanack-talk-five.md,芒格：哈佛法学院演讲 1998,7360,bd74d600c88025ead40c6845d813607cbb780332012ac6fe084524ee6cfab2fd
卷02,poor-charlies-almanack/poor-charlies-almanack-talk-six.md,芒格：财务总监联合会演讲 1998,6934,fd73a76a45821e4883224be4e43727ea2a2787d524294c5af2667597e6bd09ee
卷02,poor-charlies-almanack/poor-charlies-almanack-talk-seven.md,芒格：慈善圆桌会议讲话 2000,6537,262f2e68cc44bcc6334e26e2f6db658bd1a51c5baead5b0378d45dc8365a83f6
卷02,poor-charlies-almanack/poor-charlies-almanack-talk-eight.md,芒格：2003 年的金融大丑闻,9627,febfbbfa90a596e2c85d38d186807f26eb82305dd7b7b5ddd02b7bdc5fac3256
卷02,poor-charlies-almanack/poor-charlies-almanack-talk-nine.md,芒格：论学院派经济学 2003,29519,2dab05d0fe31e2f70c36a6f965691a44afdbc737104cf6cbd09b5f3954842342
卷02,poor-charlies-almanack/poor-charlies-almanack-talk-ten.md,芒格：南加大法学院演讲 2007,13091,2843bb5c3eafb4e09666ee38a657721d9171a504df4dec00eed31d4223bbd073
卷02,poor-charlies-almanack/poor-charlies-almanack-talk-eleven.md,第十一讲：人类误判心理学,9381,276b0ad8c3e41493c4b27059d7f04eb8b3de2a44db61e6595f0f541e8ab78c02
卷02,poor-charlies-almanack/poor-charlies-almanack-recommended-reading.md,《穷查理宝典》——推荐阅读,1456,ca6d3199b51b239c57ab933cbd5f58a294ed97094a5502dc88bb53d86c80ea11
卷03,content/qa/Wesco_股东大会_1996.md,Wesco_股东大会_1996,9180,255ae5edee294004f0798d84d22c20cea4b8015c816e1a1d16d26391d4d822c1
卷03,content/qa/Wesco_股东大会_1999.md,Wesco 股东大会 1999,1528,8db5b444058602443ca96b7f274c7cec35d42f29a160b4c83e4e3d6c6db2eb75
卷03,content/qa/Wesco_股东大会_2000.md,Wesco 股东大会 2000,1486,e64c7af52d02ee51b9435c4d2f992cff32133803b6aab0d3ca2cb7ed078ba904
卷03,content/qa/Wesco_股东大会_2001.md,Wesco_股东大会_2001,10997,4ae7de9428011a8a3b67ef34f79584cad6f166b3847a6849d6b99d9485ac7e38
卷03,content/qa/Wesco_股东大会_2002.md,Wesco_股东大会_2002,22577,456c89b5f78bfab90720b075dca5c7c4cf164836773c56cec97c3d317d26d8c6
卷03,content/qa/Wesco_股东大会_2003.md,Wesco 股东大会 2003,1360,2e65d3a8518146cb0915676ee337a01534e0c68eedf10ac6c4c325c96e49d758
卷03,content/qa/Wesco_股东大会_2004.md,Wesco_股东大会_2004,21874,cca5d2d85d34554f05268694fc9b04b3864f0af7b16fa4641ef1853a89f4f019
卷03,content/qa/Wesco_股东大会_2005.md,Wesco_股东大会_2005,17756,649b3f888cac79ae497ac0ab42186b9aead70c08fadedce07ae038b95debde08
卷03,content/qa/Wesco_股东大会_2006.md,Wesco_股东大会_2006,17031,dbeeeff3a7faa491c9e9be5b0a7165ae224f0291ce402b63328af94d46a640d1
卷03,content/qa/Wesco_股东大会_2007.md,Wesco 股东大会 2007,1474,ec7b964f05e7fa3734cfb9b8c080b4aa8a114bd9690ca6d1b71a837cd6050547
卷03,content/qa/Wesco_股东大会_2008.md,Wesco_股东大会_2008,16098,0577f7c1881df23ce14c93808f8bffba10c5c84a9887508d09948dfa6dabb460
卷03,content/qa/Wesco_股东大会_2009.md,Wesco_股东大会_2009,13953,4024dbc2984d612706cbd2dfd7dce7d9472fc6a813316dd5129386ec29655379
卷03,content/qa/Wesco_股东大会_2010.md,Wesco 股东大会 2010,1626,96c18662b7248fc66055d8b289156ffd29dd0bec8f7b0cc2ab51cc30b26db105
卷03,content/qa/Wesco_股东大会_2011.md,Wesco_股东大会_2011,17459,ae7fea9ae192d71a7ab3034e5fe409262d3d233ded6a5a328a6abc2737ccea92
卷04,content/munger-archive/daily-journal.md,每日期刊,4809,42c9913e5632a70338414b5b7bc4abcea8855fbfc323892508d41c8b2f96a921
卷04,content/talks/芒格：DJ_年会_2013.md,芒格：DJ 年会 2013,26516,1ccfa00db4f0dd55b7f8852229019226a33ff34ff8512cfd8a9162b47eecad60
卷04,content/munger-archive/recordings/daily-journal-2015.md,每日期刊2015年年会,758,bb0dcf552b3ffd4f70ec4c8855be4b5fe478755ad5b0f5ed33b029b29737df97
卷04,content/munger-archive/recordings/daily-journal-2016.md,每日期刊2016年年会,3774,abf89a06a4e7812ebd4c8886ebeef87df53a5b7db7f2d73ff95b2897fe4c2d61
卷04,content/munger-archive/recordings/daily-journal-2017-fireside.md,2017 年每日期刊大会后的炉边谈话,1335,15e89dba38772c65d04b83a23f64e99e1835271263108e992eed0029e3b5fc66
卷04,content/munger-archive/recordings/daily-journal-2017.md,每日期刊 2017 年股东大会,1330,b69cde6b73bc8e1832897e027cc30b08b0cb74c143c7a7d778c3dbdb7182ba80
卷04,content/munger-archive/recordings/daily-journal-2018.md,每日期刊 2018 年股东大会,3827,021508195b366be437c4c21a2d4d039ade8581fa2ee8796192ff070eaab0d135
卷04,content/munger-archive/recordings/daily-journal-2019.md,2019年每日期刊年度股东会,1248,af853331dc63a3b8f94dbed86424ff557aa3ebe49dc6f5c77664afb3a54700c5
卷04,content/munger-archive/recordings/daily-journal-2020.md,2020年每日期刊年度股东会,1225,f661f04ef74f6f942f6eda08d263edce3c70d2bb664c60b4793e01aed014eeaf
卷04,content/munger-archive/recordings/daily-journal-2021.md,2021年每日期刊年度股东会,1217,39ff1e855ec6409bbe41f9662e859e79fe8adefebbf0e71c3cc62cf43328b549
卷04,content/munger-archive/recordings/daily-journal-2022.md,每日期刊2022年年会,1338,67335a0cec7279d362581c8349c571caf83e6a548c96d0483bc4108444a3cc21
卷04,content/munger-archive/recordings/daily-journal-2023.md,每日期刊2023年年会,916,8c412956ac483fb981842e4c8634008fd1e74971d80a3d3fea1381967ad4542c
卷05,content/munger-archive/recordings/acquired-charlie-munger-2023.md,查理·芒格做客 Acquired 播客（2023）,3801,78a6136217b47d2e86e0fcc8b426571675b3a8880849f2015992bb9f775a39fd
卷05,content/munger-archive/recordings/bbc-boom-and-bust-2009.md,查理·芒格论繁荣与萧条（BBC，2009）,856,e97fc656e4970b08726bfd5d63c63b7c410ccffa428191d261bf52b3b483afb4
卷05,content/munger-archive/recordings/berkshire-2023-annual-meeting.md,伯克希尔-哈撒韦2023年年度股东大会——巴菲特与芒格最后一次同台,858,c944b166e4bc3f54917502d721be642f23c6e091714b9bf4100b58f21a76198e
卷05,content/munger-archive/recordings/caltech-2008.md,加州理工学院杜布里奇杰出讲座（2008）,1061,31a55fb204cc0be0147255f6c60dc68d1407a5f56ace40215bee17daf3ce0e74
卷05,content/munger-archive/recordings/caltech-2020.md,与查理·芒格的一席谈——加州理工学院杰出校友（2020）,1101,0a9fd41c7502c9c13aa204ad8ea3c5bb0e1b58995be08be779fa970fbbae13a5
卷05,content/munger-archive/recordings/cnbc-2019.md,查理·芒格谈投资（CNBC，2019）,912,3421754c363c4c019b0c33d7c99603b589ce0c6f53e054bc05af42ce7bac52b0
卷05,content/munger-archive/recordings/cnbc-final-interview-2023.md,查理·芒格的最后一次CNBC访谈（2023）,4083,414307cb66922e41892ef13ed75b3e1744b9106ae65b610e6d896150688ea4f1
卷05,content/munger-archive/recordings/invest-like-the-best-2023.md,查理·芒格与约翰·科里森（《最好的投资》，2023）,1526,92572ce9720f31ea8b12d7015433997169dbf9a0cfc1422d630322d7bb74a95b
卷05,content/munger-archive/recordings/michigan-2011.md,与查理·芒格的对话（密歇根大学，2011年）,992,9be18fb657c2eed397c6fd88826c9a71691cbfe9a505beb9e8781a0368ddf7ae
卷05,content/munger-archive/recordings/michigan-ross-2017.md,与查理·芒格的对话（密歇根罗斯商学院，2017年）,1082,531d8e4f5209a8345fb0a28d209b79bdba4ff5622ac7b89a46fce8cd94c724e9
卷05,content/munger-archive/recordings/munger-li-lu-2018.md,查理·芒格与李录谈中国（2018年）,1082,92a07b47ba89e4502f5c5a48e7dad120d3ad53908a56102e5d482f65d1f4bfda
卷05,content/munger-archive/recordings/power-of-partnership-2016.md,与沃伦·巴菲特合伙的力量（2016）,895,c57f1d03f64c300f0cacd2212a52437c9a3f616f84ddb073c5dac8c2afbcc329
卷05,content/munger-archive/recordings/singleton-prize-2022.md,论领导力与资本配置，与托德·库姆斯对谈（2022）,1075,4dedc1a78ffe8704265fec26591e7cba24fcd4ed8bfafed04b019ac9084d1b17
卷05,content/munger-archive/recordings/stanford-grundfest-2009.md,当前的经济危机——芒格与约瑟夫·格伦德费斯特对谈（斯坦福，2009）,839,e6bbee912c0544a0aac52374f0542ded974a36215c7aba3341b6cb25d697622f
卷05,content/munger-archive/recordings/wsj-unplugged-2019.md,查理·芒格，畅所欲言（《华尔街日报》/ 杰森·茨威格，2019）,2282,869ce22ddd00430a22594beff116150ad738ccd5b224e141d2371da8b26da5fe
卷05,content/munger-archive/recordings/yahoo-2019-china.md,查理·芒格谈中国崛起与埃隆·马斯克（雅虎财经，2019）,963,361b6b0cb85c6fc5cf57e3508edbd14ec7d87a0f13b20cb0df82a0010cfe0f2c
卷05,content/munger-archive/recordings/yahoo-2019-wealth.md,查理·芒格谈投资与成就财富的人生抉择（2019）,956,a6388f0637bc654cf0ba74d36b1c8723f9eb060ff17041e621c8e0ea9c08d9ac
卷05,content/munger-archive/recordings/berkshire-hathaway-annual-meetings.md,伯克希尔-哈撒韦年度股东大会（1994年至今）,1368,a2dbb636e29be721d51f314776711587e4314b4f83caa713700f931af7d56a66
卷06,content/models/avoiding-ideology.md,避免意识形态偏见,8967,d00974f138a6da5138c3cf52c980297e19013d9ad30f7de589fdb0478a894c50
卷06,content/models/avoiding-stupidity-over-seeking-brilliance.md,避蠢优于求智,6729,8afb785b8a53c442fe3e1a6771c7f60ed350182966650bfd407f2fb23d78315a
卷06,content/models/checklist-method.md,检查清单方法,7312,41793f0b74f745222fd69988a94b159b5b7eba789784ff2b17fd7c29709f89a6
卷06,content/models/circle-of-competence-metacognitive-level.md,能力圈（元认知层面）,6053,18c5d66168e5e6aa32a00cdb0d9fd8148d8e765c11a4884e23e47e718c06bbbc
卷06,content/models/confidence-calibration.md,置信度校准,6700,39c319ff3fd4e52377a1463350b889f13282f06d747e5f8b9d8b326855f85e96
卷06,content/models/darwinian-objectivity.md,达尔文式客观态度,7216,07ea9e28b73795a8f84f32c3d06c34ab287347700034c7d535e8f042147b62d5
卷06,content/models/falsifiability-criterion.md,可证伪性标准,6889,c17508716ce514e4fc0376abb646946858ff807d6b998eccada2239e70398ebc
卷06,content/models/falsification.md,否证思维,7348,3094cf05c4ee11adbccf5c30751c034b497324d8fb2db83a1189f13878dd7cbd
卷06,content/models/feynman-technique.md,费曼技巧,7317,e12f3da27888b4ddf356f677a537773f9d59ae3c8063b0273c2477fc3493f33b
卷06,content/models/first-principles-thinking.md,第一性原理思维,6619,5335b1a6d23289fd65302bea5772600b1f8b4a6c70ce4fd375cf74b32fa06a43
卷06,content/models/five-ws-principle.md,五何原则,4836,369a695b2cbfb47bd1cb8ff2c0da74a154acd01e728b21132915a3b4cf360bdf
卷06,content/models/hanlons-razor.md,汉隆剃刀,6168,c66c736ae97fcb63ccbb3d213bb8041feef491490a4ff03172cb080cf8b5fe47
卷06,content/models/inversion.md,逆向思维,8910,774c5504390c8f656e8860ddc76594c09ebb658c1f6311ebadfd42d6f5d31469
卷06,content/models/latticework-of-mental-models.md,多元思维模型框架,11592,d0cd13b1317114b977f1859efde6ad9352c40f7f283cebd20e7b4bf8d32e9850
卷06,content/models/man-with-a-hammer-syndrome.md,铁锤人倾向,8141,aeee533dee48f572dfda92f9de55b514096849d30f13326ba1918744deb07a9f
卷06,content/models/map-is-not-the-territory.md,地图不是疆域,6301,879dd9f4eaede495e0c2a0b422f9a0dbcfa51b9e0e36e3653e74e408fe17387a
卷06,content/models/multidisciplinary-approach.md,跨学科思维,8143,eaafdc1861e4ccc63fb5959b2286828b95f65455e5cf6d9aaad724d6c75bf0f3
卷06,content/models/occams-razor.md,奥卡姆剃刀,8270,f4bfac9448ac6e72efb2b876880baa2c6a1163808ebc8625b2e5d06f51188ddb
卷06,content/models/physics-envy.md,物理学妒忌,5739,a7f12bd6631ecff65f27035e0f9128d9d88bdd96d7f05efb7b32e59e6d4a8038
卷06,content/models/pluralistic-ignorance.md,多数无知与从众谬误,5961,2b57ccdc6ce17c6e5358e4a4d6087a685d6f599f711e3486e23dedf4354692bf
卷06,content/models/premortems.md,极端情景模拟,7018,e15841935d53e3af661cb584b760438b21a4d8cc73ddf9ea695c795a95e1322d
卷06,content/models/repeat-what-works.md,重复有效的行为,5630,1cfd514a1a14496b6c6ac633e143dd8729385e7c4298112e9ead251b9116940c
卷06,content/models/second-order-thinking.md,二阶效应,7050,bcea91a1765d8fc0668263923305cb814b12f5df8b651e5d0ce99c7c2c277a0f
卷06,content/models/thought-experiments.md,思想实验,6104,6b2a2a3151179b4a84c2b0302a9e88ac870d1d14c73c8039135da19b7adbfb80
卷06,content/models/two-track-analysis.md,双轨分析,8062,b0b8f53604f9cd0182a5e991f1b1fc71a93968edf5aed45328e8e9242ba1fe31
卷07,content/models/arithmetic-expected-value.md,算术期望值,5967,92546d654ce2f29be8ef4308ee4c1d0eeb3d0fda0e3350c0bd3fbc059b42068f
卷07,content/models/asymmetry-convexity.md,不对称性与凸性,6480,a4d56798aea2a334b195348ab2acd3f03155be46411d9992585e818f418925f1
卷07,content/models/basic-arithmetic-order-of-magnitude-estimation.md,基本算术与数量级估算,6272,be5902c7e5f1bd6960f8cdc216f84accba7bcc3451b283b9ba7f71400fe1d336
卷07,content/models/basic-game-theory.md,博弈论基础,6712,1771908a93d7526612594f5449cb466268ab8a91221ac24b02f5b3b5ac5208c3
卷07,content/models/bayes-theorem.md,贝叶斯定理,6512,5d55e0a36f04821333db1e590bd0dda7be22105fe85370534006a3d83b0f6b47
卷07,content/models/compound-interest.md,复利效应,6159,94a0b50ec29968c58d32de24a507d7710de7ecc1d0b60458d006993f4de165f7
卷07,content/models/conditional-probability-base-rates.md,条件概率与基础比率,9070,175817fb305c8830fe893c76a0e6850e8b5b08679acc7331780ba3efd151f027
卷07,content/models/correlation-is-not-causation.md,相关不等于因果,9282,963458d4c065374a422fa964e38f90527dee293f069633853453125e796a7b07
卷07,content/models/decision-tree-theory.md,决策树理论,7005,c186b2dece10649c9cd233865699324ea276382a0d91a1de2af6cc116655676f
卷07,content/models/law-of-large-numbers.md,大数定律,6955,4f8ca7c71fadafa5c57126483473e629af213b3d1a98b514cf0d68f3de1d67f9
卷07,content/models/limits-of-extrapolation-nonlinearity.md,趋势外推的局限,9042,e1bc8a169160b2bade591764b360a852317a7616515e1682bad1465ff3b7d051
卷07,content/models/marginal-analysis.md,边际分析,6441,09e221cdcd17a6b37a3f3f3d1b282ad8ac1473a1f8d0b343c1a16a1f6a32920c
卷07,content/models/multiplicative-systems.md,乘法系统思维,6810,ead4adf8036cecba01f5fa5b4bdc79c1ce553b0d2e3f2ddf41fb1de3ab6610bb
卷07,content/models/network-theory.md,网络理论,8758,2e758eb386f7b67088bd16fcbdef0fbd97296fed7343f55eb823e77d1dcb8c40
卷07,content/models/normal-non-normal-distributions.md,正态与非正态分布,7117,00fadfe2d9dec5cfc545793e35e487f6e4ed9cba3b36dade532b8c445ee6e03a
卷07,content/models/permutations-and-combinations.md,排列组合原理,5857,f84141c1e3cd54462dfd8b1eb12dd253757ed110f109df51f2f593c6078374de
卷07,content/models/power-laws.md,幂律分布,7477,44da77e292e25effbe17563d14c4fbf9b338bb3694a267c17111cbb4dc1abac4
卷07,content/models/probabilistic-thinking-expected-value.md,概率思维与期望值,9093,c2aa02dd2ab79b7bdf13d08a655b569955f0b46f7c78139168e501d3fda4eb0c
卷07,content/models/regression-to-the-mean.md,回归均值,9616,11410e614b8a885521685ff399ce213319db66a8b92cd8eabc058d9fec2a83a6
卷07,content/models/sample-size-statistical-significance.md,样本量与统计显著性,8096,2e1767565037d3c873db82d656f6a557f5d9f13f1e69f9cfe7d7055ce8325593
卷08,content/models/anchoring-bias.md,锚定偏差,7146,07f88a93040298611cf3ebabaa6b1262cee80c2291d76b7f89212bc0f5fdb580
卷08,content/models/authority-misinfluence-tendency.md,权威错误影响倾向,8701,e193b785bd2102f94884d8732617e9a43adbddbebb6a4e5f57607d674d3d1fce
卷08,content/models/availability-misweighing-tendency.md,错误衡量易得性倾向,7306,451fbd2362d0753c22b936510ea31d001a4ae27087f14bbb999dbc6e050e6401
卷08,content/models/contrast-misreaction-tendency.md,对比错误反应倾向,8483,ddb42251d74be97beee39382fb04d78621a0307d88f9241925d26249a7ee97d8
卷08,content/models/curiosity-tendency.md,好奇心倾向,636,4ed31e5c9ce44d1ecfb4e279c161b51b0feef03bddb5ba6153b791e3dabc955e
卷08,content/models/deprival-superreaction-tendency.md,被剥夺超级反应倾向,9041,cda5294b153aa66f75a50897759191da1f81ca95dca8edfa9e520a8e8e8d0e37
卷08,content/models/disliking-hating-tendency.md,讨厌与憎恨倾向,7542,033e1f002660ab26ed73c5ef9dc2bda8dcb9aa83eb08ae79cae1b73a29843760
卷08,content/models/doubt-avoidance-tendency.md,避免怀疑倾向,7252,3fe12f406c2ff876b912d12c2ef6669b793bfe070c5cc34147300f6dc81237ea
卷08,content/models/drug-misinfluence-tendency.md,化学物质错误影响倾向,7234,1bec05717da98b607a37391e1f5ba50987f236f53f01b7760896789be37e638e
卷08,content/models/envy-jealousy-tendency.md,艳羡与妒忌倾向,7328,7894af33f4b15493a72e50816ba7570773b0940ae639bf1ba0752b3d921e4220
卷08,content/models/excessive-self-regard-tendency.md,自视过高的倾向,9024,644bb050b46b7315214679f4eba2ff91b94e066dce17582dbd2db4e33e09de29
卷08,content/models/herding-behavior.md,羊群行为,8109,34d89634a5a6f19f6a3e8b2d89044ca4004c6da9e220d18bbbb714c748d7f148
卷08,content/models/inconsistency-avoidance-tendency.md,避免不一致性倾向,8025,4abe2d22b67ec0deb9146824120c377724bdbcaeb34159a6fa32b98de923bf5b
卷08,content/models/influence-from-mere-association-tendency.md,受简单联想影响的倾向,10977,c3b3bd75b05cb57f0934df9ce72fde61a34f369853b839555e95758263f73de4
卷08,content/models/kantian-fairness-tendency.md,康德式公平倾向,8887,8a34bcd4e598b7c4b91946be16431f2b50bae596f9fd44b9614d8ad07cfd7771
卷08,content/models/liking-loving-tendency.md,喜欢与热爱倾向,9542,26628a12eb223ded586940cf914056fdaa2b30cafdd77b16bfa46107030d08a0
卷08,content/models/lollapalooza-tendency.md,Lollapalooza倾向,13433,4268270d81a93d03e9969a9fb15dc80d5cba5352afbb0ffa9308e81a7d60d369
卷08,content/models/mental-accounting.md,心理账户,8374,942430dd2afb38c48367ca587635ff5937c0301a7e5f5ddb867b6aa2844b0a42
卷08,content/models/narrative-fallacy.md,叙事谬误,8227,3ff4a41fe09e6328791581b2cafa67097383810372d7508d2d9ca26514a8bac0
卷08,content/models/overoptimism-tendency.md,过度乐观倾向,8102,01f91ce43954a783ad947098f4ab371a9dc2445f881b034ec09bd8e4a2274b92
卷08,content/models/psychology-of-human-misjudgment.md,人类误判心理学,3099,7ab38bfc5684fc66ae703e89d3390b7c2b6ab8c9ee106a045e0656e7310d3f5f
卷08,content/models/reason-respecting-tendency.md,重视理由倾向,8537,5d2c5d3cb15cf3d9b7d66445c697c7073ae98ad4ec62961f6e49d8edce7ae006
卷08,content/models/reciprocation-tendency.md,回馈倾向,7428,ccd0b2977e3afdbdcb4abf0546305eff04371ae9caeaf3d4753da612acc53954
卷08,content/models/reward-and-punishment-superresponse-tendency.md,奖励和惩罚超级反应倾向,7998,85f0dafaf39e7837a1d730c4392e24762e93d3006e7467c5a1118b9ff064e924
卷08,content/models/senescence-misinfluence-tendency.md,衰老错误影响倾向,6177,a2f3ae4149b1643c592cd869c3bff22c3540f19b89eda666a6378f23488e2e00
卷08,content/models/simple-pain-avoiding-psychological-denial.md,避免痛苦的心理否认,9519,849da70cbe00b5ecb54d394ffeb07c04411b4e4b3456e3ca66904622b3f5e7c9
卷08,content/models/social-proof-tendency.md,社会认同倾向,8462,c6168521eb214855a583bdbf8a1690515118a2352d68928efbfb68b113b6f442
卷08,content/models/stress-influence-tendency.md,压力影响倾向,8000,97ae8b883eac635fe61e935d4043c5375e3a03ef623ec3de640e3512c1ae3570
卷08,content/models/sunk-cost-fallacy.md,沉没成本谬误,7571,2b1d0edecb258cf41b7a6dc5ea1a5a3ccfac5b9990b5bd0fee94c7c68cd28963
卷08,content/models/survivorship-bias.md,幸存者偏差,7124,df05f1af1a84f0576631ec94674b5d3e1b5fbc82f239618675dfbe2cef8dd155
卷08,content/models/twaddle-tendency.md,废话倾向,6679,20b71a3e1407703eae18c9df6af27fc8f95114c9eae3134920cf8cd845876095
卷08,content/models/use-it-or-lose-it-tendency.md,不用就忘倾向,7073,5e5d27b6d3f0c01fe16458c221eccf3eabbf7843390456d632b89f7ef307193f
卷09,content/models/adverse-selection.md,逆向选择,8095,7c3e8d2335de086ad7662043b6251163d9a32a1df23a8710249cbf3160a422ec
卷09,content/models/agency-costs.md,代理成本,7558,3913b0cbdcf7ffe02b59d2806832bfd0c2e056932725c3b7528100bb04dd85a5
卷09,content/models/asymmetric-information.md,信息不对称,6837,cbd434c0c925dcd268c45476a6a21bb1a83485bf2985d0f025242288a6505580
卷09,content/models/brand-power.md,品牌认同,7589,3c13fe17651ec15185b892a8ce9fbc620e6f558ebc020d69abbc99b750482644
卷09,content/models/circle-of-competence-management-level.md,能力圈（管理层面）,4966,f18062f7ca708426d7005f8a98066217f4aa38ad96a4879f02bc783d8a95e6e6
卷09,content/models/comparative-advantage.md,比较优势,6339,ddb85e47be56183eaf19c147b4a9fbe191a62892259af71dd926aa30dc0848c5
卷09,content/models/competitive-destruction.md,竞争性毁灭,7233,1ef37f9e7327f093da6103a36fe54115d123fb5eb07545aac8df1e1808c2f0ca
卷09,content/models/concentration-less-is-more.md,集中持仓,6870,7ec2923e6829d61d13f0cc5bb6f93f58346c8acfcd27b43c64b9faf470febd07
卷09,content/models/corporate-culture-as-asset.md,企业文化作为资产,7144,9582264feb5cc7e19d63a21a2bb6b5fb0099dbf305f4aecf7857004effce2de5
卷09,content/models/disruptive-innovation.md,破坏性创新,7584,e06d03efb665c1556234518312a3ee1b0bce08f1b554957962ce64f046d81903
卷09,content/models/economies-of-scale.md,规模优势,7237,86b675065ea6a1db3f3252706c64579cd7a5b747b1f70e864da0d25a7cf2a84f
卷09,content/models/externalities.md,外部性,8078,e561e118999731db492e343875c474f263704d3b7555578e590c899ae43fb556
卷09,content/models/flywheel-effect.md,飞轮效应,7733,9e8e3799c1b7e5071c91f029ac2e552aa80bc6d5989167e3ac07d6149b6160a4
卷09,content/models/incentive-structure-design.md,激励结构设计,8503,4e76e3fb9aacf25b883ec064939dd95b2f19614939cd743ea921d17637799201
卷09,content/models/incentives-economic-view.md,激励机制,8001,3890515300a5342b29378f93491fbc0facb465b4b78306cdea8222c87ebb513b
卷09,content/models/intellectual-property-moats.md,知识产权与护城河,8219,a5a84c77de9d9e59883eac5d789e3e0e8395378ac5bdb4349cc8e4757d149a05
卷09,content/models/lindy-effect.md,林迪效应,6536,466e2256610859c61aa3db7ac9ff35aefc6f5dd2635ae9ab12853c5480218f04
卷09,content/models/marginal-cost-marginal-revenue.md,边际成本与边际收益,6322,08eaee7bcb36adedb5cfa16130e12468026fe3dfd695b157377bdd9da2e89f57
卷09,content/models/marginal-utility.md,边际效用,7005,82c20b718f176f83b466324dabc6d9e27a5027deefa972ff97c6bccac2c6dc42
卷09,content/models/moat.md,护城河（Moat）,9563,9ca837b61418217f9c71216db762d5232280e2fba5d34d61024e81274e5db367
卷09,content/models/monopoly-oligopoly.md,垄断与寡头,7819,bfcd503f5796379a1ea3fc70abc8e5619f0f60e5f406ca365fce8157e528a9e7
卷09,content/models/moral-hazard.md,道德风险,7451,1cfd42374ed6ad0f1b04ff6bdebb5e80176dc2e89eb4e1053c25e8333dd86ec8
卷09,content/models/network-effects.md,网络效应,6992,296ea07fadd170ecaa39b08db36b465d1d9311f8a3276051d0183a652e50f0bd
卷09,content/models/opportunity-cost.md,机会成本,8797,be202f141e04b0fcd7f34ca3e949f0ac63148b5b6c5f8baf0c7f523ec61adf18
卷09,content/models/patents-trademarks-franchises.md,专利权、商标权与特许经营权,6141,240d13dae5b74426f3e9aad91875b7e8337ec0fb413abfc4ddd51f96c49f113f
卷09,content/models/price-discrimination.md,价格歧视,6369,7f7ab03d16a30bb6a846b5eef5b1e624d7af16c7be3ce02a8b65894f25d9b299
卷09,content/models/price-elasticity.md,价格弹性与定价权,8315,aa8929d5a4b7a857535fd8fe50d1f5d764246c9136ef6e5870bd856cf6df4fc1
卷09,content/models/principal-agent-solutions.md,委托代理问题的管理解法,7517,9b189d05e44bc99719b436de9c7610e7c382eff9ef8cf765361d0e88fad069ac
卷09,content/models/prisoners-dilemma.md,囚徒困境,7244,6956dfa2aafce85ca5656773a023ee0ac65f0cb45150a528cf9724a445b2fab4
卷09,content/models/regulation-as-moat.md,监管作为护城河,7278,5a07f72df759995fe8396a399d80fd9eb84824bab1eedd61a125a685be0ba7a6
卷09,content/models/rent-seeking.md,寻租行为,6705,99cc60266fc6a18a307d0081b612333e7ed987763939d9bd84b6d4d7410dba2e
卷09,content/models/scale-effects-management-perspective.md,规模效应管理视角,6956,8d0d977bacffcb5a99c23fb0691a1120fdb5d95d5c8c058925938bfb7d6336cb
卷09,content/models/seamless-web-of-deserved-trust.md,值得信赖的无缝网络,6824,0cdf6dc698f6d2e34e4d342c6aee39fc282edb7b072e6b05331c706d269ed44b
卷09,content/models/search-costs.md,搜寻成本,5341,974aeedc20d24de29ca3bfab634911a3b253a1576a6c639b114298037c5e65fe
卷09,content/models/simplicity-in-business.md,简单化在商业中的应用,6364,0a8bd7fab2d69f588d79e790853afc9228403b702d08f8d214f4eb37577fe5fc
卷09,content/models/sunk-cost-economic-perspective.md,沉没成本（经济视角）,7592,29e553a8ff7bb19194f125667bc09c5bca7aaac71d8c364b4808de3920427025
卷09,content/models/supply-and-demand.md,供给与需求,6726,2732bf9d3dcd7252ae8af2cd2844d2ea6561189daf54b14e2158a2b6c1c88d1b
卷09,content/models/surfing-model.md,冲浪模型,7762,09382f051755a58ef11ec64999d442a46f8ea5e8d3824262f7ea84d96b3e8190
卷09,content/models/switching-costs.md,转换成本,7609,9e4f36a65a244afc62989c77c4534d93e3c4d9e736b39756b9b579788dcc0936
卷09,content/models/technology-help-vs-destroy.md,技术对企业的利弊,8154,1f2885c0579d1f0e971eb30180abbbdf7374fe2354a68b444bb2604c2e16440f
卷09,content/models/theory-of-constraints.md,瓶颈理论,7448,d9eb5889d003804159aeea9436d3fea9665b2ab981d7412e09af15d2c1845857
卷09,content/models/transaction-costs.md,交易成本,7400,e2c1634f56b9b13de559feff51dc10d274359aa91684bf68c103feb3a2a471e9
卷10,content/models/accounting-as-language-its-limits.md,会计作为商业语言及其局限,7148,7556f93e97bf31bf7eeacf984466ce9ed1fe7eb67a92bdbbb48a1b574d564883
卷10,content/models/audit-independent-verification.md,审计与独立验证,8343,07f9940103d216e22b49075fb3e97452b2a9c95ae5142cbfb1117ae377d31bc8
卷10,content/models/bet-seldom-bet-big.md,少下注下大注,7929,e03478fb0e8a2ccdfa332c771f30ef675302fd7459e1ca27a88170f5f8a61658
卷10,content/models/cash-flow-vs-earnings.md,现金流量vs利润,8379,b8aec20e959eb3317e0fd3027ed85a9be727d2e0af3f586613dd16ab20f7c6d0
卷10,content/models/circle-of-competence.md,能力圈,11471,f25b115d3071fa34158a470b5938922fb95cd681894ae35e9bc93fbfd11cc348
卷10,content/models/deferred-revenue-revenue-recognition.md,递延收入与收入确认,7516,f09d9243006d595c1e67965ce880421eb6834c8cf8c8a5e33c11d02a88600f4d
卷10,content/models/depreciation-amortization.md,折旧与摊销,6437,e902bd593151480e383f87f633ad99a3d86435af0a08235b5eb50373e65db635
卷10,content/models/discounted-cash-flow.md,现金流贴现法,7226,6aa52f1c145320c44560067774f3c250195f21136f762f8f38f25107f72a9a31
卷10,content/models/double-entry-bookkeeping.md,复式记账法,6629,83f85f555a4a5dbb3454944eabe1aa943913e33fd43803b3a06f4248d5c9be16
卷10,content/models/goodwill-impairment.md,商誉及其减值,6911,3b953421f0452dfcb794c3ed4eb895c85df4d24f73f0b1feb12126a51e6eb96f
卷10,content/models/intrinsic-value.md,内在价值,7994,0d3817c6954d56fa25e979b5c3a3da0a4acdf5f40f7f2662894d0a812f566962
卷10,content/models/inventory-valuation-methods.md,存货计价方法,6390,6c4abcd54ea2d9de569123a37885535fd72ec7f1a8e0982c2dbcdc526760ee56
卷10,content/models/margin-of-safety.md,安全边际,8408,db1a256da91c176f8315844603d7b883196ab1664cc2682c1e07cc60485ee708
卷10,content/models/mr-market.md,市场先生,7061,d0d5630423b6c8322f0574efc99edffdafc544a914833c3ebd4b9c575b58a883
卷10,content/models/off-balance-sheet-contingent-liabilities.md,表外负债与或有负债,7439,75172d0919e9ab2764416bdd1afad796fe949800325cd39a73a8628f4886876d
卷10,content/models/opportunity-cost-in-accounting.md,机会成本会计视角,6773,adf817b3d0fc72bb5e95b890611bc0802424239aee0cf2eb8a1cb144e6426dbd
卷10,content/models/pari-mutuel-system.md,彩池投注系统,7951,fa2a2e46485e64b316583bfca24d37cf8c6e47d7ed970f14e58726055f357b9c
卷10,content/models/sit-on-your-ass-investing.md,坐等投资法,8492,17d0d710c907e550eb9a6ad35703e096e1caada2832966eca495ed56aa98e94a
卷10,content/models/sunk-cost-vs-marginal-cost.md,沉没成本vs边际成本,8041,0c0bd5cd744736b044fdde7cc2b03f067d62f1941647705bcb4a21dbae173d07
卷10,content/models/too-hard-pile.md,太难堆,6745,b8e5b870f3d8c10ba85b097d1b7ba56d919ab0fb486278d1dc2c1c07c8488d51
卷11,content/models/action-reaction.md,作用力与反作用力,6065,767b9e73de7ed916fe35f4b60eec3bf0ad68213d41914e4235c1d8da91851e49
卷11,content/models/adaptation-path-dependence.md,适应性与路径依赖,7013,ec2beb4955454aab0edd84311b10fc0b3f5e5ea28b3f426023dcce6e1264cc45
卷11,content/models/adaptation.md,适应性,7407,49946277c81de7a0817f760da5b8d9b9ef358f339f585aa89c5c33754c7d6c1b
卷11,content/models/adaptive-radiation.md,适应性辐射,5060,ef3ecdac17b1ff7008779d9e38c8b0a2744d8604ee924ceb3806694f128ff543
卷11,content/models/antifragile-design.md,反脆弱设计,6837,2884bfefd7537534a543daa64e0a38054a18fc2e1ec4b9134299b1de4644241e
卷11,content/models/autocatalysis.md,自我催化模型,6527,b1582d7b951000069ece915b0039b2bcb95a9ab1649f1d981afec47139c063f0
卷11,content/models/automation-checklists.md,自动化与检查清单,6721,9bacb8c4295b34d03eb25d8fb44d317b6d17ee7ecb2a1689e7590e5bddd331f9
卷11,content/models/bayesian-updating.md,贝叶斯更新,7337,d0ef0e139ef410a425aae2e28596298dab91712d0d62cd87ff1dd2f88ad2511d
卷11,content/models/biological-redundancy.md,生物冗余设计,5625,6395230ddab29676e0c958e310455673a3f9409166107dbd71b41ec2369fc1ca
卷11,content/models/bottleneck-effect-founder-effect.md,瓶颈效应与创始人效应,5580,16b608040c444a95bbeb75168bcd930ccc81f7f6eb02dcbbfce2406a8326afe5
卷11,content/models/breakpoints.md,断裂点,7007,8ece898188535fc208365928a1badb72f2885b469665b63f2bbb645240a1f3fc
卷11,content/models/catalysts.md,催化剂,6253,dd753de0a0c56add4cb9f62b56eee80ccceebacd55c60445d4fb1f3e66226905
卷11,content/models/co-evolution.md,协同进化,7138,de02c779a45286660ca3d0530bc27dec03bd96e30eb89adbf6ac513ffcb92715
卷11,content/models/complex-adaptive-systems.md,复杂适应系统,8057,f24118d2ff39adf77c26e18f9a0c6fe7ac64b5a558a7b27607d3c74633236bbc
卷11,content/models/complex-systems.md,复杂系统,9219,28bbe494f3ce40c38b76fd0f2cdfe57d9aa999bc177a2089863b935171ca55ff
卷11,content/models/conservation-of-energy.md,能量守恒,7309,d616d6324469204893fe40febfdb2f3f7b6c9a0585f92a1cf5db05b6f51ad192
卷11,content/models/convergent-evolution.md,趋同进化,5529,1fb6347e99692ada193c90fbd9bf788e773455f6052470a1442364b969ec1654
卷11,content/models/critical-mass-phase-transitions-in-systems.md,临界质量与相变,7385,d277e0dcee6955aca88a597ac6582cd604f306693cc2e71d2dd7d514a36efdaa
卷11,content/models/critical-mass.md,临界质量,6136,cc0ee83d344ccfbd90abdc97f7606a56c3489fc6c86e2a76d6704f8d6b62c2eb
卷11,content/models/delay-effects.md,延迟效应,6866,588201aa22f560a356a6c4ea972b4de06333852e0cc1be13050951b95577c6f0
卷11,content/models/design-for-maintainability.md,可维护性设计,5830,ffda6a4b1f572776ca47451a2d653036fdccc804375711094f27e234853fba74
卷11,content/models/ecosystem-thinking.md,生态系统思维,7383,097b53b1ef29133ae72a364d704ab283e75a5c205f0fe71a46140466b1fb9ceb
卷11,content/models/emergence.md,涌现性,7612,4e2e1af35c0f0f895abec49c5d8c5bc9ceb922b2966a40abf6ccf0491a5b2006
卷11,content/models/engineering-margin-of-safety.md,安全边际（工程源头）,6773,8847a90afee60e7e2c6de4775e585c47201171b280f5f02f74dbc00d2f5c027a
卷11,content/models/entropy.md,熵,8086,63446966d9c5405d9a2f86db6caad2acd4aefe610597c63cfa500f4f6dc47dac
卷11,content/models/epigenetics.md,表观遗传学,6196,565545ccb6a1a968668d2d376eca4a3669063abf76b148a270845833d1ba9ded
卷11,content/models/equilibrium-and-far-from-equilibrium.md,均衡与远离均衡态,5426,865f21200f6254e3f234981614dcd80ec4ec6a8214285c283f7cd0dede386822
卷11,content/models/evolutionary-arms-race.md,进化军备竞赛,7198,00fdbc9fc09c991418f9e92786765177a2faaff2c262f14d99887c86bcbb6261
卷11,content/models/exponential-growth.md,指数增长与种群动力学,7362,86573a7ae9eeee6e28b4dc721f7f68a0afdca66d23addaecb1061341eb6c3654
卷11,content/models/extinction-irreversibility.md,灭绝与不可逆性,7269,09f73bfbcf15c9a1b446c4da5ffbf4c693a71551d10d03778d27b545d68cade2
卷11,content/models/failure-mode-analysis.md,故障模式分析,6148,f917f862645fcb86616ac48f7025dfaeaef608a6a04e35e3556947b3f431d276
卷11,content/models/fault-tolerance.md,容错设计与优雅降级,6529,b213209f195de9c7e050e2cf76b71cb8a4b3495f4f7dc3121cf71cd25713e068
卷11,content/models/feedback-loops.md,反馈环,9911,15842c4b24e72029ef6abfcc39a5a9d0b10d0801d170eacd36bcb105065e46bd
卷11,content/models/fragility-antifragility.md,脆弱性与反脆弱性,7441,f3c1adbcbf408609a78a732b416f73a90bf14041b130eef9fe9c8edc6db2bcca
卷11,content/models/half-life.md,半衰期,6008,1b802245141c04def34fccb8d02ccbf07f5c6b39bad1645d6946473c01695dc8
卷11,content/models/immune-system-antifragility.md,免疫系统与抗脆弱性,5354,93320a8e418774e1831cf26ca78d92d69ad791788789102c3f577c92ff43929f
卷11,content/models/iteration-prototyping.md,迭代与原型,7630,9800c18d705b82e15067f8e6fe5fb3a0cc735c1e54da857a1cbbfcf61701ee1e
卷11,content/models/modern-darwinian-synthesis.md,进化论,6371,41e89e679c89b581fa04a2a6fed09d73d10a0b2307bfa325a2ae7b5d32d78a95
卷11,content/models/momentum.md,动量与惯性,7301,601531db430364262ad2fd6c372a0ea6902a408662775b1580440daf5fcf5cbd
卷11,content/models/natural-selection-survival-of-the-fittest.md,自然选择与适者生存,7443,1e0b61266cc6a58c050687fac50a3a5984d07ba5ba062b82e70ebbed4d588275
卷11,content/models/niche-differentiation.md,利基分化,6469,7868ea4ad62001e6bf91ee979163df9839066022aa7f21885083f7d282f0f911
卷11,content/models/nonlinear-consequences.md,非线性后果,7387,4d10b64ccf36342835339028616b89e30949d7dbe6a1f927f2ef5e8cc8926a0b
卷11,content/models/normal-accidents.md,正常事故,6526,e5e885e2112d89551055fc858b27fb6e68aa22685da2e7a861ce1c0a97064d18
卷11,content/models/parasitism-mutualism.md,寄生与共生,7429,3fae467ac0a0d69388a76187e13419bd0fb34d05f65579d950f6a05c543bfb85
卷11,content/models/path-dependence-lock-in.md,路径依赖与锁定,8160,1eb66a5923a3443437af516be37792ab5ad509ac7c4caaafaa3ac207ad17ed58
卷11,content/models/phase-transitions.md,相变与临界现象,8043,16f18c435ad71e668a6015feeebf5c211993c2f874f0213cd70e203ce2a54fc1
卷11,content/models/principle-of-least-energy.md,最小能量原理,5983,fa6673e71df5ffa582d85749a40c0c92883428dd9188e370b659b90f57e7e8e7
卷11,content/models/punctuated-equilibrium.md,间断均衡,5146,1802626051e41f55d02e13ee6c604c848f81eef20a919d57cd520c7c9ae72cc7
卷11,content/models/quality-control.md,质量控制,7607,ae21d9cf82f93be0bb0428f0c5787a83b8d5f4b9b16660d89223042f8b46d047
卷11,content/models/red-queen-effect.md,红皇后效应,6516,a3e5d9e135c6248661a1b7b5e946c08d0bae03797bf65673ed7ab861624c85c2
卷11,content/models/redundancy.md,冗余备份系统,6348,cb02aacbd0b7969cc144826ab84d1ba8a6bd19d4044d19b425a11fe480780cde
卷11,content/models/resonance.md,共振,5967,1d64558d24817e3d7cdbb0ec734ee739fb00b7998901aa99f3a72683a39d5803
卷11,content/models/reversibility-irreversibility.md,可逆性与不可逆性,7371,70dd1be0742169437c5567129bbc97292b7c06411b3431fb8a2d7f7a434cb607
卷11,content/models/scaling-effects-diseconomies-in-engineering.md,规模效应与反效应,7012,92f645d34cf921258baa52ec6d8d98d8408471195a5b194825a922f1c69f9f96
卷11,content/models/self-organized-criticality.md,自组织临界性,8237,706ec451488b9ddf14af1f490e84935db2628efb601d0853cc25538609a6b7af
卷11,content/models/signaling-theory.md,信号理论,6353,86440cda879abe8d939d74afe61e8bd3784c3c557fa9233e36d123b1e881ecdd
卷11,content/models/single-point-of-failure.md,单点故障,5312,7853d2d5846247e0245e80e5dcd612a5c1e2ec781b985963654c448eabf871e8
卷11,content/models/superposition-and-emergence.md,叠加原理与涌现,6151,0107c13f29246a3df8d1fa73d84b9977ed1c1b5571b327d719101978f6cbe43f
卷11,content/models/systems-thinking.md,系统思维,8528,7eadf15432e43a79503560ef5084b1852b0633dd676dc364752e7256b9c35b4a
卷11,content/models/tight-coupling-loose-coupling.md,紧耦合与松耦合,5773,1492a0567000de207281c598bcf26fa9afe3497cc0dce24d1b9eec7883b83d24
卷11,content/models/tipping-moment.md,倾覆力矩,4142,6b5bc3fe962dc017d5cab5ec6302f5980c53234e2190a0bb7eece63fc58191e4
卷11,content/models/trade-off-analysis.md,权衡分析,6464,0de7b096fe46822c23ab8996467c4d842e8eb5ddb332eb290d4b736e895f0681
卷11,content/models/viscosity-friction.md,粘滞性与摩擦力,6378,8cf369429895eb1600f1138b383ab85e6e2ba18f8002b35aac967ee7afbe7d8f
卷12,content/models/adversarial-system.md,对抗制与辩证过程,8293,5693db5f745287064990c99edd6b851f365ebe9f50b16ff6d18d555fa53bd44b
卷12,content/models/basics-of-contract-law.md,合同法基本原则,6331,0efdd4b4f4824356feb32dc0da1d218d57fcab1b2833c0b2a3c57fcd8e65d343
卷12,content/models/burden-of-proof.md,举证责任与证据标准,8084,fd7c0988e464909dab058c421d8c4e849eb6eb3aaf9cfefcdd657ab292a93dc1
卷12,content/models/consequentialism-vs-deontology.md,后果主义vs义务论,5648,3c5795d55da05c5227c31412046dc2908deb5e734afec0c50367c799582601a0
卷12,content/models/empiricism.md,经验主义,6228,6a934de2fbeb35f34ebc74010004d86165b432aed656749dde94986df4c5067a
卷12,content/models/enlightenment-rationalism.md,启蒙运动的理性传统,6314,902511e28f10acaaaaf9e954ccbe82d7486688efc9cef53d2c85c405ac103c36
卷12,content/models/evolutionary-epistemology.md,进化认识论,7066,4753394f1b0ee5704b1648685655a5e49020e48c4da8e876482337b40fa6c280
卷12,content/models/fiduciary-duty.md,信托责任,7832,7cfc092ee38b60c98c40c350f187b67b40d2b28f9088c9741bbae0cc2537c3ef
卷12,content/models/franklins-self-improvement-system.md,富兰克林的自我修炼,7708,de96a9b527e7dab57f594bd6510cb419606bfb725b3cebd6abe7895cfc444c86
卷12,content/models/historical-contingency-path-dependence.md,历史偶然性与路径依赖,5442,180e19d434b27ff1994fa16d65961b259b0a011db5840aa161ad7a9b08c5e7b8
卷12,content/models/incentive-structure-agency-problem.md,激励结构与代理问题,7448,bc9e9f845316c399b75746ad00d59c021b88dde130579ca0d7a475521fa8bd3e
卷12,content/models/independence.md,独立思考,5442,135e9d58984334ae98c6d8ce926bfd28c1382102bcabd2b8015a8be21d6ed72d
卷12,content/models/intellectual-humility.md,知识谦逊,5164,b3bb642fc3acb283096b991b721932a8bb07b5bf3772c384fb93f1d9cca8a1e8
卷12,content/models/intellectual-property-law.md,知识产权法,5684,4cb8de9a7b113be52f141b73a2898e1ce7cc7ae1b9ace6e11faaec503be26f3b
卷12,content/models/lessons-of-history.md,以史为鉴,7922,9940fd55c420df73eac0092e9159b3373bbfbc4e011e3893ee4cb35613f9b36c
卷12,content/models/lifelong-learning.md,终身学习,5883,302adb1e5a90f5c73600bbbdb15f55f26cf8974dd4b4fac307a3ce73637781f5
卷12,content/models/moral-hazard-legal-view.md,道德风险法学视角,8425,33a838cf247f07a38fb44ab94e8c9f2b5100076025a00c6940840261918855a4
卷12,content/models/negligence-vs-strict-liability.md,过失与严格责任,6749,4d18b356de1784dd165545de7e9f7203c0470cd581317e81b9b455a2601043b1
卷12,content/models/patience-discipline.md,耐心与纪律,5918,5ce3548ae57cd663c00cb0dd1b211ff69db81c2accb3543974a5f9b12fe214ea
卷12,content/models/pragmatism.md,实用主义,6671,381e5020d14946e2fefe397d93d91eaf9f3f45f1bd1d0f4481e60bc18c130385
卷12,content/models/precedent.md,先例原则,8034,1bd20cde62c37e4418035363a5c6aeaf15210a73ef271deac52dc6e136d3ca26
卷12,content/models/regulatory-capture.md,监管俘获,6831,fa6bd201ea05b5e59a22fd15a72eb2c8045cae28fbbfb8a88a60d54ba68c80b3
卷12,content/models/rent-seeking-legal-view.md,寻租行为法学视角,7379,b176c7d77c14e058552370beac51d98aea1e4ea15a6ac9a9de9ae2c089b92662
卷12,content/models/rise-and-fall-of-empires.md,帝国兴衰周期,6008,582e4a3e0d81edb096d05f437e391dac1074d7d3bd9e62d87c206d99fa7c2242
卷12,content/models/risk-first.md,风险优先,5021,8f3d85b9847118f5904f3d5b1026f539480ccf953c5ff49b24ae1a9a0d103880
卷12,content/models/separation-of-powers.md,权力分立与制衡,8398,c6751aa060a5dfa8549040e387c8a0a1be121aa01fd7dafed119bc9d7a988b5b
卷12,content/models/socratic-method.md,苏格拉底式追问,6030,6287cdfd85eb045da94d440b167104fb73827b85a7ed8683639ec578b8a6d5a7
卷12,content/models/stoicism.md,斯多葛主义,7510,95d48125d27743b9859a3bf913f6642fed70f29bb79c9595f08f8f63dab723e4
卷12,content/models/survivorship-bias-historical-perspective.md,生存者偏差（历史视角）,5974,e08e7d747310b5af9ea45bbde228d83a9dac73977f847c59484e5e974adeee55
卷12,content/models/tragedy-of-the-commons.md,公地悲剧,6345,4d0157d06467e72527391c10cea4009c2d445ced7a0ece7ab4b4fb93a6b0fea6
卷13,content/munger-archive/quotes/quotes-avoiding-stupidity.md,芒格论避免愚蠢,10117,4af02441402ca1a1c0ecd24031d0f575aa6b7e4811eb233aa98180c76fa8730c
卷13,content/munger-archive/quotes/quotes-banking.md,芒格论银行业,1660,158f413979e55b030902f7a1303752a8ed2e25d520d9143b7195c8f757dfd3a8
卷13,content/munger-archive/quotes/quotes-character.md,芒格论品格,6128,75bc1a5846058a0d1b00d32043324ba0e4072b67beefd874e15db78501991ddf
卷13,content/munger-archive/quotes/quotes-circle-of-competence.md,芒格论能力圈,2831,8270f0c77e40aa224934572119095d4a593d2bf17a0c803e8231deb16fa895ca
卷13,content/munger-archive/quotes/quotes-concentration.md,芒格论集中,1422,51152829d010378c47a779a211ad328a80a14dfce353cb7f65f0748754d6e065
卷13,content/munger-archive/quotes/quotes-cooperation.md,芒格论合作,603,17bbf57a680fea1347c29d56a0baa70d500edf4b80acacc366765afdd1b40ca6
卷13,content/munger-archive/quotes/quotes-costco.md,芒格论好市多,586,baa4fbe8087bf8c45ae95598976670ba67882fba4391cc6b158bd32dfa6aacc9
卷13,content/munger-archive/quotes/quotes-crypto.md,芒格论加密货币,1581,b52755365fdb4d95e5d1edbb17aa0b3fe6e8234373575c4db4d11754f49df377
卷13,content/munger-archive/quotes/quotes-decision-making.md,芒格论决策,1363,79127b5e6b9cbe761bbb94196dc1147b591d2962c3035b7cccd6d0e60b0d17e6
卷13,content/munger-archive/quotes/quotes-envy.md,芒格论嫉妒,1179,cc8b4929183cf2dc644c019cd9f7babb7d4207e56c13177807598f9767a7def6
卷13,content/munger-archive/quotes/quotes-ethics.md,芒格论道德伦理,4240,9e326502414940355193baea541618d30ede69db4d7c64af5dba9a9eede22618
卷13,content/munger-archive/quotes/quotes-fairness.md,芒格论公平,1002,35d042c4c6c6b4dd72ba133a70b063b81f07614f3df445e643bd77cceb8b5e1d
卷13,content/munger-archive/quotes/quotes-happiness.md,芒格论幸福,2570,7210e0e5627baf1014aa29439ed7bd0673c80b3c4e9fec43f5b0eee1b4323e8b
卷13,content/munger-archive/quotes/quotes-humility.md,芒格论谦逊,2205,a4f1c00a2c0ae3264958954fcfbdd808d786bdbc5278bdc83c7297dc9e0441f2
卷13,content/munger-archive/quotes/quotes-incentives.md,芒格论激励,3648,5d8a6363811f80e2898782b65f3ba7162e91f7a19e8a30208b26f105ccc4719e
卷13,content/munger-archive/quotes/quotes-independence.md,芒格论独立,6782,70dbdf7bf5131e55b2dd4f973ead33b04e2d2697e2dc78fce10d090dd3a50691
卷13,content/munger-archive/quotes/quotes-inversion.md,芒格谈逆向思考,730,a4e709404f0bf54bd7bb116e79e5b271f73e8f7551126c385e960745fc783d23
卷13,content/munger-archive/quotes/quotes-learning.md,芒格谈学习,7391,6cb7fb526017a098ee175b656df19cba31e36753792c18135b052f929e7421c0
卷13,content/munger-archive/quotes/quotes-money.md,芒格谈金钱与费用,3663,995b1fa431bd966318496042bbf530b9420543b514617bc89687bee54b33c748
卷13,content/munger-archive/quotes/quotes-opportunity.md,芒格论机遇,3949,b48dd5152a06a609217f9f31909513f878d646a57c7b3d3c9daf30625424cc99
卷13,content/munger-archive/quotes/quotes-partnership.md,芒格论合伙,1954,960e9bbc97495ad09f0992cb7bed7282428e11527dba87fe31b9747af858e40a
卷13,content/munger-archive/quotes/quotes-patience.md,芒格论耐心,3058,5b0072e97bcf3ee172d6bdb766c26f42f260836dfaf87e96496b074421a9ace1
卷13,content/munger-archive/quotes/quotes-quality.md,芒格论质量与护城河,5207,1048dbc577a2ff828e18b6dbf03660f4e1b20787d0960200ee0d1ab2b6a7e2b0
卷13,content/munger-archive/quotes/quotes-reading.md,芒格论阅读,1026,9c5375a5090af8a93e3bb7fb1bbfb91951a2c6fce2f3b5e32fef4dd29db2d5f8
卷13,content/munger-archive/quotes/quotes-simplicity.md,芒格论简单,2082,9689f91adbdacaacc77b1b8ca27e1f524e26ff5eb0f9834d1998de0a1d4fd925
卷13,content/munger-archive/quotes/quotes-temperament.md,芒格论性情,8826,39fe5528b7c77ac2016858b93ef16d2c364ec876f3187f722910f2fe08e93044
卷13,content/munger-archive/quotes/quotes-wit.md,芒格论风趣,5766,f8959889812f709be66de49f25d95b3870fa600555f3877b2c3f47dac0abb0a9