模型编号,来源文件,模型名称,学科,身份层级,身份定义,芒格直接证据,主书建议,分级,需要事实核验,错误归因风险,编辑备注
MM-001,content/models/accounting-as-language-its-limits.md,会计作为商业语言及其局限,会计学,1,芒格在内部原始演讲、问答或访谈中明确提出或反复使用；不等于相关学科概念由芒格原创。,content/qa/Wesco_股东大会_1996.md；content/munger-archive/recordings/daily-journal-2020.md,可用，但必须标为模型解释或编辑扩展,B,是,中,“明确使用”不代表芒格是该学科概念的原创者。
MM-002,content/models/action-reaction.md,作用力与反作用力,物理学与化学,4,通用学科模型；现有内部材料尚未建立芒格直接使用证据。,未定位芒格直接原文；仅作为编辑扩展或通用模型候选,不进入主书,D,是,高,不得将模型正文中的编辑叙事写成人物原话。
MM-003,content/models/adaptation-path-dependence.md,适应性与路径依赖,复杂系统与决策科学,4,通用学科模型；现有内部材料尚未建立芒格直接使用证据。,未定位芒格直接原文；仅作为编辑扩展或通用模型候选,不进入主书,D,是,高,不得将模型正文中的编辑叙事写成人物原话。
MM-004,content/models/adaptation.md,适应性,生物学与进化论,4,通用学科模型；现有内部材料尚未建立芒格直接使用证据。,未定位芒格直接原文；仅作为编辑扩展或通用模型候选,不进入主书,D,是,高,不得将模型正文中的编辑叙事写成人物原话。
MM-005,content/models/adaptive-radiation.md,适应性辐射,生物学与进化论,4,通用学科模型；现有内部材料尚未建立芒格直接使用证据。,未定位芒格直接原文；仅作为编辑扩展或通用模型候选,不进入主书,D,是,高,不得将模型正文中的编辑叙事写成人物原话。
MM-006,content/models/adversarial-system.md,对抗制与辩证过程,法学与政治学,4,通用学科模型；现有内部材料尚未建立芒格直接使用证据。,未定位芒格直接原文；仅作为编辑扩展或通用模型候选,不进入主书,D,是,高,不得将模型正文中的编辑叙事写成人物原话。
MM-007,content/models/adverse-selection.md,逆向选择,微观经济学,3,后人扩展但与芒格体系兼容；使用时必须标注为编辑扩展。,未定位芒格直接原文；仅作为编辑扩展或通用模型候选,限附录或延伸阅读,C,是,高,不得将模型正文中的编辑叙事写成人物原话。
MM-008,content/models/agency-costs.md,代理成本,微观经济学,3,后人扩展但与芒格体系兼容；使用时必须标注为编辑扩展。,未定位芒格直接原文；仅作为编辑扩展或通用模型候选,限附录或延伸阅读,C,是,高,不得将模型正文中的编辑叙事写成人物原话。
MM-009,content/models/anchoring-bias.md,锚定偏差,心理学,3,后人扩展但与芒格体系兼容；使用时必须标注为编辑扩展。,未定位芒格直接原文；仅作为编辑扩展或通用模型候选,限附录或延伸阅读,C,是,高,不得将模型正文中的编辑叙事写成人物原话。
MM-010,content/models/antifragile-design.md,反脆弱设计,工程学,4,通用学科模型；现有内部材料尚未建立芒格直接使用证据。,未定位芒格直接原文；仅作为编辑扩展或通用模型候选,不进入主书,D,是,高,不得将模型正文中的编辑叙事写成人物原话。
MM-011,content/models/arithmetic-expected-value.md,算术期望值,数学与统计学,3,后人扩展但与芒格体系兼容；使用时必须标注为编辑扩展。,未定位芒格直接原文；仅作为编辑扩展或通用模型候选,限附录或延伸阅读,C,是,高,不得将模型正文中的编辑叙事写成人物原话。
MM-012,content/models/asymmetric-information.md,信息不对称,微观经济学,3,后人扩展但与芒格体系兼容；使用时必须标注为编辑扩展。,未定位芒格直接原文；仅作为编辑扩展或通用模型候选,限附录或延伸阅读,C,是,高,不得将模型正文中的编辑叙事写成人物原话。
MM-013,content/models/asymmetry-convexity.md,不对称性与凸性,数学与统计学,3,后人扩展但与芒格体系兼容；使用时必须标注为编辑扩展。,未定位芒格直接原文；仅作为编辑扩展或通用模型候选,限附录或延伸阅读,C,是,高,不得将模型正文中的编辑叙事写成人物原话。
MM-014,content/models/audit-independent-verification.md,审计与独立验证,会计学,3,后人扩展但与芒格体系兼容；使用时必须标注为编辑扩展。,未定位芒格直接原文；仅作为编辑扩展或通用模型候选,限附录或延伸阅读,C,是,高,不得将模型正文中的编辑叙事写成人物原话。
MM-015,content/models/authority-misinfluence-tendency.md,权威错误影响倾向,心理学,3,后人扩展但与芒格体系兼容；使用时必须标注为编辑扩展。,poor-charlies-almanack/poor-charlies-almanack-talk-eleven.md,限附录或延伸阅读,C,是,高,不得将模型正文中的编辑叙事写成人物原话。
MM-016,content/models/autocatalysis.md,自我催化模型,物理学与化学,4,通用学科模型；现有内部材料尚未建立芒格直接使用证据。,未定位芒格直接原文；仅作为编辑扩展或通用模型候选,不进入主书,D,是,高,不得将模型正文中的编辑叙事写成人物原话。
MM-017,content/models/automation-checklists.md,自动化与检查清单,工程学,4,通用学科模型；现有内部材料尚未建立芒格直接使用证据。,未定位芒格直接原文；仅作为编辑扩展或通用模型候选,不进入主书,D,是,高,不得将模型正文中的编辑叙事写成人物原话。
MM-018,content/models/availability-misweighing-tendency.md,错误衡量易得性倾向,心理学,3,后人扩展但与芒格体系兼容；使用时必须标注为编辑扩展。,poor-charlies-almanack/poor-charlies-almanack-talk-eleven.md,限附录或延伸阅读,C,是,高,不得将模型正文中的编辑叙事写成人物原话。
MM-019,content/models/avoiding-ideology.md,避免意识形态偏见,元认知与思维方法论,2,可从芒格反复使用的原则直接推导；当前模型名称或流程含编辑归纳。,content/qa/Wesco_股东大会_1996.md；content/munger-archive/recordings/daily-journal-2020.md,可用，但必须标为模型解释或编辑扩展,B,是,中,不得将模型正文中的编辑叙事写成人物原话。
MM-020,content/models/avoiding-stupidity-over-seeking-brilliance.md,避蠢优于求智,元认知与思维方法论,1,芒格在内部原始演讲、问答或访谈中明确提出或反复使用；不等于相关学科概念由芒格原创。,content/qa/Wesco_股东大会_1996.md；content/munger-archive/recordings/daily-journal-2020.md,可用，但必须标为模型解释或编辑扩展,B,是,中,“明确使用”不代表芒格是该学科概念的原创者。
MM-021,content/models/basic-arithmetic-order-of-magnitude-estimation.md,基本算术与数量级估算,数学与统计学,1,芒格在内部原始演讲、问答或访谈中明确提出或反复使用；不等于相关学科概念由芒格原创。,poor-charlies-almanack/poor-charlies-almanack-talk-two.md,可用，但必须标为模型解释或编辑扩展,B,是,中,“明确使用”不代表芒格是该学科概念的原创者。
MM-022,content/models/basic-game-theory.md,博弈论基础,数学与统计学,3,后人扩展但与芒格体系兼容；使用时必须标注为编辑扩展。,未定位芒格直接原文；仅作为编辑扩展或通用模型候选,限附录或延伸阅读,C,是,高,不得将模型正文中的编辑叙事写成人物原话。
MM-023,content/models/basics-of-contract-law.md,合同法基本原则,法学与政治学,4,通用学科模型；现有内部材料尚未建立芒格直接使用证据。,未定位芒格直接原文；仅作为编辑扩展或通用模型候选,不进入主书,D,是,高,不得将模型正文中的编辑叙事写成人物原话。
MM-024,content/models/bayes-theorem.md,贝叶斯定理,数学与统计学,4,通用学科模型；现有内部材料尚未建立芒格直接使用证据。,未定位芒格直接原文；仅作为编辑扩展或通用模型候选,不进入主书,D,是,高,不得将模型正文中的编辑叙事写成人物原话。
MM-025,content/models/bayesian-updating.md,贝叶斯更新,复杂系统与决策科学,3,后人扩展但与芒格体系兼容；使用时必须标注为编辑扩展。,未定位芒格直接原文；仅作为编辑扩展或通用模型候选,限附录或延伸阅读,C,是,高,不得将模型正文中的编辑叙事写成人物原话。
MM-026,content/models/bet-seldom-bet-big.md,少下注下大注,投资学与金融学,1,芒格在内部原始演讲、问答或访谈中明确提出或反复使用；不等于相关学科概念由芒格原创。,content/qa/Wesco_股东大会_1996.md；content/munger-archive/recordings/daily-journal-2020.md,可用，但必须标为模型解释或编辑扩展,B,是,中,“明确使用”不代表芒格是该学科概念的原创者。
MM-027,content/models/biological-redundancy.md,生物冗余设计,生物学与进化论,4,通用学科模型；现有内部材料尚未建立芒格直接使用证据。,未定位芒格直接原文；仅作为编辑扩展或通用模型候选,不进入主书,D,是,高,不得将模型正文中的编辑叙事写成人物原话。
MM-028,content/models/bottleneck-effect-founder-effect.md,瓶颈效应与创始人效应,生物学与进化论,3,后人扩展但与芒格体系兼容；使用时必须标注为编辑扩展。,未定位芒格直接原文；仅作为编辑扩展或通用模型候选,限附录或延伸阅读,C,是,高,不得将模型正文中的编辑叙事写成人物原话。
MM-029,content/models/brand-power.md,品牌认同,管理学与商业,2,可从芒格反复使用的原则直接推导；当前模型名称或流程含编辑归纳。,content/qa/Wesco_股东大会_1996.md；content/munger-archive/recordings/daily-journal-2020.md,可用，但必须标为模型解释或编辑扩展,B,是,中,不得将模型正文中的编辑叙事写成人物原话。
MM-030,content/models/breakpoints.md,断裂点,工程学,3,后人扩展但与芒格体系兼容；使用时必须标注为编辑扩展。,未定位芒格直接原文；仅作为编辑扩展或通用模型候选,限附录或延伸阅读,C,是,高,不得将模型正文中的编辑叙事写成人物原话。
MM-031,content/models/burden-of-proof.md,举证责任与证据标准,法学与政治学,2,可从芒格反复使用的原则直接推导；当前模型名称或流程含编辑归纳。,content/qa/Wesco_股东大会_1996.md；content/munger-archive/recordings/daily-journal-2020.md,可用，但必须标为模型解释或编辑扩展,B,是,中,不得将模型正文中的编辑叙事写成人物原话。
MM-032,content/models/cash-flow-vs-earnings.md,现金流量vs利润,会计学,1,芒格在内部原始演讲、问答或访谈中明确提出或反复使用；不等于相关学科概念由芒格原创。,content/qa/Wesco_股东大会_1996.md；content/munger-archive/recordings/daily-journal-2020.md,可用，但必须标为模型解释或编辑扩展,B,是,中,“明确使用”不代表芒格是该学科概念的原创者。
MM-033,content/models/catalysts.md,催化剂,物理学与化学,3,后人扩展但与芒格体系兼容；使用时必须标注为编辑扩展。,未定位芒格直接原文；仅作为编辑扩展或通用模型候选,限附录或延伸阅读,C,是,高,不得将模型正文中的编辑叙事写成人物原话。
MM-034,content/models/checklist-method.md,检查清单方法,元认知与思维方法论,1,芒格在内部原始演讲、问答或访谈中明确提出或反复使用；不等于相关学科概念由芒格原创。,content/qa/Wesco_股东大会_1996.md；content/munger-archive/recordings/daily-journal-2020.md,可用，但必须标为模型解释或编辑扩展,B,是,中,“明确使用”不代表芒格是该学科概念的原创者。
MM-035,content/models/circle-of-competence-management-level.md,能力圈（管理层面）,管理学与商业,1,芒格在内部原始演讲、问答或访谈中明确提出或反复使用；不等于相关学科概念由芒格原创。,poor-charlies-almanack/poor-charlies-almanack-talk-two.md,可用，但必须标为模型解释或编辑扩展,B,是,中,“明确使用”不代表芒格是该学科概念的原创者。
MM-036,content/models/circle-of-competence-metacognitive-level.md,能力圈（元认知层面）,元认知与思维方法论,1,芒格在内部原始演讲、问答或访谈中明确提出或反复使用；不等于相关学科概念由芒格原创。,poor-charlies-almanack/poor-charlies-almanack-talk-two.md,可用，但必须标为模型解释或编辑扩展,B,是,中,“明确使用”不代表芒格是该学科概念的原创者。
MM-037,content/models/circle-of-competence.md,能力圈,投资学与金融学,1,芒格在内部原始演讲、问答或访谈中明确提出或反复使用；不等于相关学科概念由芒格原创。,poor-charlies-almanack/poor-charlies-almanack-talk-two.md,可用，但必须标为模型解释或编辑扩展,B,是,中,“明确使用”不代表芒格是该学科概念的原创者。
MM-038,content/models/co-evolution.md,协同进化,生物学与进化论,4,通用学科模型；现有内部材料尚未建立芒格直接使用证据。,未定位芒格直接原文；仅作为编辑扩展或通用模型候选,不进入主书,D,是,高,不得将模型正文中的编辑叙事写成人物原话。
MM-039,content/models/comparative-advantage.md,比较优势,微观经济学,3,后人扩展但与芒格体系兼容；使用时必须标注为编辑扩展。,未定位芒格直接原文；仅作为编辑扩展或通用模型候选,限附录或延伸阅读,C,是,高,不得将模型正文中的编辑叙事写成人物原话。
MM-040,content/models/competitive-destruction.md,竞争性毁灭,微观经济学,3,后人扩展但与芒格体系兼容；使用时必须标注为编辑扩展。,未定位芒格直接原文；仅作为编辑扩展或通用模型候选,限附录或延伸阅读,C,是,高,不得将模型正文中的编辑叙事写成人物原话。
MM-041,content/models/complex-adaptive-systems.md,复杂适应系统,生物学与进化论,4,通用学科模型；现有内部材料尚未建立芒格直接使用证据。,未定位芒格直接原文；仅作为编辑扩展或通用模型候选,不进入主书,D,是,高,不得将模型正文中的编辑叙事写成人物原话。
MM-042,content/models/complex-systems.md,复杂系统,复杂系统与决策科学,4,通用学科模型；现有内部材料尚未建立芒格直接使用证据。,未定位芒格直接原文；仅作为编辑扩展或通用模型候选,不进入主书,D,是,高,不得将模型正文中的编辑叙事写成人物原话。
MM-043,content/models/compound-interest.md,复利效应,数学与统计学,1,芒格在内部原始演讲、问答或访谈中明确提出或反复使用；不等于相关学科概念由芒格原创。,content/qa/Wesco_股东大会_1996.md；content/munger-archive/recordings/daily-journal-2020.md,可用，但必须标为模型解释或编辑扩展,B,是,中,“明确使用”不代表芒格是该学科概念的原创者。
MM-044,content/models/concentration-less-is-more.md,集中持仓,管理学与商业,1,芒格在内部原始演讲、问答或访谈中明确提出或反复使用；不等于相关学科概念由芒格原创。,content/qa/Wesco_股东大会_1996.md；content/munger-archive/recordings/daily-journal-2020.md,可用，但必须标为模型解释或编辑扩展,B,是,中,“明确使用”不代表芒格是该学科概念的原创者。
MM-045,content/models/conditional-probability-base-rates.md,条件概率与基础比率,数学与统计学,4,通用学科模型；现有内部材料尚未建立芒格直接使用证据。,未定位芒格直接原文；仅作为编辑扩展或通用模型候选,不进入主书,D,是,高,不得将模型正文中的编辑叙事写成人物原话。
MM-046,content/models/confidence-calibration.md,置信度校准,元认知与思维方法论,3,后人扩展但与芒格体系兼容；使用时必须标注为编辑扩展。,未定位芒格直接原文；仅作为编辑扩展或通用模型候选,限附录或延伸阅读,C,是,高,不得将模型正文中的编辑叙事写成人物原话。
MM-047,content/models/consequentialism-vs-deontology.md,后果主义vs义务论,历史学与哲学,4,通用学科模型；现有内部材料尚未建立芒格直接使用证据。,未定位芒格直接原文；仅作为编辑扩展或通用模型候选,不进入主书,D,是,高,不得将模型正文中的编辑叙事写成人物原话。
MM-048,content/models/conservation-of-energy.md,能量守恒,物理学与化学,4,通用学科模型；现有内部材料尚未建立芒格直接使用证据。,未定位芒格直接原文；仅作为编辑扩展或通用模型候选,不进入主书,D,是,高,不得将模型正文中的编辑叙事写成人物原话。
MM-049,content/models/contrast-misreaction-tendency.md,对比错误反应倾向,心理学,1,芒格在内部原始演讲、问答或访谈中明确提出或反复使用；不等于相关学科概念由芒格原创。,poor-charlies-almanack/poor-charlies-almanack-talk-eleven.md,可用，但必须标为模型解释或编辑扩展,B,是,中,“明确使用”不代表芒格是该学科概念的原创者。
MM-050,content/models/convergent-evolution.md,趋同进化,生物学与进化论,4,通用学科模型；现有内部材料尚未建立芒格直接使用证据。,未定位芒格直接原文；仅作为编辑扩展或通用模型候选,不进入主书,D,是,高,不得将模型正文中的编辑叙事写成人物原话。
MM-051,content/models/corporate-culture-as-asset.md,企业文化作为资产,管理学与商业,2,可从芒格反复使用的原则直接推导；当前模型名称或流程含编辑归纳。,content/qa/Wesco_股东大会_1996.md；content/munger-archive/recordings/daily-journal-2020.md,可用，但必须标为模型解释或编辑扩展,B,是,中,不得将模型正文中的编辑叙事写成人物原话。
MM-052,content/models/correlation-is-not-causation.md,相关不等于因果,数学与统计学,3,后人扩展但与芒格体系兼容；使用时必须标注为编辑扩展。,未定位芒格直接原文；仅作为编辑扩展或通用模型候选,限附录或延伸阅读,C,是,高,不得将模型正文中的编辑叙事写成人物原话。
MM-053,content/models/critical-mass-phase-transitions-in-systems.md,临界质量与相变,复杂系统与决策科学,4,通用学科模型；现有内部材料尚未建立芒格直接使用证据。,未定位芒格直接原文；仅作为编辑扩展或通用模型候选,不进入主书,D,是,高,不得将模型正文中的编辑叙事写成人物原话。
MM-054,content/models/critical-mass.md,临界质量,物理学与化学,3,后人扩展但与芒格体系兼容；使用时必须标注为编辑扩展。,未定位芒格直接原文；仅作为编辑扩展或通用模型候选,限附录或延伸阅读,C,是,高,不得将模型正文中的编辑叙事写成人物原话。
MM-055,content/models/curiosity-tendency.md,好奇心倾向,心理学,1,芒格在内部原始演讲、问答或访谈中明确提出或反复使用；不等于相关学科概念由芒格原创。,poor-charlies-almanack/poor-charlies-almanack-talk-eleven.md,可用，但必须标为模型解释或编辑扩展,B,是,中,“明确使用”不代表芒格是该学科概念的原创者。
MM-056,content/models/darwinian-objectivity.md,达尔文式客观态度,元认知与思维方法论,2,可从芒格反复使用的原则直接推导；当前模型名称或流程含编辑归纳。,content/qa/Wesco_股东大会_1996.md；content/munger-archive/recordings/daily-journal-2020.md,可用，但必须标为模型解释或编辑扩展,B,是,中,不得将模型正文中的编辑叙事写成人物原话。
MM-057,content/models/decision-tree-theory.md,决策树理论,数学与统计学,3,后人扩展但与芒格体系兼容；使用时必须标注为编辑扩展。,未定位芒格直接原文；仅作为编辑扩展或通用模型候选,限附录或延伸阅读,C,是,高,不得将模型正文中的编辑叙事写成人物原话。
MM-058,content/models/deferred-revenue-revenue-recognition.md,递延收入与收入确认,会计学,4,通用学科模型；现有内部材料尚未建立芒格直接使用证据。,未定位芒格直接原文；仅作为编辑扩展或通用模型候选,不进入主书,D,是,高,不得将模型正文中的编辑叙事写成人物原话。
MM-059,content/models/delay-effects.md,延迟效应,复杂系统与决策科学,3,后人扩展但与芒格体系兼容；使用时必须标注为编辑扩展。,未定位芒格直接原文；仅作为编辑扩展或通用模型候选,限附录或延伸阅读,C,是,高,不得将模型正文中的编辑叙事写成人物原话。
MM-060,content/models/depreciation-amortization.md,折旧与摊销,会计学,3,后人扩展但与芒格体系兼容；使用时必须标注为编辑扩展。,未定位芒格直接原文；仅作为编辑扩展或通用模型候选,限附录或延伸阅读,C,是,高,不得将模型正文中的编辑叙事写成人物原话。
MM-061,content/models/deprival-superreaction-tendency.md,被剥夺超级反应倾向,心理学,1,芒格在内部原始演讲、问答或访谈中明确提出或反复使用；不等于相关学科概念由芒格原创。,poor-charlies-almanack/poor-charlies-almanack-talk-eleven.md,可用，但必须标为模型解释或编辑扩展,B,是,中,“明确使用”不代表芒格是该学科概念的原创者。
MM-062,content/models/design-for-maintainability.md,可维护性设计,工程学,4,通用学科模型；现有内部材料尚未建立芒格直接使用证据。,未定位芒格直接原文；仅作为编辑扩展或通用模型候选,不进入主书,D,是,高,不得将模型正文中的编辑叙事写成人物原话。
MM-063,content/models/discounted-cash-flow.md,现金流贴现法,投资学与金融学,2,可从芒格反复使用的原则直接推导；当前模型名称或流程含编辑归纳。,content/qa/Wesco_股东大会_1996.md；content/munger-archive/recordings/daily-journal-2020.md,可用，但必须标为模型解释或编辑扩展,B,是,中,不得将模型正文中的编辑叙事写成人物原话。
MM-064,content/models/disliking-hating-tendency.md,讨厌与憎恨倾向,心理学,1,芒格在内部原始演讲、问答或访谈中明确提出或反复使用；不等于相关学科概念由芒格原创。,poor-charlies-almanack/poor-charlies-almanack-talk-eleven.md,可用，但必须标为模型解释或编辑扩展,B,是,中,“明确使用”不代表芒格是该学科概念的原创者。
MM-065,content/models/disruptive-innovation.md,破坏性创新,管理学与商业,4,通用学科模型；现有内部材料尚未建立芒格直接使用证据。,未定位芒格直接原文；仅作为编辑扩展或通用模型候选,不进入主书,D,是,高,不得将模型正文中的编辑叙事写成人物原话。
MM-066,content/models/double-entry-bookkeeping.md,复式记账法,会计学,3,后人扩展但与芒格体系兼容；使用时必须标注为编辑扩展。,未定位芒格直接原文；仅作为编辑扩展或通用模型候选,限附录或延伸阅读,C,是,高,不得将模型正文中的编辑叙事写成人物原话。
MM-067,content/models/doubt-avoidance-tendency.md,避免怀疑倾向,心理学,1,芒格在内部原始演讲、问答或访谈中明确提出或反复使用；不等于相关学科概念由芒格原创。,poor-charlies-almanack/poor-charlies-almanack-talk-eleven.md,可用，但必须标为模型解释或编辑扩展,B,是,中,“明确使用”不代表芒格是该学科概念的原创者。
MM-068,content/models/drug-misinfluence-tendency.md,化学物质错误影响倾向,心理学,1,芒格在内部原始演讲、问答或访谈中明确提出或反复使用；不等于相关学科概念由芒格原创。,poor-charlies-almanack/poor-charlies-almanack-talk-eleven.md,可用，但必须标为模型解释或编辑扩展,B,是,中,“明确使用”不代表芒格是该学科概念的原创者。
MM-069,content/models/economies-of-scale.md,规模优势,微观经济学,1,芒格在内部原始演讲、问答或访谈中明确提出或反复使用；不等于相关学科概念由芒格原创。,poor-charlies-almanack/poor-charlies-almanack-talk-nine.md,可用，但必须标为模型解释或编辑扩展,B,是,中,“明确使用”不代表芒格是该学科概念的原创者。
MM-070,content/models/ecosystem-thinking.md,生态系统思维,生物学与进化论,4,通用学科模型；现有内部材料尚未建立芒格直接使用证据。,未定位芒格直接原文；仅作为编辑扩展或通用模型候选,不进入主书,D,是,高,不得将模型正文中的编辑叙事写成人物原话。
MM-071,content/models/emergence.md,涌现性,复杂系统与决策科学,3,后人扩展但与芒格体系兼容；使用时必须标注为编辑扩展。,未定位芒格直接原文；仅作为编辑扩展或通用模型候选,限附录或延伸阅读,C,是,高,不得将模型正文中的编辑叙事写成人物原话。
MM-072,content/models/empiricism.md,经验主义,历史学与哲学,3,后人扩展但与芒格体系兼容；使用时必须标注为编辑扩展。,未定位芒格直接原文；仅作为编辑扩展或通用模型候选,限附录或延伸阅读,C,是,高,不得将模型正文中的编辑叙事写成人物原话。
MM-073,content/models/engineering-margin-of-safety.md,安全边际（工程源头）,工程学,3,后人扩展但与芒格体系兼容；使用时必须标注为编辑扩展。,未定位芒格直接原文；仅作为编辑扩展或通用模型候选,限附录或延伸阅读,C,是,高,不得将模型正文中的编辑叙事写成人物原话。
MM-074,content/models/enlightenment-rationalism.md,启蒙运动的理性传统,历史学与哲学,4,通用学科模型；现有内部材料尚未建立芒格直接使用证据。,未定位芒格直接原文；仅作为编辑扩展或通用模型候选,不进入主书,D,是,高,不得将模型正文中的编辑叙事写成人物原话。
MM-075,content/models/entropy.md,熵,物理学与化学,4,通用学科模型；现有内部材料尚未建立芒格直接使用证据。,未定位芒格直接原文；仅作为编辑扩展或通用模型候选,不进入主书,D,是,高,不得将模型正文中的编辑叙事写成人物原话。
MM-076,content/models/envy-jealousy-tendency.md,艳羡与妒忌倾向,心理学,1,芒格在内部原始演讲、问答或访谈中明确提出或反复使用；不等于相关学科概念由芒格原创。,poor-charlies-almanack/poor-charlies-almanack-talk-eleven.md,可用，但必须标为模型解释或编辑扩展,B,是,中,“明确使用”不代表芒格是该学科概念的原创者。
MM-077,content/models/epigenetics.md,表观遗传学,生物学与进化论,4,通用学科模型；现有内部材料尚未建立芒格直接使用证据。,未定位芒格直接原文；仅作为编辑扩展或通用模型候选,不进入主书,D,是,高,不得将模型正文中的编辑叙事写成人物原话。
MM-078,content/models/equilibrium-and-far-from-equilibrium.md,均衡与远离均衡态,物理学与化学,4,通用学科模型；现有内部材料尚未建立芒格直接使用证据。,未定位芒格直接原文；仅作为编辑扩展或通用模型候选,不进入主书,D,是,高,不得将模型正文中的编辑叙事写成人物原话。
MM-079,content/models/evolutionary-arms-race.md,进化军备竞赛,生物学与进化论,4,通用学科模型；现有内部材料尚未建立芒格直接使用证据。,未定位芒格直接原文；仅作为编辑扩展或通用模型候选,不进入主书,D,是,高,不得将模型正文中的编辑叙事写成人物原话。
MM-080,content/models/evolutionary-epistemology.md,进化认识论,历史学与哲学,4,通用学科模型；现有内部材料尚未建立芒格直接使用证据。,未定位芒格直接原文；仅作为编辑扩展或通用模型候选,不进入主书,D,是,高,不得将模型正文中的编辑叙事写成人物原话。
MM-081,content/models/excessive-self-regard-tendency.md,自视过高的倾向,心理学,1,芒格在内部原始演讲、问答或访谈中明确提出或反复使用；不等于相关学科概念由芒格原创。,poor-charlies-almanack/poor-charlies-almanack-talk-eleven.md,可用，但必须标为模型解释或编辑扩展,B,是,中,“明确使用”不代表芒格是该学科概念的原创者。
MM-082,content/models/exponential-growth.md,指数增长与种群动力学,生物学与进化论,4,通用学科模型；现有内部材料尚未建立芒格直接使用证据。,未定位芒格直接原文；仅作为编辑扩展或通用模型候选,不进入主书,D,是,高,不得将模型正文中的编辑叙事写成人物原话。
MM-083,content/models/externalities.md,外部性,微观经济学,3,后人扩展但与芒格体系兼容；使用时必须标注为编辑扩展。,未定位芒格直接原文；仅作为编辑扩展或通用模型候选,限附录或延伸阅读,C,是,高,不得将模型正文中的编辑叙事写成人物原话。
MM-084,content/models/extinction-irreversibility.md,灭绝与不可逆性,生物学与进化论,4,通用学科模型；现有内部材料尚未建立芒格直接使用证据。,未定位芒格直接原文；仅作为编辑扩展或通用模型候选,不进入主书,D,是,高,不得将模型正文中的编辑叙事写成人物原话。
MM-085,content/models/failure-mode-analysis.md,故障模式分析,工程学,2,可从芒格反复使用的原则直接推导；当前模型名称或流程含编辑归纳。,content/qa/Wesco_股东大会_1996.md；content/munger-archive/recordings/daily-journal-2020.md,可用，但必须标为模型解释或编辑扩展,B,是,中,不得将模型正文中的编辑叙事写成人物原话。
MM-086,content/models/falsifiability-criterion.md,可证伪性标准,元认知与思维方法论,2,可从芒格反复使用的原则直接推导；当前模型名称或流程含编辑归纳。,content/qa/Wesco_股东大会_1996.md；content/munger-archive/recordings/daily-journal-2020.md,可用，但必须标为模型解释或编辑扩展,B,是,中,不得将模型正文中的编辑叙事写成人物原话。
MM-087,content/models/falsification.md,否证思维,元认知与思维方法论,2,可从芒格反复使用的原则直接推导；当前模型名称或流程含编辑归纳。,content/qa/Wesco_股东大会_1996.md；content/munger-archive/recordings/daily-journal-2020.md,可用，但必须标为模型解释或编辑扩展,B,是,中,不得将模型正文中的编辑叙事写成人物原话。
MM-088,content/models/fault-tolerance.md,容错设计与优雅降级,工程学,4,通用学科模型；现有内部材料尚未建立芒格直接使用证据。,未定位芒格直接原文；仅作为编辑扩展或通用模型候选,不进入主书,D,是,高,不得将模型正文中的编辑叙事写成人物原话。
MM-089,content/models/feedback-loops.md,反馈环,物理学与化学,3,后人扩展但与芒格体系兼容；使用时必须标注为编辑扩展。,未定位芒格直接原文；仅作为编辑扩展或通用模型候选,限附录或延伸阅读,C,是,高,不得将模型正文中的编辑叙事写成人物原话。
MM-090,content/models/feynman-technique.md,费曼技巧,元认知与思维方法论,4,通用学科模型；现有内部材料尚未建立芒格直接使用证据。,未定位芒格直接原文；仅作为编辑扩展或通用模型候选,不进入主书,D,是,高,不得将模型正文中的编辑叙事写成人物原话。
MM-091,content/models/fiduciary-duty.md,信托责任,法学与政治学,4,通用学科模型；现有内部材料尚未建立芒格直接使用证据。,未定位芒格直接原文；仅作为编辑扩展或通用模型候选,不进入主书,D,是,高,不得将模型正文中的编辑叙事写成人物原话。
MM-092,content/models/first-principles-thinking.md,第一性原理思维,元认知与思维方法论,3,后人扩展但与芒格体系兼容；使用时必须标注为编辑扩展。,未定位芒格直接原文；仅作为编辑扩展或通用模型候选,限附录或延伸阅读,C,是,高,不得将模型正文中的编辑叙事写成人物原话。
MM-093,content/models/five-ws-principle.md,五何原则,元认知与思维方法论,4,通用学科模型；现有内部材料尚未建立芒格直接使用证据。,未定位芒格直接原文；仅作为编辑扩展或通用模型候选,不进入主书,D,是,高,不得将模型正文中的编辑叙事写成人物原话。
MM-094,content/models/flywheel-effect.md,飞轮效应,管理学与商业,3,后人扩展但与芒格体系兼容；使用时必须标注为编辑扩展。,未定位芒格直接原文；仅作为编辑扩展或通用模型候选,限附录或延伸阅读,C,是,高,不得将模型正文中的编辑叙事写成人物原话。
MM-095,content/models/fragility-antifragility.md,脆弱性与反脆弱性,复杂系统与决策科学,3,后人扩展但与芒格体系兼容；使用时必须标注为编辑扩展。,未定位芒格直接原文；仅作为编辑扩展或通用模型候选,限附录或延伸阅读,C,是,高,不得将模型正文中的编辑叙事写成人物原话。
MM-096,content/models/franklins-self-improvement-system.md,富兰克林的自我修炼,历史学与哲学,4,通用学科模型；现有内部材料尚未建立芒格直接使用证据。,未定位芒格直接原文；仅作为编辑扩展或通用模型候选,不进入主书,D,是,高,不得将模型正文中的编辑叙事写成人物原话。
MM-097,content/models/goodwill-impairment.md,商誉及其减值,会计学,3,后人扩展但与芒格体系兼容；使用时必须标注为编辑扩展。,未定位芒格直接原文；仅作为编辑扩展或通用模型候选,限附录或延伸阅读,C,是,高,不得将模型正文中的编辑叙事写成人物原话。
MM-098,content/models/half-life.md,半衰期,物理学与化学,4,通用学科模型；现有内部材料尚未建立芒格直接使用证据。,未定位芒格直接原文；仅作为编辑扩展或通用模型候选,不进入主书,D,是,高,不得将模型正文中的编辑叙事写成人物原话。
MM-099,content/models/hanlons-razor.md,汉隆剃刀,元认知与思维方法论,3,后人扩展但与芒格体系兼容；使用时必须标注为编辑扩展。,未定位芒格直接原文；仅作为编辑扩展或通用模型候选,限附录或延伸阅读,C,是,高,不得将模型正文中的编辑叙事写成人物原话。
MM-100,content/models/herding-behavior.md,羊群行为,心理学,3,后人扩展但与芒格体系兼容；使用时必须标注为编辑扩展。,未定位芒格直接原文；仅作为编辑扩展或通用模型候选,限附录或延伸阅读,C,是,高,不得将模型正文中的编辑叙事写成人物原话。
MM-101,content/models/historical-contingency-path-dependence.md,历史偶然性与路径依赖,历史学与哲学,4,通用学科模型；现有内部材料尚未建立芒格直接使用证据。,未定位芒格直接原文；仅作为编辑扩展或通用模型候选,不进入主书,D,是,高,不得将模型正文中的编辑叙事写成人物原话。
MM-102,content/models/immune-system-antifragility.md,免疫系统与抗脆弱性,生物学与进化论,4,通用学科模型；现有内部材料尚未建立芒格直接使用证据。,未定位芒格直接原文；仅作为编辑扩展或通用模型候选,不进入主书,D,是,高,不得将模型正文中的编辑叙事写成人物原话。
MM-103,content/models/incentive-structure-agency-problem.md,激励结构与代理问题,法学与政治学,2,可从芒格反复使用的原则直接推导；当前模型名称或流程含编辑归纳。,poor-charlies-almanack/poor-charlies-almanack-talk-nine.md,可用，但必须标为模型解释或编辑扩展,B,是,中,不得将模型正文中的编辑叙事写成人物原话。
MM-104,content/models/incentive-structure-design.md,激励结构设计,管理学与商业,2,可从芒格反复使用的原则直接推导；当前模型名称或流程含编辑归纳。,poor-charlies-almanack/poor-charlies-almanack-talk-nine.md,可用，但必须标为模型解释或编辑扩展,B,是,中,不得将模型正文中的编辑叙事写成人物原话。
MM-105,content/models/incentives-economic-view.md,激励机制,微观经济学,2,可从芒格反复使用的原则直接推导；当前模型名称或流程含编辑归纳。,poor-charlies-almanack/poor-charlies-almanack-talk-nine.md,可用，但必须标为模型解释或编辑扩展,B,是,中,不得将模型正文中的编辑叙事写成人物原话。
MM-106,content/models/inconsistency-avoidance-tendency.md,避免不一致性倾向,心理学,1,芒格在内部原始演讲、问答或访谈中明确提出或反复使用；不等于相关学科概念由芒格原创。,poor-charlies-almanack/poor-charlies-almanack-talk-eleven.md,可用，但必须标为模型解释或编辑扩展,B,是,中,“明确使用”不代表芒格是该学科概念的原创者。
MM-107,content/models/independence.md,独立思考,投资原则与品格,2,可从芒格反复使用的原则直接推导；当前模型名称或流程含编辑归纳。,content/qa/Wesco_股东大会_1996.md；content/munger-archive/recordings/daily-journal-2020.md,可用，但必须标为模型解释或编辑扩展,B,是,中,不得将模型正文中的编辑叙事写成人物原话。
MM-108,content/models/influence-from-mere-association-tendency.md,受简单联想影响的倾向,心理学,1,芒格在内部原始演讲、问答或访谈中明确提出或反复使用；不等于相关学科概念由芒格原创。,poor-charlies-almanack/poor-charlies-almanack-talk-eleven.md,可用，但必须标为模型解释或编辑扩展,B,是,中,“明确使用”不代表芒格是该学科概念的原创者。
MM-109,content/models/intellectual-humility.md,知识谦逊,投资原则与品格,2,可从芒格反复使用的原则直接推导；当前模型名称或流程含编辑归纳。,content/qa/Wesco_股东大会_1996.md；content/munger-archive/recordings/daily-journal-2020.md,可用，但必须标为模型解释或编辑扩展,B,是,中,不得将模型正文中的编辑叙事写成人物原话。
MM-110,content/models/intellectual-property-law.md,知识产权法,法学与政治学,4,通用学科模型；现有内部材料尚未建立芒格直接使用证据。,未定位芒格直接原文；仅作为编辑扩展或通用模型候选,不进入主书,D,是,高,不得将模型正文中的编辑叙事写成人物原话。
MM-111,content/models/intellectual-property-moats.md,知识产权与护城河,管理学与商业,3,后人扩展但与芒格体系兼容；使用时必须标注为编辑扩展。,poor-charlies-almanack/poor-charlies-almanack-talk-nine.md,限附录或延伸阅读,C,是,高,不得将模型正文中的编辑叙事写成人物原话。
MM-112,content/models/intrinsic-value.md,内在价值,投资学与金融学,1,芒格在内部原始演讲、问答或访谈中明确提出或反复使用；不等于相关学科概念由芒格原创。,content/qa/Wesco_股东大会_1996.md；content/munger-archive/recordings/daily-journal-2020.md,可用，但必须标为模型解释或编辑扩展,B,是,中,“明确使用”不代表芒格是该学科概念的原创者。
MM-113,content/models/inventory-valuation-methods.md,存货计价方法,会计学,3,后人扩展但与芒格体系兼容；使用时必须标注为编辑扩展。,未定位芒格直接原文；仅作为编辑扩展或通用模型候选,限附录或延伸阅读,C,是,高,不得将模型正文中的编辑叙事写成人物原话。
MM-114,content/models/inversion.md,逆向思维,元认知与思维方法论,1,芒格在内部原始演讲、问答或访谈中明确提出或反复使用；不等于相关学科概念由芒格原创。,poor-charlies-almanack/poor-charlies-almanack-talk-two.md,可用，但必须标为模型解释或编辑扩展,B,是,中,“明确使用”不代表芒格是该学科概念的原创者。
MM-115,content/models/iteration-prototyping.md,迭代与原型,工程学,4,通用学科模型；现有内部材料尚未建立芒格直接使用证据。,未定位芒格直接原文；仅作为编辑扩展或通用模型候选,不进入主书,D,是,高,不得将模型正文中的编辑叙事写成人物原话。
MM-116,content/models/kantian-fairness-tendency.md,康德式公平倾向,心理学,1,芒格在内部原始演讲、问答或访谈中明确提出或反复使用；不等于相关学科概念由芒格原创。,poor-charlies-almanack/poor-charlies-almanack-talk-eleven.md,可用，但必须标为模型解释或编辑扩展,B,是,中,“明确使用”不代表芒格是该学科概念的原创者。
MM-117,content/models/latticework-of-mental-models.md,多元思维模型框架,元认知与思维方法论,1,芒格在内部原始演讲、问答或访谈中明确提出或反复使用；不等于相关学科概念由芒格原创。,poor-charlies-almanack/poor-charlies-almanack-talk-two.md,可用，但必须标为模型解释或编辑扩展,B,是,中,“明确使用”不代表芒格是该学科概念的原创者。
MM-118,content/models/law-of-large-numbers.md,大数定律,数学与统计学,4,通用学科模型；现有内部材料尚未建立芒格直接使用证据。,未定位芒格直接原文；仅作为编辑扩展或通用模型候选,不进入主书,D,是,高,不得将模型正文中的编辑叙事写成人物原话。
MM-119,content/models/lessons-of-history.md,以史为鉴,历史学与哲学,2,可从芒格反复使用的原则直接推导；当前模型名称或流程含编辑归纳。,content/qa/Wesco_股东大会_1996.md；content/munger-archive/recordings/daily-journal-2020.md,可用，但必须标为模型解释或编辑扩展,B,是,中,不得将模型正文中的编辑叙事写成人物原话。
MM-120,content/models/lifelong-learning.md,终身学习,投资原则与品格,2,可从芒格反复使用的原则直接推导；当前模型名称或流程含编辑归纳。,content/qa/Wesco_股东大会_1996.md；content/munger-archive/recordings/daily-journal-2020.md,可用，但必须标为模型解释或编辑扩展,B,是,中,不得将模型正文中的编辑叙事写成人物原话。
MM-121,content/models/liking-loving-tendency.md,喜欢与热爱倾向,心理学,1,芒格在内部原始演讲、问答或访谈中明确提出或反复使用；不等于相关学科概念由芒格原创。,poor-charlies-almanack/poor-charlies-almanack-talk-eleven.md,可用，但必须标为模型解释或编辑扩展,B,是,中,“明确使用”不代表芒格是该学科概念的原创者。
MM-122,content/models/limits-of-extrapolation-nonlinearity.md,趋势外推的局限,数学与统计学,3,后人扩展但与芒格体系兼容；使用时必须标注为编辑扩展。,未定位芒格直接原文；仅作为编辑扩展或通用模型候选,限附录或延伸阅读,C,是,高,不得将模型正文中的编辑叙事写成人物原话。
MM-123,content/models/lindy-effect.md,林迪效应,管理学与商业,3,后人扩展但与芒格体系兼容；使用时必须标注为编辑扩展。,未定位芒格直接原文；仅作为编辑扩展或通用模型候选,限附录或延伸阅读,C,是,高,不得将模型正文中的编辑叙事写成人物原话。
MM-124,content/models/lollapalooza-tendency.md,Lollapalooza倾向,心理学,1,芒格在内部原始演讲、问答或访谈中明确提出或反复使用；不等于相关学科概念由芒格原创。,poor-charlies-almanack/poor-charlies-almanack-talk-eleven.md,可用，但必须标为模型解释或编辑扩展,B,是,中,“明确使用”不代表芒格是该学科概念的原创者。
MM-125,content/models/man-with-a-hammer-syndrome.md,铁锤人倾向,元认知与思维方法论,1,芒格在内部原始演讲、问答或访谈中明确提出或反复使用；不等于相关学科概念由芒格原创。,poor-charlies-almanack/poor-charlies-almanack-talk-two.md,可用，但必须标为模型解释或编辑扩展,B,是,中,“明确使用”不代表芒格是该学科概念的原创者。
MM-126,content/models/map-is-not-the-territory.md,地图不是疆域,元认知与思维方法论,2,可从芒格反复使用的原则直接推导；当前模型名称或流程含编辑归纳。,content/qa/Wesco_股东大会_1996.md；content/munger-archive/recordings/daily-journal-2020.md,可用，但必须标为模型解释或编辑扩展,B,是,中,不得将模型正文中的编辑叙事写成人物原话。
MM-127,content/models/margin-of-safety.md,安全边际,投资学与金融学,1,芒格在内部原始演讲、问答或访谈中明确提出或反复使用；不等于相关学科概念由芒格原创。,content/qa/Wesco_股东大会_1996.md；content/munger-archive/recordings/daily-journal-2020.md,可用，但必须标为模型解释或编辑扩展,B,是,中,“明确使用”不代表芒格是该学科概念的原创者。
MM-128,content/models/marginal-analysis.md,边际分析,数学与统计学,3,后人扩展但与芒格体系兼容；使用时必须标注为编辑扩展。,未定位芒格直接原文；仅作为编辑扩展或通用模型候选,限附录或延伸阅读,C,是,高,不得将模型正文中的编辑叙事写成人物原话。
MM-129,content/models/marginal-cost-marginal-revenue.md,边际成本与边际收益,微观经济学,3,后人扩展但与芒格体系兼容；使用时必须标注为编辑扩展。,未定位芒格直接原文；仅作为编辑扩展或通用模型候选,限附录或延伸阅读,C,是,高,不得将模型正文中的编辑叙事写成人物原话。
MM-130,content/models/marginal-utility.md,边际效用,微观经济学,3,后人扩展但与芒格体系兼容；使用时必须标注为编辑扩展。,未定位芒格直接原文；仅作为编辑扩展或通用模型候选,限附录或延伸阅读,C,是,高,不得将模型正文中的编辑叙事写成人物原话。
MM-131,content/models/mental-accounting.md,心理账户,心理学,3,后人扩展但与芒格体系兼容；使用时必须标注为编辑扩展。,未定位芒格直接原文；仅作为编辑扩展或通用模型候选,限附录或延伸阅读,C,是,高,不得将模型正文中的编辑叙事写成人物原话。
MM-132,content/models/moat.md,护城河（Moat）,管理学与商业,1,芒格在内部原始演讲、问答或访谈中明确提出或反复使用；不等于相关学科概念由芒格原创。,poor-charlies-almanack/poor-charlies-almanack-talk-nine.md,可用，但必须标为模型解释或编辑扩展,B,是,中,“明确使用”不代表芒格是该学科概念的原创者。
MM-133,content/models/modern-darwinian-synthesis.md,进化论,生物学与进化论,4,通用学科模型；现有内部材料尚未建立芒格直接使用证据。,未定位芒格直接原文；仅作为编辑扩展或通用模型候选,不进入主书,D,是,高,不得将模型正文中的编辑叙事写成人物原话。
MM-134,content/models/momentum.md,动量与惯性,物理学与化学,4,通用学科模型；现有内部材料尚未建立芒格直接使用证据。,未定位芒格直接原文；仅作为编辑扩展或通用模型候选,不进入主书,D,是,高,不得将模型正文中的编辑叙事写成人物原话。
MM-135,content/models/monopoly-oligopoly.md,垄断与寡头,微观经济学,3,后人扩展但与芒格体系兼容；使用时必须标注为编辑扩展。,未定位芒格直接原文；仅作为编辑扩展或通用模型候选,限附录或延伸阅读,C,是,高,不得将模型正文中的编辑叙事写成人物原话。
MM-136,content/models/moral-hazard-legal-view.md,道德风险法学视角,法学与政治学,3,后人扩展但与芒格体系兼容；使用时必须标注为编辑扩展。,未定位芒格直接原文；仅作为编辑扩展或通用模型候选,限附录或延伸阅读,C,是,高,不得将模型正文中的编辑叙事写成人物原话。
MM-137,content/models/moral-hazard.md,道德风险,微观经济学,2,可从芒格反复使用的原则直接推导；当前模型名称或流程含编辑归纳。,content/qa/Wesco_股东大会_1996.md；content/munger-archive/recordings/daily-journal-2020.md,可用，但必须标为模型解释或编辑扩展,B,是,中,不得将模型正文中的编辑叙事写成人物原话。
MM-138,content/models/mr-market.md,市场先生,投资学与金融学,1,芒格在内部原始演讲、问答或访谈中明确提出或反复使用；不等于相关学科概念由芒格原创。,content/qa/Wesco_股东大会_1996.md；content/munger-archive/recordings/daily-journal-2020.md,可用，但必须标为模型解释或编辑扩展,B,是,中,“明确使用”不代表芒格是该学科概念的原创者。
MM-139,content/models/multidisciplinary-approach.md,跨学科思维,元认知与思维方法论,1,芒格在内部原始演讲、问答或访谈中明确提出或反复使用；不等于相关学科概念由芒格原创。,poor-charlies-almanack/poor-charlies-almanack-talk-two.md,可用，但必须标为模型解释或编辑扩展,B,是,中,“明确使用”不代表芒格是该学科概念的原创者。
MM-140,content/models/multiplicative-systems.md,乘法系统思维,数学与统计学,4,通用学科模型；现有内部材料尚未建立芒格直接使用证据。,未定位芒格直接原文；仅作为编辑扩展或通用模型候选,不进入主书,D,是,高,不得将模型正文中的编辑叙事写成人物原话。
MM-141,content/models/narrative-fallacy.md,叙事谬误,心理学,3,后人扩展但与芒格体系兼容；使用时必须标注为编辑扩展。,未定位芒格直接原文；仅作为编辑扩展或通用模型候选,限附录或延伸阅读,C,是,高,不得将模型正文中的编辑叙事写成人物原话。
MM-142,content/models/natural-selection-survival-of-the-fittest.md,自然选择与适者生存,生物学与进化论,4,通用学科模型；现有内部材料尚未建立芒格直接使用证据。,未定位芒格直接原文；仅作为编辑扩展或通用模型候选,不进入主书,D,是,高,不得将模型正文中的编辑叙事写成人物原话。
MM-143,content/models/negligence-vs-strict-liability.md,过失与严格责任,法学与政治学,4,通用学科模型；现有内部材料尚未建立芒格直接使用证据。,未定位芒格直接原文；仅作为编辑扩展或通用模型候选,不进入主书,D,是,高,不得将模型正文中的编辑叙事写成人物原话。
MM-144,content/models/network-effects.md,网络效应,管理学与商业,2,可从芒格反复使用的原则直接推导；当前模型名称或流程含编辑归纳。,content/qa/Wesco_股东大会_1996.md；content/munger-archive/recordings/daily-journal-2020.md,可用，但必须标为模型解释或编辑扩展,B,是,中,不得将模型正文中的编辑叙事写成人物原话。
MM-145,content/models/network-theory.md,网络理论,数学与统计学,4,通用学科模型；现有内部材料尚未建立芒格直接使用证据。,未定位芒格直接原文；仅作为编辑扩展或通用模型候选,不进入主书,D,是,高,不得将模型正文中的编辑叙事写成人物原话。
MM-146,content/models/niche-differentiation.md,利基分化,生物学与进化论,4,通用学科模型；现有内部材料尚未建立芒格直接使用证据。,未定位芒格直接原文；仅作为编辑扩展或通用模型候选,不进入主书,D,是,高,不得将模型正文中的编辑叙事写成人物原话。
MM-147,content/models/nonlinear-consequences.md,非线性后果,物理学与化学,4,通用学科模型；现有内部材料尚未建立芒格直接使用证据。,未定位芒格直接原文；仅作为编辑扩展或通用模型候选,不进入主书,D,是,高,不得将模型正文中的编辑叙事写成人物原话。
MM-148,content/models/normal-accidents.md,正常事故,工程学,3,后人扩展但与芒格体系兼容；使用时必须标注为编辑扩展。,未定位芒格直接原文；仅作为编辑扩展或通用模型候选,限附录或延伸阅读,C,是,高,不得将模型正文中的编辑叙事写成人物原话。
MM-149,content/models/normal-non-normal-distributions.md,正态与非正态分布,数学与统计学,4,通用学科模型；现有内部材料尚未建立芒格直接使用证据。,未定位芒格直接原文；仅作为编辑扩展或通用模型候选,不进入主书,D,是,高,不得将模型正文中的编辑叙事写成人物原话。
MM-150,content/models/occams-razor.md,奥卡姆剃刀,元认知与思维方法论,3,后人扩展但与芒格体系兼容；使用时必须标注为编辑扩展。,未定位芒格直接原文；仅作为编辑扩展或通用模型候选,限附录或延伸阅读,C,是,高,不得将模型正文中的编辑叙事写成人物原话。
MM-151,content/models/off-balance-sheet-contingent-liabilities.md,表外负债与或有负债,会计学,3,后人扩展但与芒格体系兼容；使用时必须标注为编辑扩展。,未定位芒格直接原文；仅作为编辑扩展或通用模型候选,限附录或延伸阅读,C,是,高,不得将模型正文中的编辑叙事写成人物原话。
MM-152,content/models/opportunity-cost-in-accounting.md,机会成本会计视角,会计学,3,后人扩展但与芒格体系兼容；使用时必须标注为编辑扩展。,未定位芒格直接原文；仅作为编辑扩展或通用模型候选,限附录或延伸阅读,C,是,高,不得将模型正文中的编辑叙事写成人物原话。
MM-153,content/models/opportunity-cost.md,机会成本,微观经济学,1,芒格在内部原始演讲、问答或访谈中明确提出或反复使用；不等于相关学科概念由芒格原创。,content/qa/Wesco_股东大会_1996.md；content/munger-archive/recordings/daily-journal-2020.md,可用，但必须标为模型解释或编辑扩展,B,是,中,“明确使用”不代表芒格是该学科概念的原创者。
MM-154,content/models/overoptimism-tendency.md,过度乐观倾向,心理学,1,芒格在内部原始演讲、问答或访谈中明确提出或反复使用；不等于相关学科概念由芒格原创。,poor-charlies-almanack/poor-charlies-almanack-talk-eleven.md,可用，但必须标为模型解释或编辑扩展,B,是,中,“明确使用”不代表芒格是该学科概念的原创者。
MM-155,content/models/parasitism-mutualism.md,寄生与共生,生物学与进化论,4,通用学科模型；现有内部材料尚未建立芒格直接使用证据。,未定位芒格直接原文；仅作为编辑扩展或通用模型候选,不进入主书,D,是,高,不得将模型正文中的编辑叙事写成人物原话。
MM-156,content/models/pari-mutuel-system.md,彩池投注系统,投资学与金融学,1,芒格在内部原始演讲、问答或访谈中明确提出或反复使用；不等于相关学科概念由芒格原创。,content/qa/Wesco_股东大会_1996.md；content/munger-archive/recordings/daily-journal-2020.md,可用，但必须标为模型解释或编辑扩展,B,是,中,“明确使用”不代表芒格是该学科概念的原创者。
MM-157,content/models/patents-trademarks-franchises.md,专利权、商标权与特许经营权,微观经济学,4,通用学科模型；现有内部材料尚未建立芒格直接使用证据。,未定位芒格直接原文；仅作为编辑扩展或通用模型候选,不进入主书,D,是,高,不得将模型正文中的编辑叙事写成人物原话。
MM-158,content/models/path-dependence-lock-in.md,路径依赖与锁定,工程学,3,后人扩展但与芒格体系兼容；使用时必须标注为编辑扩展。,未定位芒格直接原文；仅作为编辑扩展或通用模型候选,限附录或延伸阅读,C,是,高,不得将模型正文中的编辑叙事写成人物原话。
MM-159,content/models/patience-discipline.md,耐心与纪律,投资原则与品格,2,可从芒格反复使用的原则直接推导；当前模型名称或流程含编辑归纳。,content/qa/Wesco_股东大会_1996.md；content/munger-archive/recordings/daily-journal-2020.md,可用，但必须标为模型解释或编辑扩展,B,是,中,不得将模型正文中的编辑叙事写成人物原话。
MM-160,content/models/permutations-and-combinations.md,排列组合原理,数学与统计学,4,通用学科模型；现有内部材料尚未建立芒格直接使用证据。,未定位芒格直接原文；仅作为编辑扩展或通用模型候选,不进入主书,D,是,高,不得将模型正文中的编辑叙事写成人物原话。
MM-161,content/models/phase-transitions.md,相变与临界现象,物理学与化学,4,通用学科模型；现有内部材料尚未建立芒格直接使用证据。,未定位芒格直接原文；仅作为编辑扩展或通用模型候选,不进入主书,D,是,高,不得将模型正文中的编辑叙事写成人物原话。
MM-162,content/models/physics-envy.md,物理学妒忌,元认知与思维方法论,4,通用学科模型；现有内部材料尚未建立芒格直接使用证据。,未定位芒格直接原文；仅作为编辑扩展或通用模型候选,不进入主书,D,是,高,不得将模型正文中的编辑叙事写成人物原话。
MM-163,content/models/pluralistic-ignorance.md,多数无知与从众谬误,元认知与思维方法论,4,通用学科模型；现有内部材料尚未建立芒格直接使用证据。,未定位芒格直接原文；仅作为编辑扩展或通用模型候选,不进入主书,D,是,高,不得将模型正文中的编辑叙事写成人物原话。
MM-164,content/models/power-laws.md,幂律分布,数学与统计学,3,后人扩展但与芒格体系兼容；使用时必须标注为编辑扩展。,未定位芒格直接原文；仅作为编辑扩展或通用模型候选,限附录或延伸阅读,C,是,高,不得将模型正文中的编辑叙事写成人物原话。
MM-165,content/models/pragmatism.md,实用主义,历史学与哲学,3,后人扩展但与芒格体系兼容；使用时必须标注为编辑扩展。,未定位芒格直接原文；仅作为编辑扩展或通用模型候选,限附录或延伸阅读,C,是,高,不得将模型正文中的编辑叙事写成人物原话。
MM-166,content/models/precedent.md,先例原则,法学与政治学,4,通用学科模型；现有内部材料尚未建立芒格直接使用证据。,未定位芒格直接原文；仅作为编辑扩展或通用模型候选,不进入主书,D,是,高,不得将模型正文中的编辑叙事写成人物原话。
MM-167,content/models/premortems.md,极端情景模拟,元认知与思维方法论,2,可从芒格反复使用的原则直接推导；当前模型名称或流程含编辑归纳。,content/qa/Wesco_股东大会_1996.md；content/munger-archive/recordings/daily-journal-2020.md,可用，但必须标为模型解释或编辑扩展,B,是,中,不得将模型正文中的编辑叙事写成人物原话。
MM-168,content/models/price-discrimination.md,价格歧视,微观经济学,3,后人扩展但与芒格体系兼容；使用时必须标注为编辑扩展。,未定位芒格直接原文；仅作为编辑扩展或通用模型候选,限附录或延伸阅读,C,是,高,不得将模型正文中的编辑叙事写成人物原话。
MM-169,content/models/price-elasticity.md,价格弹性与定价权,微观经济学,2,可从芒格反复使用的原则直接推导；当前模型名称或流程含编辑归纳。,content/qa/Wesco_股东大会_1996.md；content/munger-archive/recordings/daily-journal-2020.md,可用，但必须标为模型解释或编辑扩展,B,是,中,不得将模型正文中的编辑叙事写成人物原话。
MM-170,content/models/principal-agent-solutions.md,委托代理问题的管理解法,管理学与商业,2,可从芒格反复使用的原则直接推导；当前模型名称或流程含编辑归纳。,content/qa/Wesco_股东大会_1996.md；content/munger-archive/recordings/daily-journal-2020.md,可用，但必须标为模型解释或编辑扩展,B,是,中,不得将模型正文中的编辑叙事写成人物原话。
MM-171,content/models/principle-of-least-energy.md,最小能量原理,物理学与化学,4,通用学科模型；现有内部材料尚未建立芒格直接使用证据。,未定位芒格直接原文；仅作为编辑扩展或通用模型候选,不进入主书,D,是,高,不得将模型正文中的编辑叙事写成人物原话。
MM-172,content/models/prisoners-dilemma.md,囚徒困境,微观经济学,3,后人扩展但与芒格体系兼容；使用时必须标注为编辑扩展。,未定位芒格直接原文；仅作为编辑扩展或通用模型候选,限附录或延伸阅读,C,是,高,不得将模型正文中的编辑叙事写成人物原话。
MM-173,content/models/probabilistic-thinking-expected-value.md,概率思维与期望值,数学与统计学,1,芒格在内部原始演讲、问答或访谈中明确提出或反复使用；不等于相关学科概念由芒格原创。,poor-charlies-almanack/poor-charlies-almanack-talk-two.md,可用，但必须标为模型解释或编辑扩展,B,是,中,“明确使用”不代表芒格是该学科概念的原创者。
MM-174,content/models/psychology-of-human-misjudgment.md,人类误判心理学,心理学,1,芒格在内部原始演讲、问答或访谈中明确提出或反复使用；不等于相关学科概念由芒格原创。,poor-charlies-almanack/poor-charlies-almanack-talk-eleven.md,可用，但必须标为模型解释或编辑扩展,B,是,中,“明确使用”不代表芒格是该学科概念的原创者。
MM-175,content/models/punctuated-equilibrium.md,间断均衡,生物学与进化论,4,通用学科模型；现有内部材料尚未建立芒格直接使用证据。,未定位芒格直接原文；仅作为编辑扩展或通用模型候选,不进入主书,D,是,高,不得将模型正文中的编辑叙事写成人物原话。
MM-176,content/models/quality-control.md,质量控制,工程学,3,后人扩展但与芒格体系兼容；使用时必须标注为编辑扩展。,未定位芒格直接原文；仅作为编辑扩展或通用模型候选,限附录或延伸阅读,C,是,高,不得将模型正文中的编辑叙事写成人物原话。
MM-177,content/models/reason-respecting-tendency.md,重视理由倾向,心理学,1,芒格在内部原始演讲、问答或访谈中明确提出或反复使用；不等于相关学科概念由芒格原创。,poor-charlies-almanack/poor-charlies-almanack-talk-eleven.md,可用，但必须标为模型解释或编辑扩展,B,是,中,“明确使用”不代表芒格是该学科概念的原创者。
MM-178,content/models/reciprocation-tendency.md,回馈倾向,心理学,1,芒格在内部原始演讲、问答或访谈中明确提出或反复使用；不等于相关学科概念由芒格原创。,poor-charlies-almanack/poor-charlies-almanack-talk-eleven.md,可用，但必须标为模型解释或编辑扩展,B,是,中,“明确使用”不代表芒格是该学科概念的原创者。
MM-179,content/models/red-queen-effect.md,红皇后效应,生物学与进化论,4,通用学科模型；现有内部材料尚未建立芒格直接使用证据。,未定位芒格直接原文；仅作为编辑扩展或通用模型候选,不进入主书,D,是,高,不得将模型正文中的编辑叙事写成人物原话。
MM-180,content/models/redundancy.md,冗余备份系统,工程学,3,后人扩展但与芒格体系兼容；使用时必须标注为编辑扩展。,未定位芒格直接原文；仅作为编辑扩展或通用模型候选,限附录或延伸阅读,C,是,高,不得将模型正文中的编辑叙事写成人物原话。
MM-181,content/models/regression-to-the-mean.md,回归均值,数学与统计学,3,后人扩展但与芒格体系兼容；使用时必须标注为编辑扩展。,未定位芒格直接原文；仅作为编辑扩展或通用模型候选,限附录或延伸阅读,C,是,高,不得将模型正文中的编辑叙事写成人物原话。
MM-182,content/models/regulation-as-moat.md,监管作为护城河,管理学与商业,3,后人扩展但与芒格体系兼容；使用时必须标注为编辑扩展。,poor-charlies-almanack/poor-charlies-almanack-talk-nine.md,限附录或延伸阅读,C,是,高,不得将模型正文中的编辑叙事写成人物原话。
MM-183,content/models/regulatory-capture.md,监管俘获,法学与政治学,3,后人扩展但与芒格体系兼容；使用时必须标注为编辑扩展。,未定位芒格直接原文；仅作为编辑扩展或通用模型候选,限附录或延伸阅读,C,是,高,不得将模型正文中的编辑叙事写成人物原话。
MM-184,content/models/rent-seeking-legal-view.md,寻租行为法学视角,法学与政治学,4,通用学科模型；现有内部材料尚未建立芒格直接使用证据。,未定位芒格直接原文；仅作为编辑扩展或通用模型候选,不进入主书,D,是,高,不得将模型正文中的编辑叙事写成人物原话。
MM-185,content/models/rent-seeking.md,寻租行为,微观经济学,3,后人扩展但与芒格体系兼容；使用时必须标注为编辑扩展。,未定位芒格直接原文；仅作为编辑扩展或通用模型候选,限附录或延伸阅读,C,是,高,不得将模型正文中的编辑叙事写成人物原话。
MM-186,content/models/repeat-what-works.md,重复有效的行为,元认知与思维方法论,2,可从芒格反复使用的原则直接推导；当前模型名称或流程含编辑归纳。,content/qa/Wesco_股东大会_1996.md；content/munger-archive/recordings/daily-journal-2020.md,可用，但必须标为模型解释或编辑扩展,B,是,中,不得将模型正文中的编辑叙事写成人物原话。
MM-187,content/models/resonance.md,共振,物理学与化学,4,通用学科模型；现有内部材料尚未建立芒格直接使用证据。,未定位芒格直接原文；仅作为编辑扩展或通用模型候选,不进入主书,D,是,高,不得将模型正文中的编辑叙事写成人物原话。
MM-188,content/models/reversibility-irreversibility.md,可逆性与不可逆性,物理学与化学,4,通用学科模型；现有内部材料尚未建立芒格直接使用证据。,未定位芒格直接原文；仅作为编辑扩展或通用模型候选,不进入主书,D,是,高,不得将模型正文中的编辑叙事写成人物原话。
MM-189,content/models/reward-and-punishment-superresponse-tendency.md,奖励和惩罚超级反应倾向,心理学,1,芒格在内部原始演讲、问答或访谈中明确提出或反复使用；不等于相关学科概念由芒格原创。,poor-charlies-almanack/poor-charlies-almanack-talk-eleven.md,可用，但必须标为模型解释或编辑扩展,B,是,中,“明确使用”不代表芒格是该学科概念的原创者。
MM-190,content/models/rise-and-fall-of-empires.md,帝国兴衰周期,历史学与哲学,4,通用学科模型；现有内部材料尚未建立芒格直接使用证据。,未定位芒格直接原文；仅作为编辑扩展或通用模型候选,不进入主书,D,是,高,不得将模型正文中的编辑叙事写成人物原话。
MM-191,content/models/risk-first.md,风险优先,投资原则与品格,2,可从芒格反复使用的原则直接推导；当前模型名称或流程含编辑归纳。,content/qa/Wesco_股东大会_1996.md；content/munger-archive/recordings/daily-journal-2020.md,可用，但必须标为模型解释或编辑扩展,B,是,中,不得将模型正文中的编辑叙事写成人物原话。
MM-192,content/models/sample-size-statistical-significance.md,样本量与统计显著性,数学与统计学,4,通用学科模型；现有内部材料尚未建立芒格直接使用证据。,未定位芒格直接原文；仅作为编辑扩展或通用模型候选,不进入主书,D,是,高,不得将模型正文中的编辑叙事写成人物原话。
MM-193,content/models/scale-effects-management-perspective.md,规模效应管理视角,管理学与商业,2,可从芒格反复使用的原则直接推导；当前模型名称或流程含编辑归纳。,poor-charlies-almanack/poor-charlies-almanack-talk-nine.md,可用，但必须标为模型解释或编辑扩展,B,是,中,不得将模型正文中的编辑叙事写成人物原话。
MM-194,content/models/scaling-effects-diseconomies-in-engineering.md,规模效应与反效应,工程学,4,通用学科模型；现有内部材料尚未建立芒格直接使用证据。,poor-charlies-almanack/poor-charlies-almanack-talk-nine.md,不进入主书,D,是,高,不得将模型正文中的编辑叙事写成人物原话。
MM-195,content/models/seamless-web-of-deserved-trust.md,值得信赖的无缝网络,管理学与商业,2,可从芒格反复使用的原则直接推导；当前模型名称或流程含编辑归纳。,content/qa/Wesco_股东大会_1996.md；content/munger-archive/recordings/daily-journal-2020.md,可用，但必须标为模型解释或编辑扩展,B,是,中,不得将模型正文中的编辑叙事写成人物原话。
MM-196,content/models/search-costs.md,搜寻成本,微观经济学,3,后人扩展但与芒格体系兼容；使用时必须标注为编辑扩展。,未定位芒格直接原文；仅作为编辑扩展或通用模型候选,限附录或延伸阅读,C,是,高,不得将模型正文中的编辑叙事写成人物原话。
MM-197,content/models/second-order-thinking.md,二阶效应,元认知与思维方法论,2,可从芒格反复使用的原则直接推导；当前模型名称或流程含编辑归纳。,content/qa/Wesco_股东大会_1996.md；content/munger-archive/recordings/daily-journal-2020.md,可用，但必须标为模型解释或编辑扩展,B,是,中,不得将模型正文中的编辑叙事写成人物原话。
MM-198,content/models/self-organized-criticality.md,自组织临界性,复杂系统与决策科学,4,通用学科模型；现有内部材料尚未建立芒格直接使用证据。,未定位芒格直接原文；仅作为编辑扩展或通用模型候选,不进入主书,D,是,高,不得将模型正文中的编辑叙事写成人物原话。
MM-199,content/models/senescence-misinfluence-tendency.md,衰老错误影响倾向,心理学,1,芒格在内部原始演讲、问答或访谈中明确提出或反复使用；不等于相关学科概念由芒格原创。,poor-charlies-almanack/poor-charlies-almanack-talk-eleven.md,可用，但必须标为模型解释或编辑扩展,B,是,中,“明确使用”不代表芒格是该学科概念的原创者。
MM-200,content/models/separation-of-powers.md,权力分立与制衡,法学与政治学,4,通用学科模型；现有内部材料尚未建立芒格直接使用证据。,未定位芒格直接原文；仅作为编辑扩展或通用模型候选,不进入主书,D,是,高,不得将模型正文中的编辑叙事写成人物原话。
MM-201,content/models/signaling-theory.md,信号理论,生物学与进化论,3,后人扩展但与芒格体系兼容；使用时必须标注为编辑扩展。,未定位芒格直接原文；仅作为编辑扩展或通用模型候选,限附录或延伸阅读,C,是,高,不得将模型正文中的编辑叙事写成人物原话。
MM-202,content/models/simple-pain-avoiding-psychological-denial.md,避免痛苦的心理否认,心理学,1,芒格在内部原始演讲、问答或访谈中明确提出或反复使用；不等于相关学科概念由芒格原创。,content/qa/Wesco_股东大会_1996.md；content/munger-archive/recordings/daily-journal-2020.md,可用，但必须标为模型解释或编辑扩展,B,是,中,“明确使用”不代表芒格是该学科概念的原创者。
MM-203,content/models/simplicity-in-business.md,简单化在商业中的应用,管理学与商业,2,可从芒格反复使用的原则直接推导；当前模型名称或流程含编辑归纳。,content/qa/Wesco_股东大会_1996.md；content/munger-archive/recordings/daily-journal-2020.md,可用，但必须标为模型解释或编辑扩展,B,是,中,不得将模型正文中的编辑叙事写成人物原话。
MM-204,content/models/single-point-of-failure.md,单点故障,工程学,3,后人扩展但与芒格体系兼容；使用时必须标注为编辑扩展。,未定位芒格直接原文；仅作为编辑扩展或通用模型候选,限附录或延伸阅读,C,是,高,不得将模型正文中的编辑叙事写成人物原话。
MM-205,content/models/sit-on-your-ass-investing.md,坐等投资法,投资学与金融学,1,芒格在内部原始演讲、问答或访谈中明确提出或反复使用；不等于相关学科概念由芒格原创。,content/qa/Wesco_股东大会_1996.md；content/munger-archive/recordings/daily-journal-2020.md,可用，但必须标为模型解释或编辑扩展,B,是,中,“明确使用”不代表芒格是该学科概念的原创者。
MM-206,content/models/social-proof-tendency.md,社会认同倾向,心理学,1,芒格在内部原始演讲、问答或访谈中明确提出或反复使用；不等于相关学科概念由芒格原创。,poor-charlies-almanack/poor-charlies-almanack-talk-eleven.md,可用，但必须标为模型解释或编辑扩展,B,是,中,“明确使用”不代表芒格是该学科概念的原创者。
MM-207,content/models/socratic-method.md,苏格拉底式追问,历史学与哲学,4,通用学科模型；现有内部材料尚未建立芒格直接使用证据。,未定位芒格直接原文；仅作为编辑扩展或通用模型候选,不进入主书,D,是,高,不得将模型正文中的编辑叙事写成人物原话。
MM-208,content/models/stoicism.md,斯多葛主义,历史学与哲学,4,通用学科模型；现有内部材料尚未建立芒格直接使用证据。,未定位芒格直接原文；仅作为编辑扩展或通用模型候选,不进入主书,D,是,高,不得将模型正文中的编辑叙事写成人物原话。
MM-209,content/models/stress-influence-tendency.md,压力影响倾向,心理学,1,芒格在内部原始演讲、问答或访谈中明确提出或反复使用；不等于相关学科概念由芒格原创。,poor-charlies-almanack/poor-charlies-almanack-talk-eleven.md,可用，但必须标为模型解释或编辑扩展,B,是,中,“明确使用”不代表芒格是该学科概念的原创者。
MM-210,content/models/sunk-cost-economic-perspective.md,沉没成本（经济视角）,微观经济学,3,后人扩展但与芒格体系兼容；使用时必须标注为编辑扩展。,poor-charlies-almanack/poor-charlies-almanack-talk-nine.md,限附录或延伸阅读,C,是,高,不得将模型正文中的编辑叙事写成人物原话。
MM-211,content/models/sunk-cost-fallacy.md,沉没成本谬误,心理学,2,可从芒格反复使用的原则直接推导；当前模型名称或流程含编辑归纳。,content/qa/Wesco_股东大会_1996.md；content/munger-archive/recordings/daily-journal-2020.md,可用，但必须标为模型解释或编辑扩展,B,是,中,不得将模型正文中的编辑叙事写成人物原话。
MM-212,content/models/sunk-cost-vs-marginal-cost.md,沉没成本vs边际成本,会计学,3,后人扩展但与芒格体系兼容；使用时必须标注为编辑扩展。,未定位芒格直接原文；仅作为编辑扩展或通用模型候选,限附录或延伸阅读,C,是,高,不得将模型正文中的编辑叙事写成人物原话。
MM-213,content/models/superposition-and-emergence.md,叠加原理与涌现,物理学与化学,4,通用学科模型；现有内部材料尚未建立芒格直接使用证据。,未定位芒格直接原文；仅作为编辑扩展或通用模型候选,不进入主书,D,是,高,不得将模型正文中的编辑叙事写成人物原话。
MM-214,content/models/supply-and-demand.md,供给与需求,微观经济学,3,后人扩展但与芒格体系兼容；使用时必须标注为编辑扩展。,未定位芒格直接原文；仅作为编辑扩展或通用模型候选,限附录或延伸阅读,C,是,高,不得将模型正文中的编辑叙事写成人物原话。
MM-215,content/models/surfing-model.md,冲浪模型,微观经济学,2,可从芒格反复使用的原则直接推导；当前模型名称或流程含编辑归纳。,poor-charlies-almanack/poor-charlies-almanack-talk-nine.md,可用，但必须标为模型解释或编辑扩展,B,是,中,不得将模型正文中的编辑叙事写成人物原话。
MM-216,content/models/survivorship-bias-historical-perspective.md,生存者偏差（历史视角）,历史学与哲学,4,通用学科模型；现有内部材料尚未建立芒格直接使用证据。,未定位芒格直接原文；仅作为编辑扩展或通用模型候选,不进入主书,D,是,高,不得将模型正文中的编辑叙事写成人物原话。
MM-217,content/models/survivorship-bias.md,幸存者偏差,心理学,3,后人扩展但与芒格体系兼容；使用时必须标注为编辑扩展。,未定位芒格直接原文；仅作为编辑扩展或通用模型候选,限附录或延伸阅读,C,是,高,不得将模型正文中的编辑叙事写成人物原话。
MM-218,content/models/switching-costs.md,转换成本,管理学与商业,3,后人扩展但与芒格体系兼容；使用时必须标注为编辑扩展。,未定位芒格直接原文；仅作为编辑扩展或通用模型候选,限附录或延伸阅读,C,是,高,不得将模型正文中的编辑叙事写成人物原话。
MM-219,content/models/systems-thinking.md,系统思维,工程学,3,后人扩展但与芒格体系兼容；使用时必须标注为编辑扩展。,未定位芒格直接原文；仅作为编辑扩展或通用模型候选,限附录或延伸阅读,C,是,高,不得将模型正文中的编辑叙事写成人物原话。
MM-220,content/models/technology-help-vs-destroy.md,技术对企业的利弊,管理学与商业,2,可从芒格反复使用的原则直接推导；当前模型名称或流程含编辑归纳。,poor-charlies-almanack/poor-charlies-almanack-talk-nine.md,可用，但必须标为模型解释或编辑扩展,B,是,中,不得将模型正文中的编辑叙事写成人物原话。
MM-221,content/models/theory-of-constraints.md,瓶颈理论,管理学与商业,3,后人扩展但与芒格体系兼容；使用时必须标注为编辑扩展。,未定位芒格直接原文；仅作为编辑扩展或通用模型候选,限附录或延伸阅读,C,是,高,不得将模型正文中的编辑叙事写成人物原话。
MM-222,content/models/thought-experiments.md,思想实验,元认知与思维方法论,4,通用学科模型；现有内部材料尚未建立芒格直接使用证据。,未定位芒格直接原文；仅作为编辑扩展或通用模型候选,不进入主书,D,是,高,不得将模型正文中的编辑叙事写成人物原话。
MM-223,content/models/tight-coupling-loose-coupling.md,紧耦合与松耦合,工程学,4,通用学科模型；现有内部材料尚未建立芒格直接使用证据。,未定位芒格直接原文；仅作为编辑扩展或通用模型候选,不进入主书,D,是,高,不得将模型正文中的编辑叙事写成人物原话。
MM-224,content/models/tipping-moment.md,倾覆力矩,物理学与化学,4,通用学科模型；现有内部材料尚未建立芒格直接使用证据。,未定位芒格直接原文；仅作为编辑扩展或通用模型候选,不进入主书,D,是,高,不得将模型正文中的编辑叙事写成人物原话。
MM-225,content/models/too-hard-pile.md,太难堆,投资学与金融学,1,芒格在内部原始演讲、问答或访谈中明确提出或反复使用；不等于相关学科概念由芒格原创。,content/qa/Wesco_股东大会_1996.md；content/munger-archive/recordings/daily-journal-2020.md,可用，但必须标为模型解释或编辑扩展,B,是,中,“明确使用”不代表芒格是该学科概念的原创者。
MM-226,content/models/trade-off-analysis.md,权衡分析,工程学,3,后人扩展但与芒格体系兼容；使用时必须标注为编辑扩展。,未定位芒格直接原文；仅作为编辑扩展或通用模型候选,限附录或延伸阅读,C,是,高,不得将模型正文中的编辑叙事写成人物原话。
MM-227,content/models/tragedy-of-the-commons.md,公地悲剧,法学与政治学,4,通用学科模型；现有内部材料尚未建立芒格直接使用证据。,未定位芒格直接原文；仅作为编辑扩展或通用模型候选,不进入主书,D,是,高,不得将模型正文中的编辑叙事写成人物原话。
MM-228,content/models/transaction-costs.md,交易成本,微观经济学,3,后人扩展但与芒格体系兼容；使用时必须标注为编辑扩展。,未定位芒格直接原文；仅作为编辑扩展或通用模型候选,限附录或延伸阅读,C,是,高,不得将模型正文中的编辑叙事写成人物原话。
MM-229,content/models/twaddle-tendency.md,废话倾向,心理学,1,芒格在内部原始演讲、问答或访谈中明确提出或反复使用；不等于相关学科概念由芒格原创。,poor-charlies-almanack/poor-charlies-almanack-talk-eleven.md,可用，但必须标为模型解释或编辑扩展,B,是,中,“明确使用”不代表芒格是该学科概念的原创者。
MM-230,content/models/two-track-analysis.md,双轨分析,元认知与思维方法论,1,芒格在内部原始演讲、问答或访谈中明确提出或反复使用；不等于相关学科概念由芒格原创。,poor-charlies-almanack/poor-charlies-almanack-talk-eleven.md,可用，但必须标为模型解释或编辑扩展,B,是,中,“明确使用”不代表芒格是该学科概念的原创者。
MM-231,content/models/use-it-or-lose-it-tendency.md,不用就忘倾向,心理学,1,芒格在内部原始演讲、问答或访谈中明确提出或反复使用；不等于相关学科概念由芒格原创。,poor-charlies-almanack/poor-charlies-almanack-talk-eleven.md,可用，但必须标为模型解释或编辑扩展,B,是,中,“明确使用”不代表芒格是该学科概念的原创者。
MM-232,content/models/viscosity-friction.md,粘滞性与摩擦力,物理学与化学,4,通用学科模型；现有内部材料尚未建立芒格直接使用证据。,未定位芒格直接原文；仅作为编辑扩展或通用模型候选,不进入主书,D,是,高,不得将模型正文中的编辑叙事写成人物原话。
