path,bytes,sha256
README.md,1843,14e3fa00c288a99b8b3f493398ea4683863aaad96bb432b10db50f820209abde
duanyongping/references/research/01-writings.md,2651,7ff3ef73b14de524d0935a75c7c1afa364e538446ac25add5321a75f109a5e99
duanyongping/references/research/02-conversations.md,3085,e0920022f59af024d0beabc3838b2ed3a6af16e25c3f2f92662dcc69755d51d9
duanyongping/references/research/03-expression-dna.md,3422,f0f84fef118c2f454eafd6e02f120c75eb31d06cd7e331d6ea03319db3775fe0
duanyongping/references/research/04-external-views.md,2809,020ae280e0507cca6622cd1f5225b67ad272dd742b72c2f913f1a2b6f313d7b8
duanyongping/references/research/05-decisions.md,4347,d2cda7cdcd9acadef465a151bcf947806080220faf270562b417c96d10ac4274
duanyongping/references/research/06-timeline.md,3156,45b00b2ae802a22080ecbf0d3cbb39f17c48d21cd25ee8b644ad292e8eec9f69
duanyongping/speeches/duan_段永平2025方略访谈.txt,139747,e885e24edffb3389f358ca6314e316820f0882228f8712adbf10cb5760c0d45f
duanyongping/speeches/duan_段永平合集.txt,37030,ee5a525b6894c2be132c68a3a6f30191d2bc3e0b56f529d7f91e7e24fbd0dc13
duanyongping/speeches/duan_段永平斯坦福53问.txt,19461,7e190d6dbea6e199d97036b0f3e1ba89e418b44f3a19263612fcfa7abcbd43a9
duanyongping/speeches/duan_段永平论快乐人生.txt,16591,091b63e9e1a5e521c341a07fa6619416b1a37eb70bafddf6e50250aa0e57244e
duanyongping/xueqiu-posts/2011-03_@大道无形我有型.md,1321,da5f0e6d1243041f5a7866290030275fa7f8f0970959eb5bdc847f82c4fd4e03
duanyongping/xueqiu-posts/2011-04_@大道无形我有型.md,401,d7d41ea9be9003a9802bc14e5935ab2e49277d95cf5922c2173e560362e2ddc5
duanyongping/xueqiu-posts/2011-05_@大道无形我有型.md,1903,beefc62397f444323e433ecf7aba9229b6ae77e159c2835a60a1a36ff7098574
duanyongping/xueqiu-posts/2011-06_@大道无形我有型.md,2505,5970a4dc4aa1b727c38f40e6a634facd0bb854fa67b3b01b9c63402f81cbdfe5
duanyongping/xueqiu-posts/2011-07_@大道无形我有型.md,9572,4d40332c6ba75fe56b3bf37d7a63f8fe934486e385da5ae377abbee31df28d17
duanyongping/xueqiu-posts/2011-08_@大道无形我有型.md,14022,3c6aab4c222d9640300c76b6e1d9928203f93e1d0f4e99fead380d17fc75e0e0
duanyongping/xueqiu-posts/2011-09_@大道无形我有型.md,49882,cb27b1ea6c672f02dbe8094b97394cb4c143d70a16aa3287cd63a1471a573916
duanyongping/xueqiu-posts/2011-10_@大道无形我有型.md,69260,d48f17972d654299af50f625591c04622bf31b63c63d06921937a41d2c0ac414
duanyongping/xueqiu-posts/2011-11_@大道无形我有型.md,59894,311d5f2c586c3236ff90482a25999c5ee786138226cbb6e977eaddeb95d4d685
duanyongping/xueqiu-posts/2011-12_@大道无形我有型.md,82073,0ea1a4022d2cebaf872ae013e14df43ca46100a8e5c14f0a2a421c39afaec718
duanyongping/xueqiu-posts/2012-01_@大道无形我有型.md,56804,80276410fd9001cef23119820b2b34a65befb71c3cca4997e27f45a7d8e53a65
duanyongping/xueqiu-posts/2012-02_@大道无形我有型.md,47892,8840bd539f147233c6e771c98881c0022b7d78720f7ac2fe877e33f13207dd1c
duanyongping/xueqiu-posts/2012-03_@大道无形我有型.md,60016,43834596a7a8f9e99f0b28d94c14d04b0249050499647c137d554ec8352ee835
duanyongping/xueqiu-posts/2012-04_@大道无形我有型.md,70969,efd79532f3250734c9efa127d46452ad37bdaa1599b2a1950c40fd4121c2000c
duanyongping/xueqiu-posts/2012-05_@大道无形我有型.md,59091,36b0df5d0fe9faa66d50834822c2c43617f4e0e529081a494292d37e4afc2ae9
duanyongping/xueqiu-posts/2012-06_@大道无形我有型.md,54538,7848d2123d56c5362607824718f883c96bb89a7a73ef93678e85157515cf49c7
duanyongping/xueqiu-posts/2012-07_@大道无形我有型.md,39646,88f4be8dde7db9e4b1de8bf8005e8a7eff577f58f49e49d49c550cf1f62b4fe9
duanyongping/xueqiu-posts/2012-08_@大道无形我有型.md,42945,8eda8da18c1d27e7a16a46248c5891bd42b4e999c3d64186467bf516bce540c8
duanyongping/xueqiu-posts/2013-01_@大道无形我有型.md,717,3f35a858472665b3f0cf8f1ee1a2a1342b43d0342b7f2ae42203fa3c3bf516b5
duanyongping/xueqiu-posts/2015-06_@大道无形我有型.md,432,cfd33d47ba7a977c0d9848780a7c200976f1b6bf5ef1627a15b4a3fb0fd58efc
duanyongping/xueqiu-posts/2015-07_@大道无形我有型.md,412,368e9a2687a6361904a2e43fcc714dbd835a10a4484fc945195ef26d67ca0668
duanyongping/xueqiu-posts/2016-09_@大道无形我有型.md,394,7b62c53be819b017b2b324712093ea133ec1fdc2583df5e7eb36072c3c980d57
duanyongping/xueqiu-posts/2018-04_@大道无形我有型.md,410,ddda721460e4f43aaacbaafa3ccbf4a05971c59654579c40bc7f9352ad91f490
duanyongping/xueqiu-posts/2018-05_@大道无形我有型.md,3168,db4f08df9731c7cdf19f434d51a74dd28593bd83dcee9d0550d873e01d82ac16
duanyongping/xueqiu-posts/2018-06_@大道无形我有型.md,4674,10ea96ad97303a2ca07d4128136e3877f8c35b62dabeadc7e8fe9cd92cc7767d
duanyongping/xueqiu-posts/2018-07_@大道无形我有型.md,13096,fc0663c08a5264c0495a2410999d47cc12c5314e119030881a4f97c31ed03f81
duanyongping/xueqiu-posts/2018-08_@大道无形我有型.md,11993,92e5c3041fc5cd6e1a0cffc41bb19a92bb81e0bb2abd5e0a13d1ae0648649654
duanyongping/xueqiu-posts/2018-09_@大道无形我有型.md,63625,80d85262ccaebfc6daf9c2aaa346b527edd271ca2c481740ba849a750a7f95f5
duanyongping/xueqiu-posts/2018-10_@大道无形我有型.md,107745,3ba21f18f5c2e657503ff41efdc735317837eb8e67d4c1995486eecc5fc7461f
duanyongping/xueqiu-posts/2018-11_@大道无形我有型.md,25156,5c43867065cbfce74033405a1ce081fd6f0d9699277b78824b344e2402d44c57
duanyongping/xueqiu-posts/2018-12_@大道无形我有型.md,7389,e5e9a3040ec395e6b29e2487dddc44da017901d88def8972c4a9cbf5395103d4
duanyongping/xueqiu-posts/2019-01_@大道无形我有型.md,8606,8ee6b959cca8da44277f59c0dbeb19dee30622b0155aebe2ed1959268c497e64
duanyongping/xueqiu-posts/2019-02_@大道无形我有型.md,12062,778358a0951f087df43920a8c280eaafd587dd27742ae64ac00d1e73182926bb
duanyongping/xueqiu-posts/2019-03_@大道无形我有型.md,258507,ca8c3ba19a1553649447c46dabef7eeb0c370dcb11e104d330a90ee10df13f83
duanyongping/xueqiu-posts/2019-04_@大道无形我有型.md,206322,4a887f518957cc741eea6bea41c125de5eb8e28042768e5a643dc532995a2a58
duanyongping/xueqiu-posts/2019-05_@大道无形我有型.md,295602,c75e0e1dd05fb272d2a4158b83e5ed246f0f44796e79cf1a319e2990e58b81e4
duanyongping/xueqiu-posts/2019-06_@大道无形我有型.md,132287,65fc2fcc85130fc9300edf96a07a9ef84b3c4a1b508f0c16104e0396dc6a748a
duanyongping/xueqiu-posts/2019-07_@大道无形我有型.md,67509,afda76c3347889633a91f184806a547843f5c2bcfb6911c6cee9c51dadf7a22b
duanyongping/xueqiu-posts/2019-08_@大道无形我有型.md,121607,2a3c2e3ef4ea804b33ddde52bf23abe2a0875155fee60992effc8d34e3c38996
duanyongping/xueqiu-posts/2019-09_@大道无形我有型.md,205414,024fc1032675091abdd95c58b0fd69ff3b8e972054f42e742b06b1a323ab29c1
duanyongping/xueqiu-posts/2019-10_@大道无形我有型.md,75950,6c42d9edbd6f803e2e6fe18ff6e1b927f515e72f813bf0e50d45176e562b09a1
duanyongping/xueqiu-posts/2019-11_@大道无形我有型.md,6248,04971804997b370072de9fb96de87d9dee431d713d3897fb6e11858fcb8bb0d7
duanyongping/xueqiu-posts/2019-12_@大道无形我有型.md,915,2474e641aeb48a4d50d652dd6465c187a57d02119d7b8e5ddac4046882bb54e7
duanyongping/xueqiu-posts/2020-01_@大道无形我有型.md,10760,4289a84047787b1818f05ae055e754d8809bfed711dce5c978f2cc47287aaeee
duanyongping/xueqiu-posts/2020-02_@大道无形我有型.md,8394,f7e6a26168fc9c3dec67a0c71acd12412232c12fb398b1bc99b81405fab84b89
duanyongping/xueqiu-posts/2020-03_@大道无形我有型.md,14903,93c1f790d8a649e406c8de36b28f78909fe4a8743e14e99865199952e394914a
duanyongping/xueqiu-posts/2020-04_@大道无形我有型.md,25784,e44b7ab12e7267b81b3cf27a9eff1688d5ae9147e2feb943e29317066c1eed05
duanyongping/xueqiu-posts/2020-05_@大道无形我有型.md,26010,ba5836ad05404598d5212ae4f388e4f8d34d1e6058b6c441e77030f80f6908fb
duanyongping/xueqiu-posts/2020-06_@大道无形我有型.md,38398,2c71d26f4ffe2829c8a92122918d3a677ad6796b714dd850541cd1e528fb1a96
duanyongping/xueqiu-posts/2020-07_@大道无形我有型.md,28698,b17f4543fb0fe6d74dc612d665b8c3df6a19475f9eac11b287a5528c39328386
duanyongping/xueqiu-posts/2020-08_@大道无形我有型.md,22269,2e73c35944656de1889f4e2e46c1e5db8e370b7a27a75e2d23508c9656db1546
duanyongping/xueqiu-posts/2020-09_@大道无形我有型.md,14020,e67873be547f05f8a8ae9380e564c3f448a19c983dc780809692c27e8377b991
duanyongping/xueqiu-posts/2020-10_@大道无形我有型.md,365410,03f931490b95f2fb5774b6f8d8bef07ec5d07856a15809eb80ae0add50d8cfaa
duanyongping/xueqiu-posts/2020-11_@大道无形我有型.md,215894,f083d54744bc505a4d239986033cd45422d8ca3a1615d79904d1f23e9aa4271a
duanyongping/xueqiu-posts/2020-12_@大道无形我有型.md,372972,c6ab0db9a609142b9c17b02b9490b95035524d8af4851a065ea73897735c78bd
duanyongping/xueqiu-posts/2021-01_@大道无形我有型.md,3938,6376c32ef788986ccfd4cc6a1fb6026643978f0a44d0de087d715a450de250ed
duanyongping/xueqiu-posts/2021-02_@大道无形我有型.md,5367,733291f5f5b52e81f361fd1745182ecd1447296fe30dead621769a9979789445
duanyongping/xueqiu-posts/2021-03_@大道无形我有型.md,5354,2213939982d64724f164e322a1260d7e77c6f716166a70f581098b7185a4f764
duanyongping/xueqiu-posts/2021-04_@大道无形我有型.md,4663,c178d6ef267d92a3ea9995c81d2d39a5508d13f2f0eb78565b2aa080154c3115
duanyongping/xueqiu-posts/2021-05_@大道无形我有型.md,20907,cf8e183988e22d8f0503bca8f3915bd8e34c13ab3f39108ec2383301e7644e04
duanyongping/xueqiu-posts/2021-06_@大道无形我有型.md,14962,506ff32e5a9a1144b5e8048475407c881139ad8b927e2f5ff1e1208745e05786
duanyongping/xueqiu-posts/2021-07_@大道无形我有型.md,7440,be012d85a8a123c537ccfa3d381dc8ee9196598443ed7240588d1dc3b2270ec4
duanyongping/xueqiu-posts/2021-08_@大道无形我有型.md,1907,30426f502931eda45ec025ebc5f632296a2b1b40e509cb7aa72230cd7fa1a58c
duanyongping/xueqiu-posts/2021-09_@大道无形我有型.md,4873,a0b0bbadc4323370811398f3d41124739b2f401c6035ce9ed57a4b28a603732a
duanyongping/xueqiu-posts/2021-10_@大道无形我有型.md,17485,d759aada5b350067e3def7ffb914578797c2226edc18bad3b0700f2453cbdd1f
duanyongping/xueqiu-posts/2021-11_@大道无形我有型.md,22712,2c399453bdd342c70798f0bb7ae3ae76b4fba1a387b35e5dd4fe4fa3f39ec26d
duanyongping/xueqiu-posts/2021-12_@大道无形我有型.md,85822,21fd1cfd25496a52c9d428c596d301e14afae542a214a86aea8cddf0cb033c57
duanyongping/xueqiu-posts/2022-01_@大道无形我有型.md,159536,5ed017bac6dd58437388b3653ec367ce2521ed746cac60e12d7b6c514cc0e013
duanyongping/xueqiu-posts/2022-02_@大道无形我有型.md,67950,967988cedf140144e6e1647c715f74d75b2ca7f25881bc937ddac3d514fdf595
duanyongping/xueqiu-posts/2022-03_@大道无形我有型.md,132083,8409ddbf3dd44d90bfc3e548bcb6a9592609a8d331471527d5fd0d9c46e2fbdd
duanyongping/xueqiu-posts/2022-04_@大道无形我有型.md,25755,6739026c4ed4746a5095a1eb7f5c0ffaa4a7372fe2a6b6b4c2bbbc31b8f54e94
duanyongping/xueqiu-posts/2022-05_@大道无形我有型.md,60180,25683b307844e039667b296551f50edec1bbb089b73f48b55f48c66557ec1b8b
duanyongping/xueqiu-posts/2022-06_@大道无形我有型.md,23298,edd0a8a318b7a0e3bfde0f3d1d14d39b98492720ab62963f844af1d0d877da86
duanyongping/xueqiu-posts/2022-07_@大道无形我有型.md,26874,76b9af0e2f7244fa66d21196bccec2eacb0481b892bed762f7d02d3e9d3c23a9
duanyongping/xueqiu-posts/2022-08_@大道无形我有型.md,39588,23bedbf9690eda4261d7e2215c8d93a661407ab0d7e2c5e620c2545a285ed456
duanyongping/xueqiu-posts/2022-09_@大道无形我有型.md,57487,a1f8b156182f75f8a64fb6b299c26fb30797a17ba60f90a3b54070ece8515eee
duanyongping/xueqiu-posts/2022-10_@大道无形我有型.md,59087,ce4b490318e79ff14e4dd873561608b2daa1c027df052667265c3268ed164032
duanyongping/xueqiu-posts/2022-11_@大道无形我有型.md,61222,c8ed606e8270201a7b1dbbe55f2e5603951a37967abe8b267f88f7798d7b9e05
duanyongping/xueqiu-posts/2022-12_@大道无形我有型.md,115419,68da2de91db09ba25004b5c9bddddd81ebafcf1a0676d8202aec8f4af3be330a
duanyongping/xueqiu-posts/2023-01_@大道无形我有型.md,125085,c75fa40c011c428b69cac9333845173f7743a21b1dd6289fd6b72d5453e493ed
duanyongping/xueqiu-posts/2023-02_@大道无形我有型.md,93951,5379e60acd16fd29e368530b3a48e6f7e906ae62fe4c263346600ae9113d4b54
duanyongping/xueqiu-posts/2023-03_@大道无形我有型.md,152227,9ed52c93a8e84422e463ee19a3cf54dedb6d4c6ad6a9f3b4c81c3ce865784f0b
duanyongping/xueqiu-posts/2023-04_@大道无形我有型.md,56469,e5cc91106b786f4f72260461b7f3542b1587ae26d38cf8ddf33289343778693f
duanyongping/xueqiu-posts/2023-05_@大道无形我有型.md,178050,1bcc4a9f7455747fcf36bf8413f50856ab889bb8ada07527633dd424242bd349
duanyongping/xueqiu-posts/2023-06_@大道无形我有型.md,54351,eb8422472f58ac884be6224f6f6cbd32cbf96119b082e1392e1dc47493ed3cfd
duanyongping/xueqiu-posts/2023-07_@大道无形我有型.md,143097,ca3502b9a2c6dfce48dc80cabd8232c7b7259761007137d181249301126ff6f9
duanyongping/xueqiu-posts/2023-08_@大道无形我有型.md,59515,50a9703611e18c21f1c841bfdd09a9d40561bcfd0000889eb259024309866d37
duanyongping/xueqiu-posts/2023-09_@大道无形我有型.md,47325,491fd398c59bf447e3ed105685895db227ac5542ecdb9d528e18522992fff963
duanyongping/xueqiu-posts/2023-10_@大道无形我有型.md,56314,36a75419dba5b7c2501011b74baa79573269871a4a6573110365e40d3ec90c0f
duanyongping/xueqiu-posts/2023-11_@大道无形我有型.md,54580,d45d1fece65a0af140a0f7faaa4172429eb2f47b4aeb68f8cd5eee74c86fc0d8
duanyongping/xueqiu-posts/2023-12_@大道无形我有型.md,197257,536e1d9c432c1a69ab3d7418806d6435981eb462d1f7f12ea9f3fc8455377c00
duanyongping/xueqiu-posts/2024-01_@大道无形我有型.md,96967,cb0b6e5cf295cab393304b258faf17e9886aad5f9bf8919e252ef104db985a43
duanyongping/xueqiu-posts/2024-02_@大道无形我有型.md,39279,230dfe190f5e74d618395c7a36277979669c929a5a841f5cd858d00456d60e73
duanyongping/xueqiu-posts/2024-03_@大道无形我有型.md,119651,592ae12a1c674f89bf73c7b2964edb84cbed32fd5d3a6f17d5eadcbe1ecd4b49
duanyongping/xueqiu-posts/2024-04_@大道无形我有型.md,42216,9fc15fb406d5dc4309c0815bb387adf4c6df5b0cbf6c6417c2dbafc43e30cb54
duanyongping/xueqiu-posts/2024-05_@大道无形我有型.md,81485,81e84f5932dbe6579a67be63d9a0eca9fc9d1c280a89604dbe9cc02ffcf50ae1
duanyongping/xueqiu-posts/2024-06_@大道无形我有型.md,176195,05c988c341049043e3f2604eab0b72b7d7662713832115fd2cd98a7e873a1b8d
duanyongping/xueqiu-posts/2024-07_@大道无形我有型.md,134066,1cee47d10681a8e0055132e83e0d4332f72526f1f74203bc8a724c06a3ce9556
duanyongping/xueqiu-posts/2024-08_@大道无形我有型.md,177448,a22527be158e01bc1b1afd395838e4aa9b18a9220198c026a0d00ed82166a274
duanyongping/xueqiu-posts/2024-09_@大道无形我有型.md,205468,7b3eac39de4f889bbb2569b4d4ae13b52b76c51cf173ee2138585ac37c57d1a5
duanyongping/xueqiu-posts/2024-10_@大道无形我有型.md,225633,a235d36abca6e39e2c31e48b57954798c60332c316f9982cf581b93e090d0111
duanyongping/xueqiu-posts/2024-11_@大道无形我有型.md,80243,c192c36bfc20ec63cf97f0c9ce15c6582a00f14ed5ee8d740832e8915fb4743b
duanyongping/xueqiu-posts/2024-12_@大道无形我有型.md,81812,0a5b1657455b98672db1ee2c4a84feb5fbd98b5bb2afc72653c6ed4d61c2627a
duanyongping/xueqiu-posts/2025-01_@大道无形我有型.md,30230,9a0b9bfb7faf640d30cc41f7aeae5afb0157ddd9b7874698e78496d8416f13ca
duanyongping/xueqiu-posts/2025-02_@大道无形我有型.md,31918,12f4aaad828386a88b76f82e94ef24d1c108b2be3450ca63b775ad3804428bbd
duanyongping/xueqiu-posts/2025-03_@大道无形我有型.md,160619,431e6292701f87d9695f876aa6ffed005b187c62c1323d7bfb5ee492c7667782
duanyongping/xueqiu-posts/2025-04_@大道无形我有型.md,53420,ad9ec02547138aefd31f75d93c287f29c78d6d704b444009196c378851899992
duanyongping/xueqiu-posts/2025-05_@大道无形我有型.md,8487,f9fdb0e3c946ca6160cc36460239c3463e27f51d786080fcd46c639d3eea410f
duanyongping/xueqiu-posts/2025-06_@大道无形我有型.md,15216,6b6bc768e1a459b4e9853f4469fc93f1ea954efb2521e27383fd7c85c1591412
duanyongping/xueqiu-posts/2025-07_@大道无形我有型.md,22552,0ed862bac3398b202e99f6e11e57ae9f162bd0cb51f256720d14cdc0167e48dd
duanyongping/xueqiu-posts/2025-08_@大道无形我有型.md,55848,9035f919fad5d3ac943824682761b4ffaadad650e0a08ee6434d40d7d0fdc8a2
duanyongping/xueqiu-posts/2025-09_@大道无形我有型.md,113715,f2a8a8c616037a645167dc1f3b18440bc04d310cfa4f4be247b3ebbf2d7c9569
duanyongping/xueqiu-posts/2025-10_@大道无形我有型.md,130825,a8ea004de91cd924df908a0c4e6e2a4602976e24c9e5238c5e28730fed7de21f
duanyongping/xueqiu-posts/2025-11_@大道无形我有型.md,189247,9f4ae15e22f152ff2ae714a9cfc337181b1d96ca96960e529de834679d679999
duanyongping/xueqiu-posts/2025-12_@大道无形我有型.md,88766,9da3901db56bcf08d42cdc823b7f4cfcf8e98dea6245de1aa9e976cbd44afe90
duanyongping/xueqiu-posts/2026-01_@大道无形我有型.md,161645,c5cf4de3a65db2cc944ed09d0c78425c166844d1dc14fbacad9671f5e11b67f3
duanyongping/xueqiu-posts/2026-02_@大道无形我有型.md,106181,24db4cae489a32529edfbd0da9efcc2beabac0e433b7c66bab0076bb68b1be51
duanyongping/xueqiu-posts/2026-03_@大道无形我有型.md,153667,f3b68afa00978b71f7a057611dfa2f5bcc46b4aee3cf1f4f2bd1be759a6c515f
duanyongping/xueqiu-posts/2026-04_@大道无形我有型.md,123731,77f9a9d55e83db1541e23f598cbeefcf569acda5039c86e867a0147900776238
duanyongping/段永平思维框架.md,16267,e4a743ffc07079f920ed1482ee374374da59727196cefb8e438abea5fde57ea3
duanyongping/段永平投资问答录（商业逻辑篇）.pdf,3911227,79f2fc00a7e76cd839c32cc230d60d9bf95eec80c706f610736d61c39042bff5
duanyongping/段永平投资问答录（投资逻辑篇）.pdf,6958835,7f9f89ccafeb7088b373f156401abc10f7fe93600296ce2cf00332a2e14c3eba
