复评编号,文件路径,标题,内容身份,核心内容,独特观点,独特案例或反例,思想演变或适用边界价值,原D级理由,原D级理由是否成立,复评分级,对应主书章节,具体位置,是否进入侧栏,是否进入附录,是否进入索引,是否进入完整典藏层,仍保持D级的明确理由,复评备注
DR-001,content/articles/buffett/巴菲特推荐过的书籍.md,巴菲特推荐过的书籍,专题文章中文翻译/编辑整理,巴菲特推荐过的书籍 巴菲特：在我丰富的藏书中，有四本我特别珍视。它们都写于 50 年前，假使我第一次读到，仍会受益匪浅…..其中的两本分别是亚当斯密《国富论》第一版和本格雷厄姆的《聪明投资者》第一版，第三本就是我手上这本《证券分析》，这是我在哥伦比亚大学求学时用的 1940 版，我至少反复研读了四遍…而第四本更为珍贵，2000 年大卫多德的独生女送给我一本 1934 版证券分析，书中有几百条批注，这是大卫为 1940 年证券分析准备的修订意见。对我而言，没有任何礼物比这本更有意义。(2009)《The Intell,该稿保留“巴菲特推荐过的书籍”的导航、版本、书目或索引增量，不应因未进主书而失去检索入口。,没有独立案例；价值主要来自目录、人物或资料组织。,用于人物、版本或资料层的补充，不替代原始演讲、股东信或完整章节。,汇编稿与原始信件或书目资料重合，作者身份也弱于原件。,部分成立：不承担主书核心证据，但其附录、索引或资料组织价值明确。,C,buffett-app-reading,附录“巴菲特的阅读与书目线索”,否,是,是,是,不适用：已提升为B级或C级编辑用途。,人工式复评关注内容增量与身份边界；不以目录、篇幅、模型层级或旧版未收录作为单独排除理由。
DR-002,content/models/action-reaction.md,作用力与反作用力,通用模型与编辑扩展,牛顿第三定律在社会系统中的体现——每个政策干预都会引发等大反向的反作用力，美国禁酒令催生有组织犯罪是忽视二阶效应的经典教训。,相对芒格原始演讲，该稿新增了“作用力与反作用力”的跨学科定义、机制和应用路径；此增量属于通用知识或后人兼容扩展，不能标为芒格原创。,牛顿的第三定律：宇宙最不通融的会计师；激进监管与规避的永恒博弈；商业世界的作用力与反作用力,可作为芒格体系的兼容扩展或反例材料；首次出现必须标注通用模型/编辑扩展身份。,现有内部材料缺少芒格直接使用证据，且对主线贡献有限。,部分成立：不承担主书核心证据，但其附录、索引或资料组织价值明确。,C,munger-ch-08,模型身份附录“物理学与化学”分组及概念索引“作用力与反作用力”；关联munger-ch-08,否,是,是,是,不适用：已提升为B级或C级编辑用途。,人工式复评关注内容增量与身份边界；不以目录、篇幅、模型层级或旧版未收录作为单独排除理由。
DR-003,content/models/adaptation-path-dependence.md,适应性与路径依赖,通用模型与编辑扩展,MS-DOS击败技术更优的CP/M源于一系列偶然事件被递增回报放大为四十年垄断——在复杂适应系统中，历史不是背景而是原因。,相对芒格原始演讲，该稿新增了“适应性与路径依赖”的跨学科定义、机制和应用路径；此增量属于通用知识或后人兼容扩展，不能标为芒格原创。,历史不会重演，但会押韵——因为系统有记忆；复杂适应系统：为什么历史会“凝固”；QWERTY、VHS与城市：路径依赖的经典案例,可作为芒格体系的兼容扩展或反例材料；首次出现必须标注通用模型/编辑扩展身份。,现有内部材料缺少芒格直接使用证据，且对主线贡献有限。,部分成立：不承担主书核心证据，但其附录、索引或资料组织价值明确。,C,munger-ch-02,模型身份附录“复杂系统与决策科学”分组及概念索引“适应性与路径依赖”；关联munger-ch-02,否,是,是,是,不适用：已提升为B级或C级编辑用途。,人工式复评关注内容增量与身份边界；不以目录、篇幅、模型层级或旧版未收录作为单独排除理由。
DR-004,content/models/adaptation.md,适应性,通用模型与编辑扩展,适应性是生物在环境变化中生存的核心能力，诺基亚与苹果的对比揭示了企业适应性的关键——不是预测变化，而是拥有重新定义自我的能力。,相对芒格原始演讲，该稿新增了“适应性”的跨学科定义、机制和应用路径；此增量属于通用知识或后人兼容扩展，不能标为芒格原创。,两个巨人，两种结局；适应性的生物学机制；亚马逊：适应性的活教科书,可作为芒格体系的兼容扩展或反例材料；首次出现必须标注通用模型/编辑扩展身份。,现有内部材料缺少芒格直接使用证据，且对主线贡献有限。,部分成立：不承担主书核心证据，但其附录、索引或资料组织价值明确。,C,munger-ch-11,模型身份附录“生物学与进化论”分组及概念索引“适应性”；关联munger-ch-11,否,是,是,是,不适用：已提升为B级或C级编辑用途。,人工式复评关注内容增量与身份边界；不以目录、篇幅、模型层级或旧版未收录作为单独排除理由。
DR-005,content/models/adaptive-radiation.md,适应性辐射,通用模型与编辑扩展,适应性辐射是单一祖先物种在新环境中快速分化为多种形态以占据不同生态位的进化过程，商业世界中同样的模式可在几年内上演。,相对芒格原始演讲，该稿新增了“适应性辐射”的跨学科定义、机制和应用路径；此增量属于通用知识或后人兼容扩展，不能标为芒格原创。,一只雀的十三种面孔；亚马逊：从一条河到一片雨林；大灭绝之后的创业黄金期,可作为芒格体系的兼容扩展或反例材料；首次出现必须标注通用模型/编辑扩展身份。,现有内部材料缺少芒格直接使用证据，且对主线贡献有限。,部分成立：不承担主书核心证据，但其附录、索引或资料组织价值明确。,C,munger-ch-02,模型身份附录“生物学与进化论”分组及概念索引“适应性辐射”；关联munger-ch-02,否,是,是,是,不适用：已提升为B级或C级编辑用途。,人工式复评关注内容增量与身份边界；不以目录、篇幅、模型层级或旧版未收录作为单独排除理由。
DR-006,content/models/adversarial-system.md,对抗制与辩证过程,通用模型与编辑扩展,对抗制让双方各自尽力论证己方立场，通过激烈的思想碰撞逼近真相。芒格将这一法律方法转化为投资决策中的双轨分析，主动寻找反面证据。,相对芒格原始演讲，该稿新增了“对抗制与辩证过程”的跨学科定义、机制和应用路径；此增量属于可与项目内演讲交叉核对的扩展整理，不能标为芒格原创。,一场你不想打赢的辩论；法庭：对抗制的原始场景；红队思维：对抗制在企业中的移植,可用于显示芒格如何借用通用知识并纳入自身体系；必须同时保留思想源流和非原创边界。,现有内部材料缺少芒格直接使用证据，且对主线贡献有限。,不再成立为排除理由：直接归因限制仍成立，但材料具有明确侧栏或案例增量。,B,munger-ch-06,章节侧栏/补充解释“对抗制与辩证过程”（munger-ch-06）；首次标注“通用模型或编辑扩展”,是,否,是,是,不适用：已提升为B级或C级编辑用途。,人工式复评关注内容增量与身份边界；不以目录、篇幅、模型层级或旧版未收录作为单独排除理由。
DR-007,content/models/antifragile-design.md,反脆弱设计,通用模型与编辑扩展,2008年金融危机中伯克希尔不仅没受伤反而在挑选猎物——反脆弱不是坚韧地承受冲击保持不变，而是一种从冲击中获益变得更强的结构性设计。,相对芒格原始演讲，该稿新增了“反脆弱设计”的跨学科定义、机制和应用路径；此增量属于通用知识或后人兼容扩展，不能标为芒格原创。,保险浮存金：芒格最精妙的反脆弱设计；2020年日本商社：在危机中播种；如何在生活和投资中构建反脆弱性,主要价值在于展示后人扩展的边界和类比风险；缺少芒格直接证据，不进入人物思想主叙事。,现有内部材料缺少芒格直接使用证据，且对主线贡献有限。,成立：独立内容存在，但与芒格直接思想链较弱且类比风险较高，保留D级和典藏位置。,D,munger-ch-11,完整典藏层“通用模型候选/工程学/反脆弱设计”及来源/主题索引；不进入主书叙事,否,否,是,是,缺少芒格直接提出或反复使用证据，且从自然科学/历史现象向商业与人生外推的类比链较长；若进入正文容易造成错误归因或过度解释。,人工式复评关注内容增量与身份边界；不以目录、篇幅、模型层级或旧版未收录作为单独排除理由。
DR-008,content/models/autocatalysis.md,自我催化模型,通用模型与编辑扩展,自我催化模型描述了产物本身加速反应进程的化学机制，芒格最爱的Costco正是商业自催化的典范——低价吸引会员、规模压低成本、更低价格吸引更多会员。,相对芒格原始演讲，该稿新增了“自我催化模型”的跨学科定义、机制和应用路径；此增量属于通用知识或后人兼容扩展，不能标为芒格原创。,化学课上的那个奇妙反应；Costco的飞轮：一部自催化机器；迪士尼的IP宇宙：另一种自催化,可作为芒格体系的兼容扩展或反例材料；首次出现必须标注通用模型/编辑扩展身份。,现有内部材料缺少芒格直接使用证据，且对主线贡献有限。,不再成立为排除理由：直接归因限制仍成立，但材料具有明确侧栏或案例增量。,B,munger-ch-12,章节侧栏/补充解释“自我催化模型”（munger-ch-12）；首次标注“通用模型或编辑扩展”,是,否,是,是,不适用：已提升为B级或C级编辑用途。,人工式复评关注内容增量与身份边界；不以目录、篇幅、模型层级或旧版未收录作为单独排除理由。
DR-009,content/models/automation-checklists.md,自动化与检查清单,通用模型与编辑扩展,一张能夹在手掌中的检查清单挽救了波音B-17轰炸机项目——当任务复杂性超过人类认知可靠处理能力时，用系统化流程替代对记忆的依赖。,相对芒格原始演讲，该稿新增了“自动化与检查清单”的跨学科定义、机制和应用路径；此增量属于可与项目内演讲交叉核对的扩展整理，不能标为芒格原创。,阿图·葛文德：一张清单拯救数千条生命；芒格的清单方法论：对抗心理偏误的工程工具；最简单的工具，最深刻的智慧,可用于显示芒格如何借用通用知识并纳入自身体系；必须同时保留思想源流和非原创边界。,现有内部材料缺少芒格直接使用证据，且对主线贡献有限。,不再成立为排除理由：直接归因限制仍成立，但材料具有明确侧栏或案例增量。,B,munger-ch-06,章节侧栏/补充解释“自动化与检查清单”（munger-ch-06）；首次标注“通用模型或编辑扩展”,是,否,是,是,不适用：已提升为B级或C级编辑用途。,人工式复评关注内容增量与身份边界；不以目录、篇幅、模型层级或旧版未收录作为单独排除理由。
DR-010,content/models/basics-of-contract-law.md,合同法基本原则,通用模型与编辑扩展,合同法将非正式的承诺转化为可执行的法律义务，其核心原则——合意、对价、善意履行——构成一切商业交易的底层基础设施。,相对芒格原始演讲，该稿新增了“合同法基本原则”的跨学科定义、机制和应用路径；此增量属于通用知识或后人兼容扩展，不能标为芒格原创。,一个没有律师在场的交易；四根柱子：要约、承诺、对价、合意；口头承诺、SaaS陷阱与握手交易,可作为芒格体系的兼容扩展或反例材料；首次出现必须标注通用模型/编辑扩展身份。,现有内部材料缺少芒格直接使用证据，且对主线贡献有限。,部分成立：不承担主书核心证据，但其附录、索引或资料组织价值明确。,C,munger-ch-02,模型身份附录“法学与政治学”分组及概念索引“合同法基本原则”；关联munger-ch-02,否,是,是,是,不适用：已提升为B级或C级编辑用途。,人工式复评关注内容增量与身份边界；不以目录、篇幅、模型层级或旧版未收录作为单独排除理由。
DR-011,content/models/bayes-theorem.md,贝叶斯定理,通用模型与编辑扩展,贝叶斯定理揭示了新证据必须在先验概率背景下解读的核心逻辑，它从根本上改变你处理信息、更新判断和避免基础比率忽视的方式。,相对芒格原始演讲，该稿新增了“贝叶斯定理”的跨学科定义、机制和应用路径；此增量属于可与项目内演讲交叉核对的扩展整理，不能标为芒格原创。,为什么你的直觉错了；芒格为什么重视这个定理；投资中的贝叶斯思维：从巴菲特买IBM说起,可用于显示芒格如何借用通用知识并纳入自身体系；必须同时保留思想源流和非原创边界。,现有内部材料缺少芒格直接使用证据，且对主线贡献有限。,不再成立为排除理由：直接归因限制仍成立，但材料具有明确侧栏或案例增量。,B,munger-ch-04,章节侧栏/补充解释“贝叶斯定理”（munger-ch-04）；首次标注“通用模型或编辑扩展”,是,否,是,是,不适用：已提升为B级或C级编辑用途。,人工式复评关注内容增量与身份边界；不以目录、篇幅、模型层级或旧版未收录作为单独排除理由。
DR-012,content/models/biological-redundancy.md,生物冗余设计,通用模型与编辑扩展,生物冗余设计是三十亿年进化对不确定性的终极回应——你有两个肾不是浪费而是生存智慧，安全边际的本质就是为未知风险留出余量。,相对芒格原始演讲，该稿新增了“生物冗余设计”的跨学科定义、机制和应用路径；此增量属于通用知识或后人兼容扩展，不能标为芒格原创。,你为什么有两个肾；泰坦尼克号与冗余的缺失；伯克希尔的冗余哲学,可作为芒格体系的兼容扩展或反例材料；首次出现必须标注通用模型/编辑扩展身份。,现有内部材料缺少芒格直接使用证据，且对主线贡献有限。,不再成立为排除理由：直接归因限制仍成立，但材料具有明确侧栏或案例增量。,B,munger-ch-06,章节侧栏/补充解释“生物冗余设计”（munger-ch-06）；首次标注“通用模型或编辑扩展”,是,否,是,是,不适用：已提升为B级或C级编辑用途。,人工式复评关注内容增量与身份边界；不以目录、篇幅、模型层级或旧版未收录作为单独排除理由。
DR-013,content/models/co-evolution.md,协同进化,通用模型与编辑扩展,协同进化揭示了物种间相互施加选择压力、彼此塑造演化轨迹的耦合关系——花的颜色和蜜蜂的口器都是被对方的存在雕刻出来的。,相对芒格原始演讲，该稿新增了“协同进化”的跨学科定义、机制和应用路径；此增量属于通用知识或后人兼容扩展，不能标为芒格原创。,花为什么是彩色的；苹果与App开发者：一场教科书级的互利协同进化；监管与被监管行业：对抗型协同进化,可作为芒格体系的兼容扩展或反例材料；首次出现必须标注通用模型/编辑扩展身份。,现有内部材料缺少芒格直接使用证据，且对主线贡献有限。,部分成立：不承担主书核心证据，但其附录、索引或资料组织价值明确。,C,munger-ch-08,模型身份附录“生物学与进化论”分组及概念索引“协同进化”；关联munger-ch-08,否,是,是,是,不适用：已提升为B级或C级编辑用途。,人工式复评关注内容增量与身份边界；不以目录、篇幅、模型层级或旧版未收录作为单独排除理由。
DR-014,content/models/complex-adaptive-systems.md,复杂适应系统,通用模型与编辑扩展,复杂适应系统由大量个体遵循简单规则、相互影响而产生无法预见的整体行为，从交通系统到经济体，理解涌现和自组织是把握复杂世界的关键。,相对芒格原始演讲，该稿新增了“复杂适应系统”的跨学科定义、机制和应用路径；此增量属于通用知识或后人兼容扩展，不能标为芒格原创。,没有交通指挥官的交通系统；股票市场：最纯粹的复杂适应系统；城市：自组织的奇迹,可作为芒格体系的兼容扩展或反例材料；首次出现必须标注通用模型/编辑扩展身份。,现有内部材料缺少芒格直接使用证据，且对主线贡献有限。,部分成立：不承担主书核心证据，但其附录、索引或资料组织价值明确。,C,munger-ch-02,模型身份附录“生物学与进化论”分组及概念索引“复杂适应系统”；关联munger-ch-02,否,是,是,是,不适用：已提升为B级或C级编辑用途。,人工式复评关注内容增量与身份边界；不以目录、篇幅、模型层级或旧版未收录作为单独排除理由。
DR-015,content/models/complex-systems.md,复杂系统,通用模型与编辑扩展,复杂适应系统(CAS)是整体行为无法由部件推导的系统：蚁群、大脑、市场、生态圈都属此类。讲清它的构成与涌现机制、与简单系统的本质区别，以及在风险识别与系统韧性中的应用——用简单系统的直觉处理复杂系统，是最昂贵的认知错误之一。,相对芒格原始演讲，该稿新增了“复杂系统”的跨学科定义、机制和应用路径；此增量属于通用知识或后人兼容扩展，不能标为芒格原创。,核心特征：复杂系统和简单系统有什么本质区别；标志性案例：蚁群——大自然花了一亿年演化出的复杂系统教科书；标志性案例：高速公路上的幽灵堵车——你亲身体验过的复杂系统,可作为芒格体系的兼容扩展或反例材料；首次出现必须标注通用模型/编辑扩展身份。,现有内部材料缺少芒格直接使用证据，且对主线贡献有限。,部分成立：不承担主书核心证据，但其附录、索引或资料组织价值明确。,C,munger-ch-02,模型身份附录“复杂系统与决策科学”分组及概念索引“复杂系统”；关联munger-ch-02,否,是,是,是,不适用：已提升为B级或C级编辑用途。,人工式复评关注内容增量与身份边界；不以目录、篇幅、模型层级或旧版未收录作为单独排除理由。
DR-016,content/models/conditional-probability-base-rates.md,条件概率与基础比率,通用模型与编辑扩展,条件概率与基础比率揭示了人类判断中最常见的错误——忽视先验概率而被表面证据误导，出租车问题经典地展示了为何直觉与正确答案相差甚远。,相对芒格原始演讲，该稿新增了“条件概率与基础比率”的跨学科定义、机制和应用路径；此增量属于可与项目内演讲交叉核对的扩展整理，不能标为芒格原创。,出租车问题：逐步拆解；芒格的铁律：先问“这类事情的总体成功率是多少”；“这家创业公司不一样” vs 创业的基础失败率,可用于显示芒格如何借用通用知识并纳入自身体系；必须同时保留思想源流和非原创边界。,现有内部材料缺少芒格直接使用证据，且对主线贡献有限。,不再成立为排除理由：直接归因限制仍成立，但材料具有明确侧栏或案例增量。,B,munger-ch-04,章节侧栏/补充解释“条件概率与基础比率”（munger-ch-04）；首次标注“通用模型或编辑扩展”,是,否,是,是,不适用：已提升为B级或C级编辑用途。,人工式复评关注内容增量与身份边界；不以目录、篇幅、模型层级或旧版未收录作为单独排除理由。
DR-017,content/models/consequentialism-vs-deontology.md,后果主义vs义务论,通用模型与编辑扩展,后果主义以结果判断行为的道德价值，义务论则坚持有些规则不论结果都须遵守。芒格试图同时对得起边沁和康德，在商业决策中平衡两者。,相对芒格原始演讲，该稿新增了“后果主义vs义务论”的跨学科定义、机制和应用路径；此增量属于通用知识或后人兼容扩展，不能标为芒格原创。,标志性案例：伦理困境中的两种声音；如何在决策中运用伦理双框架；在结果与原则之间,可作为芒格体系的兼容扩展或反例材料；首次出现必须标注通用模型/编辑扩展身份。,现有内部材料缺少芒格直接使用证据，且对主线贡献有限。,部分成立：不承担主书核心证据，但其附录、索引或资料组织价值明确。,C,munger-ch-05,模型身份附录“历史学与哲学”分组及概念索引“后果主义vs义务论”；关联munger-ch-05,否,是,是,是,不适用：已提升为B级或C级编辑用途。,人工式复评关注内容增量与身份边界；不以目录、篇幅、模型层级或旧版未收录作为单独排除理由。
DR-018,content/models/conservation-of-energy.md,能量守恒,通用模型与编辑扩展,能量守恒定律的商业表达就是没有免费午餐——从庞氏骗局到高收益理财产品，所有声称无中生有创造价值的方案都违反了宇宙最基本的物理定律。,相对芒格原始演讲，该稿新增了“能量守恒”的跨学科定义、机制和应用路径；此增量属于通用知识或后人兼容扩展，不能标为芒格原创。,宇宙的账本从不出错；庞氏骗局：当“价值不守恒”被伪装成商业模式；“免费”背后的真实价格,主要价值在于展示后人扩展的边界和类比风险；缺少芒格直接证据，不进入人物思想主叙事。,现有内部材料缺少芒格直接使用证据，且对主线贡献有限。,成立：独立内容存在，但与芒格直接思想链较弱且类比风险较高，保留D级和典藏位置。,D,munger-ch-11,完整典藏层“通用模型候选/物理学与化学/能量守恒”及来源/主题索引；不进入主书叙事,否,否,是,是,缺少芒格直接提出或反复使用证据，且从自然科学/历史现象向商业与人生外推的类比链较长；若进入正文容易造成错误归因或过度解释。,人工式复评关注内容增量与身份边界；不以目录、篇幅、模型层级或旧版未收录作为单独排除理由。
DR-019,content/models/convergent-evolution.md,趋同进化,通用模型与编辑扩展,趋同进化表明不同起点在相似环境压力下会演化出相似的解决方案——眼睛独立进化了40多次，因为物理定律约束下的最优解往往趋于一致。,相对芒格原始演讲，该稿新增了“趋同进化”的跨学科定义、机制和应用路径；此增量属于通用知识或后人兼容扩展，不能标为芒格原创。,当问题相同，答案也会相同；澳大利亚：自然界最壮观的趋同实验室；商业世界中的趋同进化,可作为芒格体系的兼容扩展或反例材料；首次出现必须标注通用模型/编辑扩展身份。,现有内部材料缺少芒格直接使用证据，且对主线贡献有限。,部分成立：不承担主书核心证据，但其附录、索引或资料组织价值明确。,C,munger-ch-05,模型身份附录“生物学与进化论”分组及概念索引“趋同进化”；关联munger-ch-05,否,是,是,是,不适用：已提升为B级或C级编辑用途。,人工式复评关注内容增量与身份边界；不以目录、篇幅、模型层级或旧版未收录作为单独排除理由。
DR-020,content/models/critical-mass-phase-transitions-in-systems.md,临界质量与相变,通用模型与编辑扩展,水在99度时还是水但101度变成了完全不同的蒸汽——世界上最重要的变化总是出人意料，因为迹象是线性的而变化是非线性的质的跃迁。,相对芒格原始演讲，该稿新增了“临界质量与相变”的跨学科定义、机制和应用路径；此增量属于通用知识或后人兼容扩展，不能标为芒格原创。,水在99度时是什么；相变的物理学：对称性破缺与序参量；银行挤兑：从稳固到崩塌的相变,可作为芒格体系的兼容扩展或反例材料；首次出现必须标注通用模型/编辑扩展身份。,现有内部材料缺少芒格直接使用证据，且对主线贡献有限。,不再成立为排除理由：直接归因限制仍成立，但材料具有明确侧栏或案例增量。,B,munger-ch-10,章节侧栏/补充解释“临界质量与相变”（munger-ch-10）；首次标注“通用模型或编辑扩展”,是,否,是,是,不适用：已提升为B级或C级编辑用途。,人工式复评关注内容增量与身份边界；不以目录、篇幅、模型层级或旧版未收录作为单独排除理由。
DR-021,content/models/deferred-revenue-revenue-recognition.md,递延收入与收入确认,通用模型与编辑扩展,收入确认决定企业何时把交易记成收入，一行规则就能制造或拆穿利润幻觉。从安然到瑞幸，理解收入质量是识破财务造假的第一道防线，也是巴菲特看年报的第一组数字。,相对芒格原始演讲，该稿新增了“递延收入与收入确认”的跨学科定义、机制和应用路径；此增量属于通用知识或后人兼容扩展，不能标为芒格原创。,安然：一场收入幻觉如何摧毁千亿帝国；收入确认的核心逻辑：什么时候钱才算“赚到了”；递延收入：一种“好的负债”,可作为芒格体系的兼容扩展或反例材料；首次出现必须标注通用模型/编辑扩展身份。,现有内部材料缺少芒格直接使用证据，且对主线贡献有限。,不再成立为排除理由：直接归因限制仍成立，但材料具有明确侧栏或案例增量。,B,munger-ch-11,章节侧栏/补充解释“递延收入与收入确认”（munger-ch-11）；首次标注“通用模型或编辑扩展”,是,否,是,是,不适用：已提升为B级或C级编辑用途。,人工式复评关注内容增量与身份边界；不以目录、篇幅、模型层级或旧版未收录作为单独排除理由。
DR-022,content/models/design-for-maintainability.md,可维护性设计,通用模型与编辑扩展,F-104战斗机和平时期坠毁比战斗中被击落还多，根源是维护性设计的灾难——系统的长期价值不取决于最佳状态下能做什么，而取决于维护修复的难度。,相对芒格原始演讲，该稿新增了“可维护性设计”的跨学科定义、机制和应用路径；此增量属于通用知识或后人兼容扩展，不能标为芒格原创。,丰田生产方式：把可维护性刻入企业DNA；芒格的投资映射：寻找“好维护”的生意；为未来的自己设计,可作为芒格体系的兼容扩展或反例材料；首次出现必须标注通用模型/编辑扩展身份。,现有内部材料缺少芒格直接使用证据，且对主线贡献有限。,部分成立：不承担主书核心证据，但其附录、索引或资料组织价值明确。,C,munger-ch-11,模型身份附录“工程学”分组及概念索引“可维护性设计”；关联munger-ch-11,否,是,是,是,不适用：已提升为B级或C级编辑用途。,人工式复评关注内容增量与身份边界；不以目录、篇幅、模型层级或旧版未收录作为单独排除理由。
DR-023,content/models/disruptive-innovation.md,破坏性创新,通用模型与编辑扩展,在位者在每一步都做出正确决策却通向毁灭——颠覆者从被嘲笑的低端市场起步，沿经验曲线向上攀爬，这就是创新者的窘境。,相对芒格原始演讲，该稿新增了“破坏性创新”的跨学科定义、机制和应用路径；此增量属于通用知识或后人兼容扩展，不能标为芒格原创。,一个大厂CEO的噩梦；Netflix：从一个邮包到一个帝国；芒格的“竞争性毁灭”：破坏性创新的前传,可作为芒格体系的兼容扩展或反例材料；首次出现必须标注通用模型/编辑扩展身份。,现有内部材料缺少芒格直接使用证据，且对主线贡献有限。,不再成立为排除理由：直接归因限制仍成立，但材料具有明确侧栏或案例增量。,B,munger-ch-11,章节侧栏/补充解释“破坏性创新”（munger-ch-11）；首次标注“通用模型或编辑扩展”,是,否,是,是,不适用：已提升为B级或C级编辑用途。,人工式复评关注内容增量与身份边界；不以目录、篇幅、模型层级或旧版未收录作为单独排除理由。
DR-024,content/models/ecosystem-thinking.md,生态系统思维,通用模型与编辑扩展,生态系统思维将市场经济视为一个由共生、竞争和协同进化构成的生态系统，帮助你看到企业在竞争格局中的隐藏位置和相互依存关系。,相对芒格原始演讲，该稿新增了“生态系统思维”的跨学科定义、机制和应用路径；此增量属于可与项目内演讲交叉核对的扩展整理，不能标为芒格原创。,一条小丑鱼的商业课；什么是生态系统思维；苹果生态系统：一座数字珊瑚礁,可用于显示芒格如何借用通用知识并纳入自身体系；必须同时保留思想源流和非原创边界。,现有内部材料缺少芒格直接使用证据，且对主线贡献有限。,不再成立为排除理由：直接归因限制仍成立，但材料具有明确侧栏或案例增量。,B,munger-ch-11,章节侧栏/补充解释“生态系统思维”（munger-ch-11）；首次标注“通用模型或编辑扩展”,是,否,是,是,不适用：已提升为B级或C级编辑用途。,人工式复评关注内容增量与身份边界；不以目录、篇幅、模型层级或旧版未收录作为单独排除理由。
DR-025,content/models/enlightenment-rationalism.md,启蒙运动的理性传统,通用模型与编辑扩展,启蒙运动确立了理性优先于权威、信念须经验证检验、怀疑是美德三大原则，构成芒格整个思维体系的底层操作系统。,相对芒格原始演讲，该稿新增了“启蒙运动的理性传统”的跨学科定义、机制和应用路径；此增量属于通用知识或后人兼容扩展，不能标为芒格原创。,科学方法的诞生：启蒙运动最伟大的遗产；芒格为什么反对意识形态：启蒙精神的投资延伸；如何在生活和投资中践行启蒙精神,可作为芒格体系的兼容扩展或反例材料；首次出现必须标注通用模型/编辑扩展身份。,现有内部材料缺少芒格直接使用证据，且对主线贡献有限。,不再成立为排除理由：直接归因限制仍成立，但材料具有明确侧栏或案例增量。,B,munger-ch-16,章节侧栏/补充解释“启蒙运动的理性传统”（munger-ch-16）；首次标注“通用模型或编辑扩展”,是,否,是,是,不适用：已提升为B级或C级编辑用途。,人工式复评关注内容增量与身份边界；不以目录、篇幅、模型层级或旧版未收录作为单独排除理由。
DR-026,content/models/entropy.md,熵,通用模型与编辑扩展,熵即热力学第二定律揭示了宇宙从有序走向无序的基本趋势——花园无人照料必然荒废，维持秩序需要持续投入能量，这是理解组织衰败的底层物理定律。,相对芒格原始演讲，该稿新增了“熵”的跨学科定义、机制和应用路径；此增量属于通用知识或后人兼容扩展，不能标为芒格原创。,一座无人看管的花园；物理学家的噩梦：为什么打碎容易，复原不可能；西尔斯百货：一家企业的熵增之路,可作为芒格体系的兼容扩展或反例材料；首次出现必须标注通用模型/编辑扩展身份。,现有内部材料缺少芒格直接使用证据，且对主线贡献有限。,部分成立：不承担主书核心证据，但其附录、索引或资料组织价值明确。,C,munger-ch-11,模型身份附录“物理学与化学”分组及概念索引“熵”；关联munger-ch-11,否,是,是,是,不适用：已提升为B级或C级编辑用途。,人工式复评关注内容增量与身份边界；不以目录、篇幅、模型层级或旧版未收录作为单独排除理由。
DR-027,content/models/epigenetics.md,表观遗传学,通用模型与编辑扩展,表观遗传学揭示了不改变DNA序列本身、环境也能改变基因表达方式且这种改变可以遗传的深刻事实，荷兰饥荒的跨代效应是其经典案例。,相对芒格原始演讲，该稿新增了“表观遗传学”的跨学科定义、机制和应用路径；此增量属于通用知识或后人兼容扩展，不能标为芒格原创。,基因没变，但一切都变了；蜜蜂：同一基因组，两种命运；组织中的“表观遗传学”：不改使命，改行为,主要价值在于展示后人扩展的边界和类比风险；缺少芒格直接证据，不进入人物思想主叙事。,现有内部材料缺少芒格直接使用证据，且对主线贡献有限。,成立：独立内容存在，但与芒格直接思想链较弱且类比风险较高，保留D级和典藏位置。,D,munger-ch-08,完整典藏层“通用模型候选/生物学与进化论/表观遗传学”及来源/主题索引；不进入主书叙事,否,否,是,是,缺少芒格直接提出或反复使用证据，且从自然科学/历史现象向商业与人生外推的类比链较长；若进入正文容易造成错误归因或过度解释。,人工式复评关注内容增量与身份边界；不以目录、篇幅、模型层级或旧版未收录作为单独排除理由。
DR-028,content/models/equilibrium-and-far-from-equilibrium.md,均衡与远离均衡态,通用模型与编辑扩展,均衡是死亡、远离均衡是生命——生命体通过持续摄入低熵能量维持有序结构，普利高津的耗散结构理论揭示了企业和经济体维持活力的深层逻辑。,相对芒格原始演讲，该稿新增了“均衡与远离均衡态”的跨学科定义、机制和应用路径；此增量属于通用知识或后人兼容扩展，不能标为芒格原创。,两种稳定：死的和活的；一家企业是一个耗散结构；经济体：一个远离均衡的超级结构,主要价值在于展示后人扩展的边界和类比风险；缺少芒格直接证据，不进入人物思想主叙事。,现有内部材料缺少芒格直接使用证据，且对主线贡献有限。,成立：独立内容存在，但与芒格直接思想链较弱且类比风险较高，保留D级和典藏位置。,D,munger-ch-11,完整典藏层“通用模型候选/物理学与化学/均衡与远离均衡态”及来源/主题索引；不进入主书叙事,否,否,是,是,缺少芒格直接提出或反复使用证据，且从自然科学/历史现象向商业与人生外推的类比链较长；若进入正文容易造成错误归因或过度解释。,人工式复评关注内容增量与身份边界；不以目录、篇幅、模型层级或旧版未收录作为单独排除理由。
DR-029,content/models/evolutionary-arms-race.md,进化军备竞赛,通用模型与编辑扩展,进化军备竞赛描述了竞争双方不断升级各自能力但相对关系不变的螺旋，毒蛇与地松鼠的万年对抗揭示了商业竞争中无休止升级的底层逻辑。,相对芒格原始演讲，该稿新增了“进化军备竞赛”的跨学科定义、机制和应用路径；此增量属于通用知识或后人兼容扩展，不能标为芒格原创。,毒蛇与地松鼠的永恒战争；可口可乐vs百事：一千亿美元的广告战；药企专利悬崖：攻防的永恒循环,可作为芒格体系的兼容扩展或反例材料；首次出现必须标注通用模型/编辑扩展身份。,现有内部材料缺少芒格直接使用证据，且对主线贡献有限。,部分成立：不承担主书核心证据，但其附录、索引或资料组织价值明确。,C,munger-ch-11,模型身份附录“生物学与进化论”分组及概念索引“进化军备竞赛”；关联munger-ch-11,否,是,是,是,不适用：已提升为B级或C级编辑用途。,人工式复评关注内容增量与身份边界；不以目录、篇幅、模型层级或旧版未收录作为单独排除理由。
DR-030,content/models/evolutionary-epistemology.md,进化认识论,通用模型与编辑扩展,人类知识的进步遵循与生物进化相同的逻辑：新思想如基因突变般出现，经受现实检验的选择压力，在残酷竞争中逐渐逼近真理。,相对芒格原始演讲，该稿新增了“进化认识论”的跨学科定义、机制和应用路径；此增量属于通用知识或后人兼容扩展，不能标为芒格原创。,库恩的范式革命：知识进化不是平滑的；商业模式的进化选择：市场作为淘汰机制；像对待科学假说一样检验信念,可作为芒格体系的兼容扩展或反例材料；首次出现必须标注通用模型/编辑扩展身份。,现有内部材料缺少芒格直接使用证据，且对主线贡献有限。,部分成立：不承担主书核心证据，但其附录、索引或资料组织价值明确。,C,munger-ch-11,模型身份附录“历史学与哲学”分组及概念索引“进化认识论”；关联munger-ch-11,否,是,是,是,不适用：已提升为B级或C级编辑用途。,人工式复评关注内容增量与身份边界；不以目录、篇幅、模型层级或旧版未收录作为单独排除理由。
DR-031,content/models/exponential-growth.md,指数增长与种群动力学,通用模型与编辑扩展,指数增长与种群动力学揭示了J曲线和S曲线的本质——培养皿在第59分钟才半满，理解指数增长的反直觉特性是识别机会与危机的关键。,相对芒格原始演讲，该稿新增了“指数增长与种群动力学”的跨学科定义、机制和应用路径；此增量属于通用知识或后人兼容扩展，不能标为芒格原创。,培养皿里的最后一个小时；细菌的真实教训：指数增长与极限；SaaS企业的S曲线：一个当代案例,可作为芒格体系的兼容扩展或反例材料；首次出现必须标注通用模型/编辑扩展身份。,现有内部材料缺少芒格直接使用证据，且对主线贡献有限。,部分成立：不承担主书核心证据，但其附录、索引或资料组织价值明确。,C,munger-ch-04,模型身份附录“生物学与进化论”分组及概念索引“指数增长与种群动力学”；关联munger-ch-04,否,是,是,是,不适用：已提升为B级或C级编辑用途。,人工式复评关注内容增量与身份边界；不以目录、篇幅、模型层级或旧版未收录作为单独排除理由。
DR-032,content/models/extinction-irreversibility.md,灭绝与不可逆性,通用模型与编辑扩展,灭绝与不可逆性警示我们某些错误只需犯一次就足以致命——如同给一串数字乘以零，无论之前多辉煌结果都是零，避免归零是一切策略的前提。,相对芒格原始演讲，该稿新增了“灭绝与不可逆性”的跨学科定义、机制和应用路径；此增量属于通用知识或后人兼容扩展，不能标为芒格原创。,一条不该打开的门；雷曼兄弟：一个158年物种的灭绝；声誉的不可逆损毁,可作为芒格体系的兼容扩展或反例材料；首次出现必须标注通用模型/编辑扩展身份。,现有内部材料缺少芒格直接使用证据，且对主线贡献有限。,不再成立为排除理由：直接归因限制仍成立，但材料具有明确侧栏或案例增量。,B,munger-ch-05,章节侧栏/补充解释“灭绝与不可逆性”（munger-ch-05）；首次标注“通用模型或编辑扩展”,是,否,是,是,不适用：已提升为B级或C级编辑用途。,人工式复评关注内容增量与身份边界；不以目录、篇幅、模型层级或旧版未收录作为单独排除理由。
DR-033,content/models/fault-tolerance.md,容错设计与优雅降级,通用模型与编辑扩展,Netflix每天故意在生产环境中杀死服务器却无用户感知异常——好的系统不追求永不出错，而是确保出错时功能逐步减少但核心仍然运转。,相对芒格原始演讲，该稿新增了“容错设计与优雅降级”的跨学科定义、机制和应用路径；此增量属于通用知识或后人兼容扩展，不能标为芒格原创。,伯克希尔：一台容错机器；Netflix的混沌工程：主动寻找故障；不是永不倒下，而是永远能站起来,可作为芒格体系的兼容扩展或反例材料；首次出现必须标注通用模型/编辑扩展身份。,现有内部材料缺少芒格直接使用证据，且对主线贡献有限。,不再成立为排除理由：直接归因限制仍成立，但材料具有明确侧栏或案例增量。,B,munger-ch-06,章节侧栏/补充解释“容错设计与优雅降级”（munger-ch-06）；首次标注“通用模型或编辑扩展”,是,否,是,是,不适用：已提升为B级或C级编辑用途。,人工式复评关注内容增量与身份边界；不以目录、篇幅、模型层级或旧版未收录作为单独排除理由。
DR-034,content/models/feynman-technique.md,费曼技巧,通用模型与编辑扩展,能否用简单语言解释一件事，是检验是否真正理解它的唯一可靠方法。费曼技巧通过'以教代学'暴露被动识别与主动生成之间的认知鸿沟。,相对芒格原始演讲，该稿新增了“费曼技巧”的跨学科定义、机制和应用路径；此增量属于通用知识或后人兼容扩展，不能标为芒格原创。,一个物理学家的诚实；费曼在康奈尔的蚂蚁实验；芒格的“能力圈”：费曼技巧的投资应用,可作为芒格体系的兼容扩展或反例材料；首次出现必须标注通用模型/编辑扩展身份。,现有内部材料缺少芒格直接使用证据，且对主线贡献有限。,部分成立：不承担主书核心证据，但其附录、索引或资料组织价值明确。,C,munger-ch-05,模型身份附录“元认知与思维方法论”分组及概念索引“费曼技巧”；关联munger-ch-05,否,是,是,是,不适用：已提升为B级或C级编辑用途。,人工式复评关注内容增量与身份边界；不以目录、篇幅、模型层级或旧版未收录作为单独排除理由。
DR-035,content/models/fiduciary-duty.md,信托责任,通用模型与编辑扩展,信托责任要求受托人将他人利益置于自身利益之上，是法律体系中最高等级的义务标准。芒格和巴菲特以身作则，将其视为商业道德的基石。,相对芒格原始演讲，该稿新增了“信托责任”的跨学科定义、机制和应用路径；此增量属于通用知识或后人兼容扩展，不能标为芒格原创。,一封每年都寄出的信；信托责任到底要求什么；2008年：当信托责任被系统性遗忘,可作为芒格体系的兼容扩展或反例材料；首次出现必须标注通用模型/编辑扩展身份。,现有内部材料缺少芒格直接使用证据，且对主线贡献有限。,不再成立为排除理由：直接归因限制仍成立，但材料具有明确侧栏或案例增量。,B,munger-ch-14,章节侧栏/补充解释“信托责任”（munger-ch-14）；首次标注“通用模型或编辑扩展”,是,否,是,是,不适用：已提升为B级或C级编辑用途。,人工式复评关注内容增量与身份边界；不以目录、篇幅、模型层级或旧版未收录作为单独排除理由。
DR-036,content/models/five-ws-principle.md,五何原则,通用模型与编辑扩展,传达任何信息必须说明何人因何故在何时何地做了何事。这条卡尔·布劳恩的铁律对模糊性零容忍，因为模糊的语言几乎总是模糊思维的症状。,相对芒格原始演讲，该稿新增了“五何原则”的跨学科定义、机制和应用路径；此增量属于可与项目内演讲交叉核对的扩展整理，不能标为芒格原创。,哥伦比亚号的七条命：模糊沟通的致命代价；如何用五何原则；简单到不可原谅的被忽视,可用于显示芒格如何借用通用知识并纳入自身体系；必须同时保留思想源流和非原创边界。,现有内部材料缺少芒格直接使用证据，且对主线贡献有限。,不再成立为排除理由：直接归因限制仍成立，但材料具有明确侧栏或案例增量。,B,munger-ch-02,章节侧栏/补充解释“五何原则”（munger-ch-02）；首次标注“通用模型或编辑扩展”,是,否,是,是,不适用：已提升为B级或C级编辑用途。,人工式复评关注内容增量与身份边界；不以目录、篇幅、模型层级或旧版未收录作为单独排除理由。
DR-037,content/models/franklins-self-improvement-system.md,富兰克林的自我修炼,通用模型与编辑扩展,富兰克林用十三条美德清单和数据追踪系统，将品格发展从模糊的道德愿望变成精确的自我迭代工程，深刻启发了芒格的终身自我修炼哲学。,相对芒格原始演讲，该稿新增了“富兰克林的自我修炼”的跨学科定义、机制和应用路径；此增量属于通用知识或后人兼容扩展，不能标为芒格原创。,富兰克林的13美德清单：一个两百年前的自我迭代系统；芒格的“每天进步一点”：富兰克林精神的现代版；富兰克林的人生：一个自我修炼复利效应的完整案例,可作为芒格体系的兼容扩展或反例材料；首次出现必须标注通用模型/编辑扩展身份。,现有内部材料缺少芒格直接使用证据，且对主线贡献有限。,部分成立：不承担主书核心证据，但其附录、索引或资料组织价值明确。,C,munger-ch-04,模型身份附录“历史学与哲学”分组及概念索引“富兰克林的自我修炼”；关联munger-ch-04,否,是,是,是,不适用：已提升为B级或C级编辑用途。,人工式复评关注内容增量与身份边界；不以目录、篇幅、模型层级或旧版未收录作为单独排除理由。
DR-038,content/models/half-life.md,半衰期,通用模型与编辑扩展,半衰期揭示了事物按固定比例指数衰减的规律——从药物浓度到知识过时，不同事物的持久性差异巨大，聪明人应把资源投入半衰期最长的事物。,相对芒格原始演讲，该稿新增了“半衰期”的跨学科定义、机制和应用路径；此增量属于通用知识或后人兼容扩展，不能标为芒格原创。,指数衰减：为什么“慢慢变没”的速度超出直觉；知识的半衰期：芒格为什么偏爱“长青”知识；竞争优势的半衰期：为什么有些护城河是永恒的,可作为芒格体系的兼容扩展或反例材料；首次出现必须标注通用模型/编辑扩展身份。,现有内部材料缺少芒格直接使用证据，且对主线贡献有限。,部分成立：不承担主书核心证据，但其附录、索引或资料组织价值明确。,C,munger-ch-11,模型身份附录“物理学与化学”分组及概念索引“半衰期”；关联munger-ch-11,否,是,是,是,不适用：已提升为B级或C级编辑用途。,人工式复评关注内容增量与身份边界；不以目录、篇幅、模型层级或旧版未收录作为单独排除理由。
DR-039,content/models/historical-contingency-path-dependence.md,历史偶然性与路径依赖,通用模型与编辑扩展,历史的走向不由内在必然性决定，而在关键节点受偶然事件深刻影响；一旦发生便锁定此后的发展路径，对投资和决策有重大启示。,相对芒格原始演讲，该稿新增了“历史偶然性与路径依赖”的跨学科定义、机制和应用路径；此增量属于通用知识或后人兼容扩展，不能标为芒格原创。,标志性案例：偶然如何锁定历史；偶然与必然之间；关联模型,可作为芒格体系的兼容扩展或反例材料；首次出现必须标注通用模型/编辑扩展身份。,现有内部材料缺少芒格直接使用证据，且对主线贡献有限。,部分成立：不承担主书核心证据，但其附录、索引或资料组织价值明确。,C,munger-ch-11,模型身份附录“历史学与哲学”分组及概念索引“历史偶然性与路径依赖”；关联munger-ch-11,否,是,是,是,不适用：已提升为B级或C级编辑用途。,人工式复评关注内容增量与身份边界；不以目录、篇幅、模型层级或旧版未收录作为单独排除理由。
DR-040,content/models/immune-system-antifragility.md,免疫系统与抗脆弱性,通用模型与编辑扩展,免疫系统是抗脆弱性的生物学原型——有些系统不只能承受伤害，而是需要伤害才能变强，疫苗的原理正是通过可控的小伤害换取对大威胁的免疫。,相对芒格原始演讲，该稿新增了“免疫系统与抗脆弱性”的跨学科定义、机制和应用路径；此增量属于通用知识或后人兼容扩展，不能标为芒格原创。,那些差点杀死你的东西；“干净”的孩子为什么更容易生病；桥水基金的“免疫系统”,主要价值在于展示后人扩展的边界和类比风险；缺少芒格直接证据，不进入人物思想主叙事。,现有内部材料缺少芒格直接使用证据，且对主线贡献有限。,成立：独立内容存在，但与芒格直接思想链较弱且类比风险较高，保留D级和典藏位置。,D,munger-ch-13,完整典藏层“通用模型候选/生物学与进化论/免疫系统与抗脆弱性”及来源/主题索引；不进入主书叙事,否,否,是,是,缺少芒格直接提出或反复使用证据，且从自然科学/历史现象向商业与人生外推的类比链较长；若进入正文容易造成错误归因或过度解释。,人工式复评关注内容增量与身份边界；不以目录、篇幅、模型层级或旧版未收录作为单独排除理由。
DR-041,content/models/intellectual-property-law.md,知识产权法,通用模型与编辑扩展,知识产权法通过专利、商标和版权制度，在激励创新与促进知识传播之间寻求平衡，是理解企业护城河和竞争优势的关键法律框架。,相对芒格原始演讲，该稿新增了“知识产权法”的跨学科定义、机制和应用路径；此增量属于通用知识或后人兼容扩展，不能标为芒格原创。,苹果的专利战争：知识产权如何重塑行业竞争；迪士尼的版权博弈：当法律跟随商业利益；法律构筑的无形护城河,可作为芒格体系的兼容扩展或反例材料；首次出现必须标注通用模型/编辑扩展身份。,现有内部材料缺少芒格直接使用证据，且对主线贡献有限。,部分成立：不承担主书核心证据，但其附录、索引或资料组织价值明确。,C,munger-ch-08,模型身份附录“法学与政治学”分组及概念索引“知识产权法”；关联munger-ch-08,否,是,是,是,不适用：已提升为B级或C级编辑用途。,人工式复评关注内容增量与身份边界；不以目录、篇幅、模型层级或旧版未收录作为单独排除理由。
DR-042,content/models/iteration-prototyping.md,迭代与原型,通用模型与编辑扩展,SpaceX四次发射三次失败后改写了航天经济学，而NASA的SLS十一年230亿美元才完成一次发射——迭代开发承认你无法在动手前完全理解问题。,相对芒格原始演讲，该稿新增了“迭代与原型”的跨学科定义、机制和应用路径；此增量属于通用知识或后人兼容扩展，不能标为芒格原创。,迭代的核心逻辑：用行动来消解无知；MVP：硅谷如何把工程学原理变成商业方法论；迭代思维与芒格：表面矛盾下的深层一致,可作为芒格体系的兼容扩展或反例材料；首次出现必须标注通用模型/编辑扩展身份。,现有内部材料缺少芒格直接使用证据，且对主线贡献有限。,部分成立：不承担主书核心证据，但其附录、索引或资料组织价值明确。,C,munger-ch-13,模型身份附录“工程学”分组及概念索引“迭代与原型”；关联munger-ch-13,否,是,是,是,不适用：已提升为B级或C级编辑用途。,人工式复评关注内容增量与身份边界；不以目录、篇幅、模型层级或旧版未收录作为单独排除理由。
DR-043,content/models/law-of-large-numbers.md,大数定律,通用模型与编辑扩展,大数定律揭示了样本越大真实规律越清晰的统计本质，解释了为何短期表现无法区分运气与能力，以及赌场和投资中如何利用长期确定性。,相对芒格原始演讲，该稿新增了“大数定律”的跨学科定义、机制和应用路径；此增量属于通用知识或后人兼容扩展，不能标为芒格原创。,硬币、赌场和你的直觉；为什么你不能从三个季度判断一个CEO；投资业绩的随机性：一个令人不安的真相,可作为芒格体系的兼容扩展或反例材料；首次出现必须标注通用模型/编辑扩展身份。,现有内部材料缺少芒格直接使用证据，且对主线贡献有限。,不再成立为排除理由：直接归因限制仍成立，但材料具有明确侧栏或案例增量。,B,munger-ch-04,章节侧栏/补充解释“大数定律”（munger-ch-04）；首次标注“通用模型或编辑扩展”,是,否,是,是,不适用：已提升为B级或C级编辑用途。,人工式复评关注内容增量与身份边界；不以目录、篇幅、模型层级或旧版未收录作为单独排除理由。
DR-044,content/models/modern-darwinian-synthesis.md,进化论,通用模型与编辑扩展,现代达尔文综合进化论是芒格最重要的思维模型之一——随机变异、自然选择和遗传三个齿轮驱动的淘汰机制，是理解竞争和商业本质的基石。,相对芒格原始演讲，该稿新增了“进化论”的跨学科定义、机制和应用路径；此增量属于可与项目内演讲交叉核对的扩展整理，不能标为芒格原创。,一场持续了三十亿年的淘汰赛；商业就是一场自然选择；伯克希尔的“物种策略”,可用于显示芒格如何借用通用知识并纳入自身体系；必须同时保留思想源流和非原创边界。,现有内部材料缺少芒格直接使用证据，且对主线贡献有限。,不再成立为排除理由：直接归因限制仍成立，但材料具有明确侧栏或案例增量。,B,munger-ch-02,章节侧栏/补充解释“进化论”（munger-ch-02）；首次标注“通用模型或编辑扩展”,是,否,是,是,不适用：已提升为B级或C级编辑用途。,人工式复评关注内容增量与身份边界；不以目录、篇幅、模型层级或旧版未收录作为单独排除理由。
DR-045,content/models/momentum.md,动量与惯性,通用模型与编辑扩展,动量与惯性解释了运动中的物体倾向于保持运动的物理定律，柯达明知数码技术却无法转身的案例展示了组织惯性如何将优势变成致命枷锁。,相对芒格原始演讲，该稿新增了“动量与惯性”的跨学科定义、机制和应用路径；此增量属于通用知识或后人兼容扩展，不能标为芒格原创。,牛顿第一定律：宇宙中最顽固的倾向；消费者习惯：你以为你在选择，其实你在惯性滑行；组织变革为何如此困难：惯性的五个层面,可作为芒格体系的兼容扩展或反例材料；首次出现必须标注通用模型/编辑扩展身份。,现有内部材料缺少芒格直接使用证据，且对主线贡献有限。,部分成立：不承担主书核心证据，但其附录、索引或资料组织价值明确。,C,munger-ch-02,模型身份附录“物理学与化学”分组及概念索引“动量与惯性”；关联munger-ch-02,否,是,是,是,不适用：已提升为B级或C级编辑用途。,人工式复评关注内容增量与身份边界；不以目录、篇幅、模型层级或旧版未收录作为单独排除理由。
DR-046,content/models/multiplicative-systems.md,乘法系统思维,通用模型与编辑扩展,乘法系统思维揭示了串联系统的残酷算术——当成功要求每个环节都成功时，总成功率是各环节概率的乘积，衰减速度远超直觉预期。,相对芒格原始演讲，该稿新增了“乘法系统思维”的跨学科定义、机制和应用路径；此增量属于通用知识或后人兼容扩展，不能标为芒格原创。,乘法的残酷算术；航天飞机：当乘法系统遇上极端复杂性；复杂商业计划为什么常常失败,可作为芒格体系的兼容扩展或反例材料；首次出现必须标注通用模型/编辑扩展身份。,现有内部材料缺少芒格直接使用证据，且对主线贡献有限。,不再成立为排除理由：直接归因限制仍成立，但材料具有明确侧栏或案例增量。,B,munger-ch-04,章节侧栏/补充解释“乘法系统思维”（munger-ch-04）；首次标注“通用模型或编辑扩展”,是,否,是,是,不适用：已提升为B级或C级编辑用途。,人工式复评关注内容增量与身份边界；不以目录、篇幅、模型层级或旧版未收录作为单独排除理由。
DR-047,content/models/natural-selection-survival-of-the-fittest.md,自然选择与适者生存,通用模型与编辑扩展,自然选择中的适者不是最强者而是最适合当前环境者，没有绝对的适者只有相对于特定环境的适配，这一洞见深刻改变了对竞争和成功的理解。,相对芒格原始演讲，该稿新增了“自然选择与适者生存”的跨学科定义、机制和应用路径；此增量属于通用知识或后人兼容扩展，不能标为芒格原创。,“适者”到底是谁；选择机制的精确解剖；达尔文雀的喙：选择的实时观测,可作为芒格体系的兼容扩展或反例材料；首次出现必须标注通用模型/编辑扩展身份。,现有内部材料缺少芒格直接使用证据，且对主线贡献有限。,部分成立：不承担主书核心证据，但其附录、索引或资料组织价值明确。,C,munger-ch-11,模型身份附录“生物学与进化论”分组及概念索引“自然选择与适者生存”；关联munger-ch-11,否,是,是,是,不适用：已提升为B级或C级编辑用途。,人工式复评关注内容增量与身份边界；不以目录、篇幅、模型层级或旧版未收录作为单独排除理由。
DR-048,content/models/negligence-vs-strict-liability.md,过失与严格责任,通用模型与编辑扩展,过失责任要求证明被告未尽合理注意义务，严格责任则不论是否有过错均须担责。两种归责模式深刻影响企业的风险管理和产品安全决策。,相对芒格原始演讲，该稿新增了“过失与严格责任”的跨学科定义、机制和应用路径；此增量属于通用知识或后人兼容扩展，不能标为芒格原创。,72亿美元的判决书；两种完全不同的问责逻辑；强生爽身粉：当“注意”不是免罪符,可作为芒格体系的兼容扩展或反例材料；首次出现必须标注通用模型/编辑扩展身份。,现有内部材料缺少芒格直接使用证据，且对主线贡献有限。,部分成立：不承担主书核心证据，但其附录、索引或资料组织价值明确。,C,munger-ch-08,模型身份附录“法学与政治学”分组及概念索引“过失与严格责任”；关联munger-ch-08,否,是,是,是,不适用：已提升为B级或C级编辑用途。,人工式复评关注内容增量与身份边界；不以目录、篇幅、模型层级或旧版未收录作为单独排除理由。
DR-049,content/models/network-theory.md,网络理论,通用模型与编辑扩展,网络理论研究节点之间的连接模式如何决定系统行为，从六度分隔到无标度网络，揭示了信息传播、系统韧性和商业竞争格局的隐藏结构。,相对芒格原始演讲，该稿新增了“网络理论”的跨学科定义、机制和应用路径；此增量属于通用知识或后人兼容扩展，不能标为芒格原创。,从欧拉的七座桥说起；梅特卡夫定律：为什么网络效应如此强大；小世界网络：六步之遥的数学,可作为芒格体系的兼容扩展或反例材料；首次出现必须标注通用模型/编辑扩展身份。,现有内部材料缺少芒格直接使用证据，且对主线贡献有限。,不再成立为排除理由：直接归因限制仍成立，但材料具有明确侧栏或案例增量。,B,munger-ch-11,章节侧栏/补充解释“网络理论”（munger-ch-11）；首次标注“通用模型或编辑扩展”,是,否,是,是,不适用：已提升为B级或C级编辑用途。,人工式复评关注内容增量与身份边界；不以目录、篇幅、模型层级或旧版未收录作为单独排除理由。
DR-050,content/models/niche-differentiation.md,利基分化,通用模型与编辑扩展,利基分化通过占据独特的生态位来避免直接竞争，达尔文雀的十三种喙型揭示了商业铁律——与其争夺同一张桌子不如找到属于自己的饭碗。,相对芒格原始演讲，该稿新增了“利基分化”的跨学科定义、机制和应用路径；此增量属于通用知识或后人兼容扩展，不能标为芒格原创。,十三种雀的秘密；高斯的竞争排斥原则；In-N-Out Burger：一个汉堡店的进化智慧,可作为芒格体系的兼容扩展或反例材料；首次出现必须标注通用模型/编辑扩展身份。,现有内部材料缺少芒格直接使用证据，且对主线贡献有限。,部分成立：不承担主书核心证据，但其附录、索引或资料组织价值明确。,C,munger-ch-05,模型身份附录“生物学与进化论”分组及概念索引“利基分化”；关联munger-ch-05,否,是,是,是,不适用：已提升为B级或C级编辑用途。,人工式复评关注内容增量与身份边界；不以目录、篇幅、模型层级或旧版未收录作为单独排除理由。
DR-051,content/models/nonlinear-consequences.md,非线性后果,通用模型与编辑扩展,非线性后果揭示了输入与输出之间的非比例关系——泰坦尼克号速度仅增50%但制动距离增125%，人类直觉的线性假设在非线性世界中会导致灾难性误判。,相对芒格原始演讲，该稿新增了“非线性后果”的跨学科定义、机制和应用路径；此增量属于通用知识或后人兼容扩展，不能标为芒格原创。,什么是非线性？；一条河流如何变成杀手；巴菲特的非线性赌局,可作为芒格体系的兼容扩展或反例材料；首次出现必须标注通用模型/编辑扩展身份。,现有内部材料缺少芒格直接使用证据，且对主线贡献有限。,不再成立为排除理由：直接归因限制仍成立，但材料具有明确侧栏或案例增量。,B,munger-ch-10,章节侧栏/补充解释“非线性后果”（munger-ch-10）；首次标注“通用模型或编辑扩展”,是,否,是,是,不适用：已提升为B级或C级编辑用途。,人工式复评关注内容增量与身份边界；不以目录、篇幅、模型层级或旧版未收录作为单独排除理由。
DR-052,content/models/normal-non-normal-distributions.md,正态与非正态分布,通用模型与编辑扩展,正态分布与肥尾分布的本质区别决定了极端事件的发生概率，LTCM的崩溃警示我们不能用钟形曲线的假设来建模真实世界的风险。,相对芒格原始演讲，该稿新增了“正态与非正态分布”的跨学科定义、机制和应用路径；此增量属于通用知识或后人兼容扩展，不能标为芒格原创。,正态分布：为什么它如此诱人；肥尾：现实世界的真实形状；“平均斯坦”与“极端斯坦”,可作为芒格体系的兼容扩展或反例材料；首次出现必须标注通用模型/编辑扩展身份。,现有内部材料缺少芒格直接使用证据，且对主线贡献有限。,不再成立为排除理由：直接归因限制仍成立，但材料具有明确侧栏或案例增量。,B,munger-ch-04,章节侧栏/补充解释“正态与非正态分布”（munger-ch-04）；首次标注“通用模型或编辑扩展”,是,否,是,是,不适用：已提升为B级或C级编辑用途。,人工式复评关注内容增量与身份边界；不以目录、篇幅、模型层级或旧版未收录作为单独排除理由。
DR-053,content/models/parasitism-mutualism.md,寄生与共生,通用模型与编辑扩展,寄生与共生是两种截然不同的关系模式——互利共生让双方都更强大、关系更持久，而寄生关系终将耗尽宿主，芒格以Costco为典范阐释商业中的共生智慧。,相对芒格原始演讲，该稿新增了“寄生与共生”的跨学科定义、机制和应用路径；此增量属于通用知识或后人兼容扩展，不能标为芒格原创。,从剥削到合作：Costco为什么让利；平台寄生：当中间商变成绦虫；创造价值的中间商vs寄生性中间商,可作为芒格体系的兼容扩展或反例材料；首次出现必须标注通用模型/编辑扩展身份。,现有内部材料缺少芒格直接使用证据，且对主线贡献有限。,部分成立：不承担主书核心证据，但其附录、索引或资料组织价值明确。,C,munger-ch-11,模型身份附录“生物学与进化论”分组及概念索引“寄生与共生”；关联munger-ch-11,否,是,是,是,不适用：已提升为B级或C级编辑用途。,人工式复评关注内容增量与身份边界；不以目录、篇幅、模型层级或旧版未收录作为单独排除理由。
DR-054,content/models/patents-trademarks-franchises.md,专利权、商标权与特许经营权,通用模型与编辑扩展,专利提供有限期垄断，商标可无限期自我强化，经济特许经营权赋予持久定价权——理解这三种无形资产是芒格从捡烟蒂转向买伟大企业的关键转折。,相对芒格原始演讲，该稿新增了“专利权、商标权与特许经营权”的跨学科定义、机制和应用路径；此增量属于通用知识或后人兼容扩展，不能标为芒格原创。,经济特许经营权 vs 商业企业：一个生死区分；三种护城河的生命周期；如何在实践中运用,可作为芒格体系的兼容扩展或反例材料；首次出现必须标注通用模型/编辑扩展身份。,现有内部材料缺少芒格直接使用证据，且对主线贡献有限。,不再成立为排除理由：直接归因限制仍成立，但材料具有明确侧栏或案例增量。,B,munger-ch-12,章节侧栏/补充解释“专利权、商标权与特许经营权”（munger-ch-12）；首次标注“通用模型或编辑扩展”,是,否,是,是,不适用：已提升为B级或C级编辑用途。,人工式复评关注内容增量与身份边界；不以目录、篇幅、模型层级或旧版未收录作为单独排除理由。
DR-055,content/models/permutations-and-combinations.md,排列组合原理,通用模型与编辑扩展,排列组合原理揭示了多环节串联系统的概率衰减效应——当一个计划需要多个独立环节全部成功时，整体成功率远低于任何单一环节的成功率。,相对芒格原始演讲，该稿新增了“排列组合原理”的跨学科定义、机制和应用路径；此增量属于可与项目内演讲交叉核对的扩展整理，不能标为芒格原创。,从扑克牌到商业帝国；保险精算：排列组合的百亿美元应用；日常决策：你每天都在做概率估算，只是做得很糟,可用于显示芒格如何借用通用知识并纳入自身体系；必须同时保留思想源流和非原创边界。,现有内部材料缺少芒格直接使用证据，且对主线贡献有限。,不再成立为排除理由：直接归因限制仍成立，但材料具有明确侧栏或案例增量。,B,munger-ch-04,章节侧栏/补充解释“排列组合原理”（munger-ch-04）；首次标注“通用模型或编辑扩展”,是,否,是,是,不适用：已提升为B级或C级编辑用途。,人工式复评关注内容增量与身份边界；不以目录、篇幅、模型层级或旧版未收录作为单独排除理由。
DR-056,content/models/phase-transitions.md,相变与临界现象,通用模型与编辑扩展,相变揭示了系统在临界点发生突然、不连续跳跃的本质——从99度到100度只多了一度但水变成了蒸汽，商业和社会中的剧变同样遵循这种非渐进逻辑。,相对芒格原始演讲，该稿新增了“相变与临界现象”的跨学科定义、机制和应用路径；此增量属于通用知识或后人兼容扩展，不能标为芒格原创。,99度的水和100度的水；相变的物理学：为什么临界点如此特殊；社交网络的相变：从冷清到爆发没有中间地带,可作为芒格体系的兼容扩展或反例材料；首次出现必须标注通用模型/编辑扩展身份。,现有内部材料缺少芒格直接使用证据，且对主线贡献有限。,部分成立：不承担主书核心证据，但其附录、索引或资料组织价值明确。,C,munger-ch-02,模型身份附录“物理学与化学”分组及概念索引“相变与临界现象”；关联munger-ch-02,否,是,是,是,不适用：已提升为B级或C级编辑用途。,人工式复评关注内容增量与身份边界；不以目录、篇幅、模型层级或旧版未收录作为单独排除理由。
DR-057,content/models/physics-envy.md,物理学妒忌,通用模型与编辑扩展,把适用于物理世界的精确方法论不加修正地移植到人类社会系统中，是一种致命的类比错误。LTCM用物理学般的数学模型交易，却遭遇了'不可能'的崩溃。,相对芒格原始演讲，该稿新增了“物理学妒忌”的跨学科定义、机制和应用路径；此增量属于可与项目内演讲交叉核对的扩展整理，不能标为芒格原创。,芒格的诊断：聪明人的傲慢；软科学的困境：精确性幻觉；如何避免物理学妒忌,可用于显示芒格如何借用通用知识并纳入自身体系；必须同时保留思想源流和非原创边界。,现有内部材料缺少芒格直接使用证据，且对主线贡献有限。,不再成立为排除理由：直接归因限制仍成立，但材料具有明确侧栏或案例增量。,B,munger-ch-06,章节侧栏/补充解释“物理学妒忌”（munger-ch-06）；首次标注“通用模型或编辑扩展”,是,否,是,是,不适用：已提升为B级或C级编辑用途。,人工式复评关注内容增量与身份边界；不以目录、篇幅、模型层级或旧版未收录作为单独排除理由。
DR-058,content/models/pluralistic-ignorance.md,多数无知与从众谬误,通用模型与编辑扩展,每个人私下都不相信某件事，但以为其他人相信，于是都假装相信——群体的公开行为可以与每个个体的真实想法完全相反。皇帝新衣效应无处不在。,相对芒格原始演讲，该稿新增了“多数无知与从众谬误”的跨学科定义、机制和应用路径；此增量属于通用知识或后人兼容扩展，不能标为芒格原创。,从众谬误：因为很多人相信所以一定是对的；2008年：一场全球规模的皇帝新衣；如何对抗多数无知与从众谬误,可作为芒格体系的兼容扩展或反例材料；首次出现必须标注通用模型/编辑扩展身份。,现有内部材料缺少芒格直接使用证据，且对主线贡献有限。,不再成立为排除理由：直接归因限制仍成立，但材料具有明确侧栏或案例增量。,B,munger-ch-09,章节侧栏/补充解释“多数无知与从众谬误”（munger-ch-09）；首次标注“通用模型或编辑扩展”,是,否,是,是,不适用：已提升为B级或C级编辑用途。,人工式复评关注内容增量与身份边界；不以目录、篇幅、模型层级或旧版未收录作为单独排除理由。
DR-059,content/models/precedent.md,先例原则,通用模型与编辑扩展,先例原则要求法官遵循此前已确立的判决，以确保法律的可预测性和一致性。这一原则在商业和投资决策中同样提供了稳定性与路径依赖的双刃剑效应。,相对芒格原始演讲，该稿新增了“先例原则”的跨学科定义、机制和应用路径；此增量属于通用知识或后人兼容扩展，不能标为芒格原创。,三百年前的法官替你做了决定；普通法：人类最伟大的智慧积累实验；商业中的“最佳实践”：先例思维的迁移,可作为芒格体系的兼容扩展或反例材料；首次出现必须标注通用模型/编辑扩展身份。,现有内部材料缺少芒格直接使用证据，且对主线贡献有限。,部分成立：不承担主书核心证据，但其附录、索引或资料组织价值明确。,C,munger-ch-11,模型身份附录“法学与政治学”分组及概念索引“先例原则”；关联munger-ch-11,否,是,是,是,不适用：已提升为B级或C级编辑用途。,人工式复评关注内容增量与身份边界；不以目录、篇幅、模型层级或旧版未收录作为单独排除理由。
DR-060,content/models/principle-of-least-energy.md,最小能量原理,通用模型与编辑扩展,最小能量原理揭示了自然界从光的路径到河流走向都倾向于选择消耗最少能量的路径，理解这一宇宙基本倾向有助于预测系统行为和设计高效策略。,相对芒格原始演讲，该稿新增了“最小能量原理”的跨学科定义、机制和应用路径；此增量属于通用知识或后人兼容扩展，不能标为芒格原创。,宇宙的“懒惰”；河流的智慧与密西西比河的教训；芒格的“容易的决策”,主要价值在于展示后人扩展的边界和类比风险；缺少芒格直接证据，不进入人物思想主叙事。,现有内部材料缺少芒格直接使用证据，且对主线贡献有限。,成立：独立内容存在，但与芒格直接思想链较弱且类比风险较高，保留D级和典藏位置。,D,munger-ch-07,完整典藏层“通用模型候选/物理学与化学/最小能量原理”及来源/主题索引；不进入主书叙事,否,否,是,是,缺少芒格直接提出或反复使用证据，且从自然科学/历史现象向商业与人生外推的类比链较长；若进入正文容易造成错误归因或过度解释。,人工式复评关注内容增量与身份边界；不以目录、篇幅、模型层级或旧版未收录作为单独排除理由。
DR-061,content/models/punctuated-equilibrium.md,间断均衡,通用模型与编辑扩展,间断均衡颠覆了进化渐进主义的传统图景——化石记录显示物种在长期稳定后突然剧变，进化不是平滑斜坡而是被短暂跃升打断的长长阶梯。,相对芒格原始演讲，该稿新增了“间断均衡”的跨学科定义、机制和应用路径；此增量属于通用知识或后人兼容扩展，不能标为芒格原创。,进化不是斜坡，而是阶梯；寒武纪大爆发：生命史上最壮观的“间断”；科技行业：商业世界的间断均衡,可作为芒格体系的兼容扩展或反例材料；首次出现必须标注通用模型/编辑扩展身份。,现有内部材料缺少芒格直接使用证据，且对主线贡献有限。,部分成立：不承担主书核心证据，但其附录、索引或资料组织价值明确。,C,munger-ch-11,模型身份附录“生物学与进化论”分组及概念索引“间断均衡”；关联munger-ch-11,否,是,是,是,不适用：已提升为B级或C级编辑用途。,人工式复评关注内容增量与身份边界；不以目录、篇幅、模型层级或旧版未收录作为单独排除理由。
DR-062,content/models/red-queen-effect.md,红皇后效应,通用模型与编辑扩展,红皇后效应揭示了竞争环境中必须不断进化才能维持现有地位的残酷现实——物种存在时间越久并不意味着越安全，停止奔跑就是开始落后。,相对芒格原始演讲，该稿新增了“红皇后效应”的跨学科定义、机制和应用路径；此增量属于通用知识或后人兼容扩展，不能标为芒格原创。,拼命奔跑，只为留在原地；网络安全：一场永不停止的红皇后竞赛；零售业：创新即呼吸,可作为芒格体系的兼容扩展或反例材料；首次出现必须标注通用模型/编辑扩展身份。,现有内部材料缺少芒格直接使用证据，且对主线贡献有限。,不再成立为排除理由：直接归因限制仍成立，但材料具有明确侧栏或案例增量。,B,munger-ch-11,章节侧栏/补充解释“红皇后效应”（munger-ch-11）；首次标注“通用模型或编辑扩展”,是,否,是,是,不适用：已提升为B级或C级编辑用途。,人工式复评关注内容增量与身份边界；不以目录、篇幅、模型层级或旧版未收录作为单独排除理由。
DR-063,content/models/rent-seeking-legal-view.md,寻租行为法学视角,通用模型与编辑扩展,寻租行为是利用法律和制度漏洞获取不劳而获的利益，而非通过创造价值获利。芒格尖锐批判这种将聪明才智用在错误地方的社会现象。,相对芒格原始演讲，该稿新增了“寻租行为法学视角”的跨学科定义、机制和应用路径；此增量属于通用知识或后人兼容扩展，不能标为芒格原创。,聪明人去了错误的地方；法律寻租的三重形态；芒格为什么如此在意法律寻租,可作为芒格体系的兼容扩展或反例材料；首次出现必须标注通用模型/编辑扩展身份。,现有内部材料缺少芒格直接使用证据，且对主线贡献有限。,部分成立：不承担主书核心证据，但其附录、索引或资料组织价值明确。,C,munger-ch-08,模型身份附录“法学与政治学”分组及概念索引“寻租行为法学视角”；关联munger-ch-08,否,是,是,是,不适用：已提升为B级或C级编辑用途。,人工式复评关注内容增量与身份边界；不以目录、篇幅、模型层级或旧版未收录作为单独排除理由。
DR-064,content/models/resonance.md,共振,通用模型与编辑扩展,共振揭示了当外力频率与系统固有频率吻合时能量会被极度放大的物理机制——74名士兵齐步走就能摧毁一座铁桥，关键不在力量大小而在频率匹配。,相对芒格原始演讲，该稿新增了“共振”的跨学科定义、机制和应用路径；此增量属于通用知识或后人兼容扩展，不能标为芒格原创。,频率对了，世界就变了；塔科马海峡大桥：被风吹断的钢铁巨兽；芒格的Lollapalooza：多因素共振,主要价值在于展示后人扩展的边界和类比风险；缺少芒格直接证据，不进入人物思想主叙事。,现有内部材料缺少芒格直接使用证据，且对主线贡献有限。,成立：独立内容存在，但与芒格直接思想链较弱且类比风险较高，保留D级和典藏位置。,D,munger-ch-07,完整典藏层“通用模型候选/物理学与化学/共振”及来源/主题索引；不进入主书叙事,否,否,是,是,缺少芒格直接提出或反复使用证据，且从自然科学/历史现象向商业与人生外推的类比链较长；若进入正文容易造成错误归因或过度解释。,人工式复评关注内容增量与身份边界；不以目录、篇幅、模型层级或旧版未收录作为单独排除理由。
DR-065,content/models/reversibility-irreversibility.md,可逆性与不可逆性,通用模型与编辑扩展,可逆与不可逆决策的区分是芒格投资哲学的基石——单向门决策必须深思熟虑，双向门决策应快速行动，你一生中真正关键的是没搞砸的不可逆决策。,相对芒格原始演讲，该稿新增了“可逆性与不可逆性”的跨学科定义、机制和应用路径；此增量属于通用知识或后人兼容扩展，不能标为芒格原创。,物理学告诉你的残酷真相；“不要亏钱”：芒格最深刻的不可逆洞见；声誉：一生修建，一秒摧毁,可作为芒格体系的兼容扩展或反例材料；首次出现必须标注通用模型/编辑扩展身份。,现有内部材料缺少芒格直接使用证据，且对主线贡献有限。,不再成立为排除理由：直接归因限制仍成立，但材料具有明确侧栏或案例增量。,B,munger-ch-05,章节侧栏/补充解释“可逆性与不可逆性”（munger-ch-05）；首次标注“通用模型或编辑扩展”,是,否,是,是,不适用：已提升为B级或C级编辑用途。,人工式复评关注内容增量与身份边界；不以目录、篇幅、模型层级或旧版未收录作为单独排除理由。
DR-066,content/models/rise-and-fall-of-empires.md,帝国兴衰周期,通用模型与编辑扩展,从罗马帝国到通用汽车，帝国的毁灭几乎从不来自外部，而是来自内部腐蚀。当繁荣让人们忘记繁荣是怎么来的，衰败就已经开始。,相对芒格原始演讲，该稿新增了“帝国兴衰周期”的跨学科定义、机制和应用路径；此增量属于通用知识或后人兼容扩展，不能标为芒格原创。,通用汽车：一个美国帝国的兴亡；通用电气：另一出帝国悲剧；芒格原话,主要价值在于展示后人扩展的边界和类比风险；缺少芒格直接证据，不进入人物思想主叙事。,现有内部材料缺少芒格直接使用证据，且对主线贡献有限。,成立：独立内容存在，但与芒格直接思想链较弱且类比风险较高，保留D级和典藏位置。,D,munger-ch-08,完整典藏层“通用模型候选/历史学与哲学/帝国兴衰周期”及来源/主题索引；不进入主书叙事,否,否,是,是,缺少芒格直接提出或反复使用证据，且从自然科学/历史现象向商业与人生外推的类比链较长；若进入正文容易造成错误归因或过度解释。,人工式复评关注内容增量与身份边界；不以目录、篇幅、模型层级或旧版未收录作为单独排除理由。
DR-067,content/models/sample-size-statistical-significance.md,样本量与统计显著性,通用模型与编辑扩展,样本量是区分信号与噪声的分辨率，人类天生倾向于从小样本中过度推断规律，理解统计显著性能避免将运气误认为能力。,相对芒格原始演讲，该稿新增了“样本量与统计显著性”的跨学科定义、机制和应用路径；此增量属于通用知识或后人兼容扩展，不能标为芒格原创。,人类天生就是糟糕的统计学家；三年跑赢市场说明什么：几乎什么都不说明；新药为什么需要大样本：对你生命负责的统计学,可作为芒格体系的兼容扩展或反例材料；首次出现必须标注通用模型/编辑扩展身份。,现有内部材料缺少芒格直接使用证据，且对主线贡献有限。,不再成立为排除理由：直接归因限制仍成立，但材料具有明确侧栏或案例增量。,B,munger-ch-04,章节侧栏/补充解释“样本量与统计显著性”（munger-ch-04）；首次标注“通用模型或编辑扩展”,是,否,是,是,不适用：已提升为B级或C级编辑用途。,人工式复评关注内容增量与身份边界；不以目录、篇幅、模型层级或旧版未收录作为单独排除理由。
DR-068,content/models/scaling-effects-diseconomies-in-engineering.md,规模效应与反效应,通用模型与编辑扩展,伽利略发现蚂蚁不能等比放大到大象尺寸——平方立方定律决定了放大和缩小从来不是简单的等比例变化，规模改变时系统特性以不同速率变化。,相对芒格原始演讲，该稿新增了“规模效应与反效应”的跨学科定义、机制和应用路径；此增量属于可与项目内演讲交叉核对的扩展整理，不能标为芒格原创。,工程中的规模陷阱：为什么大不一定好；“超级玛丽号”的教训：规模的甜蜜点；芒格的辩证法：规模优势与劣势并存,可用于显示芒格如何借用通用知识并纳入自身体系；必须同时保留思想源流和非原创边界。,现有内部材料缺少芒格直接使用证据，且对主线贡献有限。,不再成立为排除理由：直接归因限制仍成立，但材料具有明确侧栏或案例增量。,B,munger-ch-11,章节侧栏/补充解释“规模效应与反效应”（munger-ch-11）；首次标注“通用模型或编辑扩展”,是,否,是,是,不适用：已提升为B级或C级编辑用途。,人工式复评关注内容增量与身份边界；不以目录、篇幅、模型层级或旧版未收录作为单独排除理由。
DR-069,content/models/self-organized-criticality.md,自组织临界性,通用模型与编辑扩展,沙堆会自发演化到临界状态，每添一粒沙都可能引发任意规模的雪崩——从地震到金融崩盘，灾难性大事件与日常小波动有完全相同的触发机制。,相对芒格原始演讲，该稿新增了“自组织临界性”的跨学科定义、机制和应用路径；此增量属于通用知识或后人兼容扩展，不能标为芒格原创。,压死骆驼的不是最后一根稻草；幂律：没有“典型”灾难这回事；金融市场：一座永恒的沙堆,主要价值在于展示后人扩展的边界和类比风险；缺少芒格直接证据，不进入人物思想主叙事。,现有内部材料缺少芒格直接使用证据，且对主线贡献有限。,成立：独立内容存在，但与芒格直接思想链较弱且类比风险较高，保留D级和典藏位置。,D,munger-ch-11,完整典藏层“通用模型候选/复杂系统与决策科学/自组织临界性”及来源/主题索引；不进入主书叙事,否,否,是,是,缺少芒格直接提出或反复使用证据，且从自然科学/历史现象向商业与人生外推的类比链较长；若进入正文容易造成错误归因或过度解释。,人工式复评关注内容增量与身份边界；不以目录、篇幅、模型层级或旧版未收录作为单独排除理由。
DR-070,content/models/separation-of-powers.md,权力分立与制衡,通用模型与编辑扩展,权力分立与制衡基于对人性弱点的深刻不信任，通过将权力分散到相互制约的机构中，防止任何个人或集团垄断决策，是制度设计的基石。,相对芒格原始演讲，该稿新增了“权力分立与制衡”的跨学科定义、机制和应用路径；此增量属于通用知识或后人兼容扩展，不能标为芒格原创。,一个深谙人性弱点的设计；安然：当制衡机制形同虚设；伯克希尔的制衡哲学,可作为芒格体系的兼容扩展或反例材料；首次出现必须标注通用模型/编辑扩展身份。,现有内部材料缺少芒格直接使用证据，且对主线贡献有限。,不再成立为排除理由：直接归因限制仍成立，但材料具有明确侧栏或案例增量。,B,munger-ch-14,章节侧栏/补充解释“权力分立与制衡”（munger-ch-14）；首次标注“通用模型或编辑扩展”,是,否,是,是,不适用：已提升为B级或C级编辑用途。,人工式复评关注内容增量与身份边界；不以目录、篇幅、模型层级或旧版未收录作为单独排除理由。
DR-071,content/models/socratic-method.md,苏格拉底式追问,通用模型与编辑扩展,苏格拉底式追问通过层层深入的连续提问，暴露思维中隐含的假设与矛盾，迫使思考从表层滑行切换到深层开掘，是发现根因的核心工具。,相对芒格原始演讲，该稿新增了“苏格拉底式追问”的跨学科定义、机制和应用路径；此增量属于通用知识或后人兼容扩展，不能标为芒格原创。,雅典的牛虻：苏格拉底为什么被处死；投资分析中的追问链：一个实战演示；如何在思考和决策中践行苏格拉底式追问,可作为芒格体系的兼容扩展或反例材料；首次出现必须标注通用模型/编辑扩展身份。,现有内部材料缺少芒格直接使用证据，且对主线贡献有限。,部分成立：不承担主书核心证据，但其附录、索引或资料组织价值明确。,C,munger-ch-05,模型身份附录“历史学与哲学”分组及概念索引“苏格拉底式追问”；关联munger-ch-05,否,是,是,是,不适用：已提升为B级或C级编辑用途。,人工式复评关注内容增量与身份边界；不以目录、篇幅、模型层级或旧版未收录作为单独排除理由。
DR-072,content/models/stoicism.md,斯多葛主义,通用模型与编辑扩展,斯多葛主义的核心是控制的二分法：区分你能控制的和不能控制的，把全部精力集中在前者上。芒格将此内化为投资和人生的理性操作系统。,相对芒格原始演讲，该稿新增了“斯多葛主义”的跨学科定义、机制和应用路径；此增量属于通用知识或后人兼容扩展，不能标为芒格原创。,塞涅卡的预想灾难：芒格的“反过来想”；芒格失去眼睛：一堂活生生的斯多葛课；“不抱怨”哲学：斯多葛主义的日常实践,可作为芒格体系的兼容扩展或反例材料；首次出现必须标注通用模型/编辑扩展身份。,现有内部材料缺少芒格直接使用证据，且对主线贡献有限。,部分成立：不承担主书核心证据，但其附录、索引或资料组织价值明确。,C,munger-ch-07,模型身份附录“历史学与哲学”分组及概念索引“斯多葛主义”；关联munger-ch-07,否,是,是,是,不适用：已提升为B级或C级编辑用途。,人工式复评关注内容增量与身份边界；不以目录、篇幅、模型层级或旧版未收录作为单独排除理由。
DR-073,content/models/superposition-and-emergence.md,叠加原理与涌现,通用模型与编辑扩展,叠加原理描述独立输入的线性相加，涌现则揭示整体大于部分之和的非线性现象——芒格的lollapalooza效应正是多种心理倾向涌现出极端后果的典型。,相对芒格原始演讲，该稿新增了“叠加原理与涌现”的跨学科定义、机制和应用路径；此增量属于通用知识或后人兼容扩展，不能标为芒格原创。,叠加：简单得让人放松警惕；涌现：一加一不等于二；Lollapalooza效应：芒格的涌现理论,可作为芒格体系的兼容扩展或反例材料；首次出现必须标注通用模型/编辑扩展身份。,现有内部材料缺少芒格直接使用证据，且对主线贡献有限。,不再成立为排除理由：直接归因限制仍成立，但材料具有明确侧栏或案例增量。,B,munger-ch-10,章节侧栏/补充解释“叠加原理与涌现”（munger-ch-10）；首次标注“通用模型或编辑扩展”,是,否,是,是,不适用：已提升为B级或C级编辑用途。,人工式复评关注内容增量与身份边界；不以目录、篇幅、模型层级或旧版未收录作为单独排除理由。
DR-074,content/models/survivorship-bias-historical-perspective.md,生存者偏差（历史视角）,通用模型与编辑扩展,我们看到的历史由幸存者书写、关于幸存者、为幸存者服务。那些未能幸存的人、物、制度从记录中消失，系统性扭曲了我们对过去的理解。,相对芒格原始演讲，该稿新增了“生存者偏差（历史视角）”的跨学科定义、机制和应用路径；此增量属于通用知识或后人兼容扩展，不能标为芒格原创。,标志性案例：被墓地遮蔽的真相；如何纠正历史视角的生存者偏差；听见沉默,可作为芒格体系的兼容扩展或反例材料；首次出现必须标注通用模型/编辑扩展身份。,现有内部材料缺少芒格直接使用证据，且对主线贡献有限。,不再成立为排除理由：直接归因限制仍成立，但材料具有明确侧栏或案例增量。,B,munger-ch-06,章节侧栏/补充解释“生存者偏差（历史视角）”（munger-ch-06）；首次标注“通用模型或编辑扩展”,是,否,是,是,不适用：已提升为B级或C级编辑用途。,人工式复评关注内容增量与身份边界；不以目录、篇幅、模型层级或旧版未收录作为单独排除理由。
DR-075,content/models/thought-experiments.md,思想实验,通用模型与编辑扩展,在大脑中创造精确的假想场景并严格追踪其逻辑后果，不需要实际实验就能揭示认知盲区。爱因斯坦追赶光束的思想实验催生了相对论。,相对芒格原始演讲，该稿新增了“思想实验”的跨学科定义、机制和应用路径；此增量属于通用知识或后人兼容扩展，不能标为芒格原创。,思想实验的伟大传统：从电车难题到薛定谔的猫；芒格的思想实验术：投资中的反事实推理；如何将思想实验融入决策,可作为芒格体系的兼容扩展或反例材料；首次出现必须标注通用模型/编辑扩展身份。,现有内部材料缺少芒格直接使用证据，且对主线贡献有限。,不再成立为排除理由：直接归因限制仍成立，但材料具有明确侧栏或案例增量。,B,munger-ch-06,章节侧栏/补充解释“思想实验”（munger-ch-06）；首次标注“通用模型或编辑扩展”,是,否,是,是,不适用：已提升为B级或C级编辑用途。,人工式复评关注内容增量与身份边界；不以目录、篇幅、模型层级或旧版未收录作为单独排除理由。
DR-076,content/models/tight-coupling-loose-coupling.md,紧耦合与松耦合,通用模型与编辑扩展,同样的地震海啸下福岛核电站堆芯熔毁而120公里外的女川核电站安然无恙——差别不在运气而在系统的耦合度，紧耦合系统留给人类干预的时间几乎为零。,相对芒格原始演讲，该稿新增了“紧耦合与松耦合”的跨学科定义、机制和应用路径；此增量属于通用知识或后人兼容扩展，不能标为芒格原创。,雷曼倒塌：金融系统的紧耦合解剖；丰田的教训：当精益变成脆弱；伯克希尔：松耦合的杰作,可作为芒格体系的兼容扩展或反例材料；首次出现必须标注通用模型/编辑扩展身份。,现有内部材料缺少芒格直接使用证据，且对主线贡献有限。,不再成立为排除理由：直接归因限制仍成立，但材料具有明确侧栏或案例增量。,B,munger-ch-11,章节侧栏/补充解释“紧耦合与松耦合”（munger-ch-11）；首次标注“通用模型或编辑扩展”,是,否,是,是,不适用：已提升为B级或C级编辑用途。,人工式复评关注内容增量与身份边界；不以目录、篇幅、模型层级或旧版未收录作为单独排除理由。
DR-077,content/models/tipping-moment.md,倾覆力矩,通用模型与编辑扩展,倾覆力矩描述了系统重心越过支撑点后从可挽救变为不可挽救的精确瞬间，雷曼兄弟的倒塌揭示了企业和组织中同样存在这个不可逆转折点。,相对芒格原始演讲，该稿新增了“倾覆力矩”的跨学科定义、机制和应用路径；此增量属于通用知识或后人兼容扩展，不能标为芒格原创。,一根铅笔的物理学；雷曼兄弟：一座重心过高的塔楼；从帝国到企业：不可逆倒塌的模式,主要价值在于展示后人扩展的边界和类比风险；缺少芒格直接证据，不进入人物思想主叙事。,现有内部材料缺少芒格直接使用证据，且对主线贡献有限。,成立：独立内容存在，但与芒格直接思想链较弱且类比风险较高，保留D级和典藏位置。,D,munger-ch-02,完整典藏层“通用模型候选/物理学与化学/倾覆力矩”及来源/主题索引；不进入主书叙事,否,否,是,是,缺少芒格直接提出或反复使用证据，且从自然科学/历史现象向商业与人生外推的类比链较长；若进入正文容易造成错误归因或过度解释。,人工式复评关注内容增量与身份边界；不以目录、篇幅、模型层级或旧版未收录作为单独排除理由。
DR-078,content/models/tragedy-of-the-commons.md,公地悲剧,通用模型与编辑扩展,当资源归集体所有而收益归个人时，每个理性个体的最优选择会导致集体灾难。制度设计的核心挑战是通过规则将个体激励与集体利益对齐。,相对芒格原始演讲，该稿新增了“公地悲剧”的跨学科定义、机制和应用路径；此增量属于通用知识或后人兼容扩展，不能标为芒格原创。,奥斯特罗姆的发现：第三条路；从牧场到华尔街：现代社会的公地悲剧；芒格的制度设计思维,可作为芒格体系的兼容扩展或反例材料；首次出现必须标注通用模型/编辑扩展身份。,现有内部材料缺少芒格直接使用证据，且对主线贡献有限。,不再成立为排除理由：直接归因限制仍成立，但材料具有明确侧栏或案例增量。,B,munger-ch-08,章节侧栏/补充解释“公地悲剧”（munger-ch-08）；首次标注“通用模型或编辑扩展”,是,否,是,是,不适用：已提升为B级或C级编辑用途。,人工式复评关注内容增量与身份边界；不以目录、篇幅、模型层级或旧版未收录作为单独排除理由。
DR-079,content/models/viscosity-friction.md,粘滞性与摩擦力,通用模型与编辑扩展,粘滞性与摩擦力是流体和固体中抵抗运动的隐性力量，它们在商业中对应着制度惰性、转换成本和交易摩擦，决定了变革的实际难度远超理论预期。,相对芒格原始演讲，该稿新增了“粘滞性与摩擦力”的跨学科定义、机制和应用路径；此增量属于通用知识或后人兼容扩展，不能标为芒格原创。,物理学家眼中的阻力；转换成本：商业世界最强大的摩擦力；习惯：个人层面的粘滞性,可作为芒格体系的兼容扩展或反例材料；首次出现必须标注通用模型/编辑扩展身份。,现有内部材料缺少芒格直接使用证据，且对主线贡献有限。,不再成立为排除理由：直接归因限制仍成立，但材料具有明确侧栏或案例增量。,B,munger-ch-11,章节侧栏/补充解释“粘滞性与摩擦力”（munger-ch-11）；首次标注“通用模型或编辑扩展”,是,否,是,是,不适用：已提升为B级或C级编辑用途。,人工式复评关注内容增量与身份边界；不以目录、篇幅、模型层级或旧版未收录作为单独排除理由。
DR-080,content/munger-archive/about.md,关于,人物档案/编辑整理,"首页。我们必回复,也必修正。 版本说明 采用 Fraunces、Newsreader 与 Courier Prime 字体排版。力求快速、耐久、宜读—— 谨以此向 《穷查理宝典》 致以微薄敬意,而那本书本身又是向富兰克林的致敬。",该稿保留“关于”的导航、版本、书目或索引增量，不应因未进主书而失去检索入口。,本站如何制作；非官方；勘误与撤稿,用于人物、版本或资料层的补充，不替代原始演讲、股东信或完整章节。,网站入口或索引页，独立思想内容有限。,部分成立：不承担主书核心证据，但其附录、索引或资料组织价值明确。,C,munger-app-sources,来源说明附录“芒格档案的版本与制作”,否,是,是,是,不适用：已提升为B级或C级编辑用途。,人工式复评关注内容增量与身份边界；不以目录、篇幅、模型层级或旧版未收录作为单独排除理由。
DR-081,content/munger-archive/home.md,首页,人物档案/编辑整理,"非官方绪言集 · 世间智慧，分门别类 查理·芒格档案馆 一份完整、经过悉心核实的查理·芒格影音记录索引——每一场每日期刊年会、所有重要演讲、他唯一一次播客访谈——配有文字稿，并收录他留下的思维模型、书籍与智慧。 今日芒格 ""每天努力让自己比醒来时更聪明一点。"" ——南加州大学法学院毕业典礼演讲，2007年 [浏览影音]( [25种倾向]( [他的一生，1924至2023年]( Best thing to learn today [每日期刊2023年年会]( 每日期刊 · 2023 · 2小时30分 芒格以主持人身份",该稿保留“首页”的导航、版本、书目或索引增量，不应因未进主书而失去检索入口。,每日期刊2023年年会；分门别类的档案；从这里开始——皇冠上的明珠,用于人物、版本或资料层的补充，不替代原始演讲、股东信或完整章节。,网站入口或索引页，独立思想内容有限。,部分成立：不承担主书核心证据，但其附录、索引或资料组织价值明确。,C,munger-index-archive,典藏层导航“芒格档案总入口”,否,是,是,是,不适用：已提升为B级或C级编辑用途。,人工式复评关注内容增量与身份边界；不以目录、篇幅、模型层级或旧版未收录作为单独排除理由。
DR-082,content/munger-archive/mental-models.md,思维模型,人物档案/编辑整理,"[首页]( 思维模型 普世智慧 思维格栅 芒格的核心理念:单靠一门学科的工具,你没法把事情想清楚。你需要一张由众多领域的大思想编织成的 ""思维格栅""——以及运用它的自律。下面就是他所倚重的那些模型,以及那套让其他所有人栽跟头的心理学。 这些模型 [能力圈只在你真正懂行的领域内行动——并且要清楚地知道它的边界在哪里，因为边界比圈子的大小更重要。阅读 →]( [逆向思维把难题反过来想——不要问怎样才能成功，而要问怎样会失败，然后避开它。阅读 →]( [思维模型的格栅把你的知识挂在一个由多学科重要思想搭成的框架上，让一个",该稿保留“思维模型”的导航、版本、书目或索引增量，不应因未进主书而失去检索入口。,这些模型；人类误判的25种成因,用于人物、版本或资料层的补充，不替代原始演讲、股东信或完整章节。,网站入口或索引页，独立思想内容有限。,部分成立：不承担主书核心证据，但其附录、索引或资料组织价值明确。,C,munger-index-concepts,模型身份附录与概念索引入口,否,是,是,是,不适用：已提升为B级或C级编辑用途。,人工式复评关注内容增量与身份边界；不以目录、篇幅、模型层级或旧版未收录作为单独排除理由。
DR-083,content/munger-archive/quotes.md,语录,人物档案/编辑整理,"首页 · where he said it ↗ · as recalled · where he said it ↗ · 1995 · where he said it ↗ · 2003 他关于""干事的人对卖东西的人""的论点（他的原话是'沃伦和我'）。 ""我这辈子一直躲着薪酬顾问。我简直找不出词来表达我对他们的鄙夷。"" Berkshire Hathaway annual meeting, 2017 (Omaha) · 2017 · where he said it ↗ — illustrating Munger's",该稿保留“语录”的导航、版本、书目或索引增量，不应因未进主书而失去检索入口。,激励13；逆向思考3；学习29,用于人物、版本或资料层的补充，不替代原始演讲、股东信或完整章节。,网站入口或索引页，独立思想内容有限。,部分成立：不承担主书核心证据，但其附录、索引或资料组织价值明确。,C,munger-index-quotes,语录主题索引；不作关键引文唯一证据,否,是,是,是,不适用：已提升为B级或C级编辑用途。,人工式复评关注内容增量与身份边界；不以目录、篇幅、模型层级或旧版未收录作为单独排除理由。
DR-084,content/munger-archive/recordings.md,影音记录,人物档案/编辑整理,"首页The last interview Munger ever gave — taped with Becky Quick on November 14, 2023, just two weeks before he died at 99. A valedictory conversation on Berkshire's secret, what he got wrong, why he revered Costco, his contempt for the modern money game, and hi",该稿保留“影音记录”的导航、版本、书目或索引增量，不应因未进主书而失去检索入口。,没有独立案例；价值主要来自目录、人物或资料组织。,用于人物、版本或资料层的补充，不替代原始演讲、股东信或完整章节。,网站入口或索引页，独立思想内容有限。,部分成立：不承担主书核心证据，但其附录、索引或资料组织价值明确。,C,munger-index-recordings,演讲与访谈年表、录音索引,否,是,是,是,不适用：已提升为B级或C级编辑用途。,人工式复评关注内容增量与身份边界；不以目录、篇幅、模型层级或旧版未收录作为单独排除理由。
DR-085,content/people/比尔·盖茨.md,比尔·盖茨,人物背景资料/编辑整理,"比尔·盖茨 巴菲特在股东信中多次提及与比尔·盖茨的友谊及慈善合作。 基本信息 首次提及年份 ：多次提及 人物关系 ：微软创始人、慈善家 提及次数 ：多次 人物简介比尔 ·盖茨（Bill Gates，1955年10月28日-）是美国著名企业家、软件工程师、慈善家，微软公司的创始人之一。他曾是世界首富，后来将大部分精力投入到慈善事业中。 与巴菲特的关系 比尔·盖茨与沃伦·巴菲特是好友，两人共同发起了""捐赠誓言""（Giving Pledge），承诺将大部分财富捐赠给慈善事业。 巴菲特评价 ""比尔·盖茨是我见过的最聪明的人",该稿保留“比尔·盖茨”的导航、版本、书目或索引增量，不应因未进主书而失去检索入口。,与巴菲特的关系；巴菲特评价；相关概念,用于人物、版本或资料层的补充，不替代原始演讲、股东信或完整章节。,与双书主线关系较弱，保留在人物资料库。,部分成立：不承担主书核心证据，但其附录、索引或资料组织价值明确。,C,buffett-index-people|munger-index-people,人物索引“比尔·盖茨”及交往背景,否,是,是,是,不适用：已提升为B级或C级编辑用途。,人工式复评关注内容增量与身份边界；不以目录、篇幅、模型层级或旧版未收录作为单独排除理由。
DR-086,content/people/查理·芒格.md,芒格（Charlie Munger）,人物背景资料/编辑整理,Charlie Munger 人物 👉 邦比快跑也做了 《查理·芒格的思维模型》 专题站，232 个思维模型 · 14 个学科，把芒格的多元思维模型整理成一张格栅 → mungermodels.com 芒格（Charlie Munger） 芒格（Charlie Munger）：巴菲特超过六十年的搭档；让巴菲特从“捡烟蒂”转向“以合理价格买优秀企业”，1972 喜诗糖果是关键转折；2023 年辞世前是伯克希尔副董事长 人物简介 查理·芒格（1924-2023），伯克希尔·哈撒韦副董事长，巴菲特超过六十年的搭档与挚友,该稿保留“芒格（Charlie Munger）”的人物、案例或生活侧面增量，不应因未进主书而失去检索入口。,巴菲特评价精选；关键故事；对伯克希尔的影响,用于人物、版本或资料层的补充，不替代原始演讲、股东信或完整章节。,与双书主线关系较弱，保留在人物资料库。,不再成立为排除理由：直接归因限制仍成立，但材料具有明确侧栏或案例增量。,B,munger-ch-14,人物侧栏“芒格的合作角色与伯克希尔影响”,是,否,是,是,不适用：已提升为B级或C级编辑用途。,人工式复评关注内容增量与身份边界；不以目录、篇幅、模型层级或旧版未收录作为单独排除理由。
DR-087,content/people/杰克·韦尔奇.md,杰克·韦尔奇,人物背景资料/编辑整理,"杰克·韦尔奇 巴菲特在股东信中多次提及杰克·韦尔奇领导通用电气的卓越表现。 基本信息 首次提及年份 ：多次提及 人物关系 ：通用电气前CEO 提及次数 ：多次 人物简介杰克 ·韦尔奇（Jack Welch，1935-2020）是美国著名企业家，通用电气公司前董事长兼CEO。他被誉为""全球第一CEO""，在任期间带领通用电气实现了巨大的增长和变革。 管理理念1. 数一数二原则 ：每个业务都要成为行业第一或第二 2. 无边界组织 ：打破部门壁垒，促进信息流动 3. 活力曲线 ：绩效考核体系，区分优秀和落后员工 巴菲特评价",该稿保留“杰克·韦尔奇”的人物、案例或生活侧面增量，不应因未进主书而失去检索入口。,管理理念1. 数一数二原则；巴菲特评价；相关概念,用于人物、版本或资料层的补充，不替代原始演讲、股东信或完整章节。,与双书主线关系较弱，保留在人物资料库。,不再成立为排除理由：直接归因限制仍成立，但材料具有明确侧栏或案例增量。,B,munger-ch-11,案例侧栏“规模、专业化与官僚边界”,是,否,是,是,不适用：已提升为B级或C级编辑用途。,人工式复评关注内容增量与身份边界；不以目录、篇幅、模型层级或旧版未收录作为单独排除理由。
DR-088,content/people/泰德·韦施勒.md,泰德·韦施勒（Ted Weschler）,人物背景资料/编辑整理,Ted Weschler 人物 泰德·韦施勒（Ted Weschler） 泰德·韦施勒（Ted Weschler）：通过连续两次拍下巴菲特慈善午餐进入伯克希尔的投资经理；与库姆斯独立各自管理百亿级资金，构成后巴菲特时代投资能力核心 人物简介 泰德·韦施勒，2012年正式加入伯克希尔·哈撒韦的投资经理人，与托德·库姆斯一起构成巴菲特投资接班团队的双子星。他的加入方式堪称投资界最传奇的故事之一：连续两次在巴菲特慈善午餐拍卖中胜出，以实际行动和投资业绩赢得了巴菲特的赏识。 巴菲特每年举办的慈善午餐拍卖是华尔街最引人注目的,该稿保留“泰德·韦施勒（Ted Weschler）”的人物、案例或生活侧面增量，不应因未进主书而失去检索入口。,巴菲特评价精选；关键故事；对伯克希尔的影响,用于人物、版本或资料层的补充，不替代原始演讲、股东信或完整章节。,与双书主线关系较弱，保留在人物资料库。,不再成立为排除理由：直接归因限制仍成立，但材料具有明确侧栏或案例增量。,B,buffett-ch-15,案例侧栏“投资经理接班与制度延续”,是,否,是,是,不适用：已提升为B级或C级编辑用途。,人工式复评关注内容增量与身份边界；不以目录、篇幅、模型层级或旧版未收录作为单独排除理由。
DR-089,content/people/托德·库姆斯.md,托德·库姆斯（Todd Combs）,人物背景资料/编辑整理,Todd Combs 人物 托德·库姆斯（Todd Combs） 托德·库姆斯（Todd Combs）：2010 年加入的投资经理，巴菲特投资衣钵的传承者之一；近年主导盖可保险改革，发现并促成了精密铸件收购 人物简介 托德·库姆斯，2010年加入伯克希尔·哈撒韦的投资经理人，与泰德·韦施勒一起被视为巴菲特投资衣钵的传承者。近年来，他的角色已远远超越投资管理本身，特别是主导了盖可保险（GEICO）的重大业务改革，展现出卓越的商业运营才能。 库姆斯的加入经过了巴菲特和芒格的严格筛选。在巴菲特寻找投资接班人的过程中，需要,该稿保留“托德·库姆斯（Todd Combs）”的人物、案例或生活侧面增量，不应因未进主书而失去检索入口。,巴菲特评价精选；关键故事；对伯克希尔的影响,用于人物、版本或资料层的补充，不替代原始演讲、股东信或完整章节。,与双书主线关系较弱，保留在人物资料库。,不再成立为排除理由：直接归因限制仍成立，但材料具有明确侧栏或案例增量。,B,buffett-ch-15,案例侧栏“投资经理接班与资本配置”,是,否,是,是,不适用：已提升为B级或C级编辑用途。,人工式复评关注内容增量与身份边界；不以目录、篇幅、模型层级或旧版未收录作为单独排除理由。
DR-090,content/poor-charlies-almanack/00-forewords.md,序言、回应与全书导读,经典文本摘要/早期整理,序言、回应与全书导读 这是一部关于“怎样思考”的书 《穷查理宝典》常被归入投资类书籍，但它真正讨论的范围远比投资宽。彼得·考夫曼把芒格的生平、处世原则、学习方法与十一场演讲编排在一起，试图呈现一套能够跨越学科边界的思考方式：先掌握少数真正重要的基本原理，再把它们组成一张彼此连接的认知网络。 在这套方法里，投资只是检验判断力的一个场景。芒格更关心的是，人怎样减少愚蠢、抵抗偏见、选择值得信任的伙伴，并在漫长人生中不断修正自己。 约翰·科利森：一本反对陈词滥调的书 Stripe 联合创始人约翰·科利森在新版序言中强调，芒,该稿保留“序言、回应与全书导读”的导航、版本、书目或索引增量，不应因未进主书而失去检索入口。,这是一部关于“怎样思考”的书；约翰·科利森：一本反对陈词滥调的书；沃伦·巴菲特：怎样选择一位合伙人,用于人物、版本或资料层的补充，不替代原始演讲、股东信或完整章节。,较短的早期整理版已被完整版本覆盖。,部分成立：不承担主书核心证据，但其附录、索引或资料组织价值明确。,C,munger-app-reading-path,附录“版本导读与阅读路径”,否,是,是,是,不适用：已提升为B级或C级编辑用途。,人工式复评关注内容增量与身份边界；不以目录、篇幅、模型层级或旧版未收录作为单独排除理由。
DR-091,content/poor-charlies-almanack/02-children.md,孩子们记忆中的查理,经典文本摘要/早期整理,孩子们记忆中的查理 家庭中的芒格，不是讲台上的芒格 公开场合的芒格常显得锋利、直接，甚至不留情面。孩子们的回忆则补充了另一面：他对家庭有清晰的责任感，重视身教胜过口头训诫，也愿意花时间帮助孩子独立思考。 他不会因为家庭富裕而刻意替孩子消除一切困难。相反，他希望他们理解金钱的边界，形成自己的判断，并承担选择带来的后果。 阅读是一种家庭生活 芒格几乎随时都在阅读。孩子们记得他坐在熟悉的椅子上，被书、报纸与文件包围。阅读不是为了维持“博学”的形象，而是日常生活的一部分。 这种环境向孩子传递了一个朴素信号：学习不是毕业前完,该稿保留“孩子们记忆中的查理”的人物、案例或生活侧面增量，不应因未进主书而失去检索入口。,家庭中的芒格，不是讲台上的芒格；阅读是一种家庭生活；对错误的态度,用于人物、版本或资料层的补充，不替代原始演讲、股东信或完整章节。,较短的早期整理版已被完整版本覆盖。,不再成立为排除理由：直接归因限制仍成立，但材料具有明确侧栏或案例增量。,B,munger-ch-15,人物侧栏“家庭中的阅读、节制与错误态度”,是,否,是,是,不适用：已提升为B级或C级编辑用途。,人工式复评关注内容增量与身份边界；不以目录、篇幅、模型层级或旧版未收录作为单独排除理由。
DR-092,content/poor-charlies-almanack/03-approach.md,芒格的生活、学习与决策方法,经典文本摘要/早期整理,芒格的生活、学习与决策方法 核心目标：减少可以避免的愚蠢 芒格的方法论不是承诺让人预测一切。它首先降低目标：在重要决策中，尽量不要因为常见偏见、错误激励、知识狭窄或情绪失控，犯下本可避免的重大错误。 这是一种“先防守、再进攻”的理性观。避免永久性损失、不可逆的品格破产和超出承受力的风险，往往比多抓住几个普通机会更重要。 多元思维模型 现实问题不会按照大学院系分类。商业决策可能同时涉及概率、心理、会计、工程、法律和历史。只用一个学科解释所有现象，很容易陷入“拿着锤子，看什么都像钉子”的局限。 芒格建议掌握每个主要学科,该稿保留“芒格的生活、学习与决策方法”的导航、版本、书目或索引增量，不应因未进主书而失去检索入口。,核心目标：减少可以避免的愚蠢；多元思维模型；逆向思考,用于人物、版本或资料层的补充，不替代原始演讲、股东信或完整章节。,较短的早期整理版已被完整版本覆盖。,部分成立：不承担主书核心证据，但其附录、索引或资料组织价值明确。,C,munger-app-checklist,方法索引“学习、逆向、能力圈与太难问题”,否,是,是,是,不适用：已提升为B级或C级编辑用途。,人工式复评关注内容增量与身份边界；不以目录、篇幅、模型层级或旧版未收录作为单独排除理由。
DR-093,content/poor-charlies-almanack/11-psychology.md,人类误判心理学,经典文本摘要/早期整理,人类误判心理学 为什么这是全书最重要的一讲 芒格进入心理学，不是为了建立一套学术理论，而是因为他发现，仅靠经济学、法律和投资知识无法解释大量现实错误。人们会无视明显证据，会在糟糕决定上继续加码，也会因为激励、群体压力或对权威的服从，做出单独看来难以理解的行为。 他把这些反复出现的力量整理成一份检查清单。2005年收入《穷查理宝典》的版本经过重新书写和扩充，与1995年的口头演讲并不完全相同。 25种心理倾向 本站已经把每一种倾向拆成独立词条，便于交叉阅读： 1. 奖惩超级反应倾向：先看一个系统在奖励什么。 2. 喜,该稿保留“人类误判心理学”的导航、版本、书目或索引增量，不应因未进主书而失去检索入口。,为什么这是全书最重要的一讲；25种心理倾向；叠加效应,用于人物、版本或资料层的补充，不替代原始演讲、股东信或完整章节。,较短的早期整理版已被完整版本覆盖。,部分成立：不承担主书核心证据，但其附录、索引或资料组织价值明确。,C,munger-app-psychology,附录“误判心理学快速索引”,否,是,是,是,不适用：已提升为B级或C级编辑用途。,人工式复评关注内容增量与身份边界；不以目录、篇幅、模型层级或旧版未收录作为单独排除理由。
DR-094,content/poor-charlies-almanack/12-reading-list.md,芒格推荐阅读,经典文本摘要/早期整理,芒格推荐阅读 书目不是装饰，而是思维模型的来源 芒格很少把学习理解为追逐新概念。他更重视那些能够反复解释现实、经得起时间检验的基本著作。原书推荐书目横跨商业史、传记、心理学、生物学、谈判、科学与国家发展。 下面按阅读目的重新组织，方便中文读者建立自己的学习顺序。 心理学与行为 罗伯特·西奥迪尼：《影响力》 理解互惠、承诺、社会认同、权威、喜好与稀缺。它是理解芒格心理倾向清单的重要入口。 理查德·道金斯：《自私的基因》 从进化视角理解复制、适应与行为策略。 罗伯特·赖特：《三个科学家和他们的神》 观察科学解释与意义问,该稿保留“芒格推荐阅读”的导航、版本、书目或索引增量，不应因未进主书而失去检索入口。,书目不是装饰，而是思维模型的来源；心理学与行为；商业史与企业家,用于人物、版本或资料层的补充，不替代原始演讲、股东信或完整章节。,较短的早期整理版已被完整版本覆盖。,部分成立：不承担主书核心证据，但其附录、索引或资料组织价值明确。,C,munger-app-reading,附录“芒格推荐阅读与模型来源”,否,是,是,是,不适用：已提升为B级或C级编辑用途。,人工式复评关注内容增量与身份边界；不以目录、篇幅、模型层级或旧版未收录作为单独排除理由。
