sequence,year,documentLabel,sourceMarkdown,sourceSha256,sourceBytes,boundaryCopy,boundaryCopySha256,boundaryCopyBytes,changed,actions,removedPrefixBytes,removedPrefixSha256,removedSuffixBytes,removedSuffixSha256,officialSourcePath,officialSourceUrl,status
1,1977,1977 年致伯克希尔股东信,content/letters/berkshire_1977-巴菲特致股东信.md,89aa1d11a5c90e5dbb6d264d30ea43ee50cec7d93b41e8e900f12958c65f3c3c,18482,editorial/buffett/collation/shareholder-letters/berkshire_1977-巴菲特致股东信.md,89aa1d11a5c90e5dbb6d264d30ea43ee50cec7d93b41e8e900f12958c65f3c3c,18482,false,,0,,0,,content/source-documents/berkshire-shareholder-letters/1977.html,https://berkshirehathaway.com/letters/1977.html,boundary-cleaned-not-yet-bilingually-collated
2,1978,1978 年致伯克希尔股东信,content/letters/berkshire_1978-巴菲特致股东信.md,f7f8303d9b10fd73b4b58b1ef0c69070937387400936d5b318ad27fc41665b87,25384,editorial/buffett/collation/shareholder-letters/berkshire_1978-巴菲特致股东信.md,f7f8303d9b10fd73b4b58b1ef0c69070937387400936d5b318ad27fc41665b87,25384,false,,0,,0,,content/source-documents/berkshire-shareholder-letters/1978.html,https://berkshirehathaway.com/letters/1978.html,boundary-cleaned-not-yet-bilingually-collated
3,1979,1979 年致伯克希尔股东信,content/letters/berkshire_1979-巴菲特致股东信.md,3d4e93c881f261446f52a51dfb787ff061e6a73234636e42a080a072d554512a,36656,editorial/buffett/collation/shareholder-letters/berkshire_1979-巴菲特致股东信.md,3d4e93c881f261446f52a51dfb787ff061e6a73234636e42a080a072d554512a,36656,false,,0,,0,,content/source-documents/berkshire-shareholder-letters/1979.html,https://berkshirehathaway.com/letters/1979.html,boundary-cleaned-not-yet-bilingually-collated
4,1980,1980 年致伯克希尔股东信,content/letters/berkshire_1980-巴菲特致股东信.md,6be07829e7e52c127d1f5bd77de81d740774679230001f9b609aaf98b346a874,42673,editorial/buffett/collation/shareholder-letters/berkshire_1980-巴菲特致股东信.md,6be07829e7e52c127d1f5bd77de81d740774679230001f9b609aaf98b346a874,42673,false,,0,,0,,content/source-documents/berkshire-shareholder-letters/1980.html,https://berkshirehathaway.com/letters/1980.html,boundary-cleaned-not-yet-bilingually-collated
5,1981,1981 年致伯克希尔股东信,content/letters/berkshire_1981-巴菲特致股东信.md,6ddd9c3dec2bfec3071bc4c8fd0fe9b33b4fe7d0febff29f4327c1d816787ccd,37789,editorial/buffett/collation/shareholder-letters/berkshire_1981-巴菲特致股东信.md,6ddd9c3dec2bfec3071bc4c8fd0fe9b33b4fe7d0febff29f4327c1d816787ccd,37789,false,,0,,0,,content/source-documents/berkshire-shareholder-letters/1981.html,https://berkshirehathaway.com/letters/1981.html,boundary-cleaned-not-yet-bilingually-collated
6,1982,1982 年致伯克希尔股东信,content/letters/berkshire_1982-巴菲特致股东信.md,15cd44d07a7332a38c6b903299ba9cd0b24cb779a4026f9cc9e3f0cca5923cda,44580,editorial/buffett/collation/shareholder-letters/berkshire_1982-巴菲特致股东信.md,15cd44d07a7332a38c6b903299ba9cd0b24cb779a4026f9cc9e3f0cca5923cda,44580,false,,0,,0,,content/source-documents/berkshire-shareholder-letters/1982.html,https://berkshirehathaway.com/letters/1982.html,boundary-cleaned-not-yet-bilingually-collated
7,1983,1983 年致伯克希尔股东信,content/letters/berkshire_1983-巴菲特致股东信.md,70e3eb6a66d62870742761bd831b41e548b20119564db48290e4284e46fd8dd6,63469,editorial/buffett/collation/shareholder-letters/berkshire_1983-巴菲特致股东信.md,70e3eb6a66d62870742761bd831b41e548b20119564db48290e4284e46fd8dd6,63469,false,,0,,0,,content/source-documents/berkshire-shareholder-letters/1983.html,https://berkshirehathaway.com/letters/1983.html,boundary-cleaned-not-yet-bilingually-collated
8,1984,1984 年致伯克希尔股东信,content/letters/berkshire_1984-巴菲特致股东信.md,bcfc97cf3d359f8cd7acf93d7a8e7d2f650cfcf4fc993972855ab7e9095f9366,68175,editorial/buffett/collation/shareholder-letters/berkshire_1984-巴菲特致股东信.md,bcfc97cf3d359f8cd7acf93d7a8e7d2f650cfcf4fc993972855ab7e9095f9366,68175,false,,0,,0,,content/source-documents/berkshire-shareholder-letters/1984.html,https://berkshirehathaway.com/letters/1984.html,boundary-cleaned-not-yet-bilingually-collated
9,1985,1985 年致伯克希尔股东信,content/letters/berkshire_1985-巴菲特致股东信.md,d4745abba5b7ad49cdf968ddab2b5545cee921c29b20b697d08775a9557a7efc,74536,editorial/buffett/collation/shareholder-letters/berkshire_1985-巴菲特致股东信.md,d4745abba5b7ad49cdf968ddab2b5545cee921c29b20b697d08775a9557a7efc,74536,false,,0,,0,,content/source-documents/berkshire-shareholder-letters/1985.html,https://berkshirehathaway.com/letters/1985.html,boundary-cleaned-not-yet-bilingually-collated
10,1986,1986 年致伯克希尔股东信,content/letters/berkshire_1986-巴菲特致股东信.md,f709bfd622aacf9c7e1b310d82d978561dbada320793e1db36a0bf759f6c1791,74615,editorial/buffett/collation/shareholder-letters/berkshire_1986-巴菲特致股东信.md,f709bfd622aacf9c7e1b310d82d978561dbada320793e1db36a0bf759f6c1791,74615,false,,0,,0,,content/source-documents/berkshire-shareholder-letters/1986.html,https://berkshirehathaway.com/letters/1986.html,boundary-cleaned-not-yet-bilingually-collated
11,1987,1987 年致伯克希尔股东信,content/letters/berkshire_1987-巴菲特致股东信.md,08eafb0f98b556e99503057d0b3daad0928be168218e65a0bfc60d26671ce92f,71184,editorial/buffett/collation/shareholder-letters/berkshire_1987-巴菲特致股东信.md,08eafb0f98b556e99503057d0b3daad0928be168218e65a0bfc60d26671ce92f,71184,false,,0,,0,,content/source-documents/berkshire-shareholder-letters/1987.html,https://berkshirehathaway.com/letters/1987.html,boundary-cleaned-not-yet-bilingually-collated
12,1988,1988 年致伯克希尔股东信,content/letters/berkshire_1988-巴菲特致股东信.md,4c01a31eeb148993ba0a41aa53a154b0ea3cb85dd36b1f635ccd6d9e0b5aee1d,65865,editorial/buffett/collation/shareholder-letters/berkshire_1988-巴菲特致股东信.md,4c01a31eeb148993ba0a41aa53a154b0ea3cb85dd36b1f635ccd6d9e0b5aee1d,65865,false,,0,,0,,content/source-documents/berkshire-shareholder-letters/1988.html,https://berkshirehathaway.com/letters/1988.html,boundary-cleaned-not-yet-bilingually-collated
13,1989,1989 年致伯克希尔股东信,content/letters/berkshire_1989-巴菲特致股东信.md,1832341510a4f2cb5e6e3a737a20f4b2183f3a6e6ad8d24eb06d5098a10b62bc,81669,editorial/buffett/collation/shareholder-letters/berkshire_1989-巴菲特致股东信.md,1832341510a4f2cb5e6e3a737a20f4b2183f3a6e6ad8d24eb06d5098a10b62bc,81669,false,,0,,0,,content/source-documents/berkshire-shareholder-letters/1989.html,https://berkshirehathaway.com/letters/1989.html,boundary-cleaned-not-yet-bilingually-collated
14,1990,1990 年致伯克希尔股东信,content/letters/berkshire_1990-巴菲特致股东信.md,501ea5bd10d4db0f11cad7d933beee4e612f02d3911a6bb3de1d8bac8caeca9d,85905,editorial/buffett/collation/shareholder-letters/berkshire_1990-巴菲特致股东信.md,60347001969dbe68880e38cc2440361c07de543dd2b4fa0456682f533a1b3900,85926,true,source-language-footnote-labeled-translator-note,0,,0,,content/source-documents/berkshire-shareholder-letters/1990.html,https://berkshirehathaway.com/letters/1990.html,boundary-cleaned-not-yet-bilingually-collated
15,1991,1991 年致伯克希尔股东信,content/letters/berkshire_1991-巴菲特致股东信.md,a0932ca318cd37dcb8f1fc55dbed0efa9595c1b38a51e758e52203fb9537b5d3,52157,editorial/buffett/collation/shareholder-letters/berkshire_1991-巴菲特致股东信.md,a0932ca318cd37dcb8f1fc55dbed0efa9595c1b38a51e758e52203fb9537b5d3,52157,false,,0,,0,,content/source-documents/berkshire-shareholder-letters/1991.html,https://berkshirehathaway.com/letters/1991.html,boundary-cleaned-not-yet-bilingually-collated
16,1992,1992 年致伯克希尔股东信,content/letters/berkshire_1992-巴菲特致股东信.md,bb90bed5452d7f121f495b07df0f6a9a76fda7bcb88ab672eeec980e2c333a33,62064,editorial/buffett/collation/shareholder-letters/berkshire_1992-巴菲特致股东信.md,bb90bed5452d7f121f495b07df0f6a9a76fda7bcb88ab672eeec980e2c333a33,62064,false,,0,,0,,content/source-documents/berkshire-shareholder-letters/1992.html,https://berkshirehathaway.com/letters/1992.html,boundary-cleaned-not-yet-bilingually-collated
17,1993,1993 年致伯克希尔股东信,content/letters/berkshire_1993-巴菲特致股东信.md,d49be52930f96a3e6dfae655ee3e80cb0516f1f14774fb8ec2884643ba9a170d,61039,editorial/buffett/collation/shareholder-letters/berkshire_1993-巴菲特致股东信.md,d49be52930f96a3e6dfae655ee3e80cb0516f1f14774fb8ec2884643ba9a170d,61039,false,,0,,0,,content/source-documents/berkshire-shareholder-letters/1993.html,https://berkshirehathaway.com/letters/1993.html,boundary-cleaned-not-yet-bilingually-collated
18,1994,1994 年致伯克希尔股东信,content/letters/berkshire_1994-巴菲特致股东信.md,d204a9889161af62f46af96fb7a95420e693e8f9e1eb0e65a9b79f1ed88be6e5,54472,editorial/buffett/collation/shareholder-letters/berkshire_1994-巴菲特致股东信.md,d204a9889161af62f46af96fb7a95420e693e8f9e1eb0e65a9b79f1ed88be6e5,54472,false,,0,,0,,content/source-documents/berkshire-shareholder-letters/1994.html,https://berkshirehathaway.com/letters/1994.html,boundary-cleaned-not-yet-bilingually-collated
19,1995,1995 年致伯克希尔股东信,content/letters/berkshire_1995-巴菲特致股东信.md,c72a8b72668a51544cd3d460e6c909db8af47f0f02402aed50a8a4ad14b505ba,68018,editorial/buffett/collation/shareholder-letters/berkshire_1995-巴菲特致股东信.md,c72a8b72668a51544cd3d460e6c909db8af47f0f02402aed50a8a4ad14b505ba,68018,false,,0,,0,,content/source-documents/berkshire-shareholder-letters/1995.html,https://berkshirehathaway.com/letters/1995.html,boundary-cleaned-not-yet-bilingually-collated
20,1996,1996 年致伯克希尔股东信,content/letters/berkshire_1996-巴菲特致股东信.md,1608b85371446b320cc42a04fd171127e112d8b7a8bf9287ef895520eb864338,66721,editorial/buffett/collation/shareholder-letters/berkshire_1996-巴菲特致股东信.md,1608b85371446b320cc42a04fd171127e112d8b7a8bf9287ef895520eb864338,66721,false,,0,,0,,content/source-documents/berkshire-shareholder-letters/1996.html,https://berkshirehathaway.com/letters/1996.html,boundary-cleaned-not-yet-bilingually-collated
21,1997,1997 年致伯克希尔股东信,content/letters/berkshire_1997-巴菲特致股东信.md,5a5b4700b613442a01f53a187a3147eb12d72a7604ef8ade25364b66f786e339,66123,editorial/buffett/collation/shareholder-letters/berkshire_1997-巴菲特致股东信.md,5a5b4700b613442a01f53a187a3147eb12d72a7604ef8ade25364b66f786e339,66123,false,,0,,0,,content/source-documents/berkshire-shareholder-letters/1997.html,https://berkshirehathaway.com/letters/1997.html,boundary-cleaned-not-yet-bilingually-collated
22,1998,1998 年致伯克希尔股东信,content/letters/berkshire_1998-巴菲特致股东信.md,a37c5cc9e627713c92c3537489dcb165fa234409402e6d781827119b65f6e992,65073,editorial/buffett/collation/shareholder-letters/berkshire_1998-巴菲特致股东信.md,a37c5cc9e627713c92c3537489dcb165fa234409402e6d781827119b65f6e992,65073,false,,0,,0,,content/source-documents/berkshire-shareholder-letters/1998pdf.pdf,https://berkshirehathaway.com/letters/1998pdf.pdf,boundary-cleaned-not-yet-bilingually-collated
23,1999,1999 年致伯克希尔股东信,content/letters/berkshire_1999-巴菲特致股东信.md,35583e8952bb72cb8caa95d04ce9ca27015b01a25c14f17d672ee75e263e5a0e,69036,editorial/buffett/collation/shareholder-letters/berkshire_1999-巴菲特致股东信.md,35583e8952bb72cb8caa95d04ce9ca27015b01a25c14f17d672ee75e263e5a0e,69036,false,,0,,0,,content/source-documents/berkshire-shareholder-letters/final1999pdf.pdf,https://berkshirehathaway.com/letters/final1999pdf.pdf,boundary-cleaned-not-yet-bilingually-collated
24,2000,2000 年致伯克希尔股东信,content/letters/berkshire_2000-巴菲特致股东信.md,91638fdb4d3ee3c66bb286ed4dbb96c8b3ec898198f4a04aa59a522afbda8690,75415,editorial/buffett/collation/shareholder-letters/berkshire_2000-巴菲特致股东信.md,82900ce8f9c89910fb60e0429cae19ce6b1dfa600ef2bbf6cf92d6d72c44a9a4,75429,true,leading-layout-note-labeled-editorial,0,,0,,content/source-documents/berkshire-shareholder-letters/2000pdf.pdf,https://berkshirehathaway.com/letters/2000pdf.pdf,boundary-cleaned-not-yet-bilingually-collated
25,2001,2001 年致伯克希尔股东信,content/letters/berkshire_2001-巴菲特致股东信.md,de1ae01ff7fbb57931f98d523a4c5f47f1f8bc8368d68d52afe85f054261198d,70656,editorial/buffett/collation/shareholder-letters/berkshire_2001-巴菲特致股东信.md,6b321d1d6f75a66263f493103ade6932498a9f51c61d9affdaa6a4922155c199,70670,true,leading-layout-note-labeled-editorial,0,,0,,content/source-documents/berkshire-shareholder-letters/2001pdf.pdf,https://berkshirehathaway.com/letters/2001pdf.pdf,boundary-cleaned-not-yet-bilingually-collated
26,2002,2002 年致伯克希尔股东信,content/letters/berkshire_2002-巴菲特致股东信.md,ddc8fc233684714d354f63fbba6cc5e7eac213425dd20f7b1aa98d28a89b1db5,83128,editorial/buffett/collation/shareholder-letters/berkshire_2002-巴菲特致股东信.md,ca3dee27d9acfe14702c6cf9f198c1b78a535980fa5f5244bd31bf6e8b86cf98,83142,true,leading-layout-note-labeled-editorial,0,,0,,content/source-documents/berkshire-shareholder-letters/2002pdf.pdf,https://berkshirehathaway.com/letters/2002pdf.pdf,boundary-cleaned-not-yet-bilingually-collated
27,2003,2003 年致伯克希尔股东信,content/letters/berkshire_2003-巴菲特致股东信.md,7acf0d4cc852020439f7748efc0936a26c649a2bb4a93b55102615384a97736c,79825,editorial/buffett/collation/shareholder-letters/berkshire_2003-巴菲特致股东信.md,87e9773ad0cf0acc0ea501a7fd3bcc2d989abdf22c01bf91a7b8b6f20934b7f7,79839,true,leading-layout-note-labeled-editorial,0,,0,,content/source-documents/berkshire-shareholder-letters/2003ltr.pdf,https://berkshirehathaway.com/letters/2003ltr.pdf,boundary-cleaned-not-yet-bilingually-collated
28,2004,2004 年致伯克希尔股东信,content/letters/berkshire_2004-巴菲特致股东信.md,275361b8ee169247b15d1cf7bb3bf9004014ed8f41a645b2c71da12110ff73ce,83577,editorial/buffett/collation/shareholder-letters/berkshire_2004-巴菲特致股东信.md,bc1e650bf0d7956cbaac674410e7341d216917f5dedda90bb7e38ffdda7a1f86,83591,true,leading-layout-note-labeled-editorial,0,,0,,content/source-documents/berkshire-shareholder-letters/2004ltr.pdf,https://berkshirehathaway.com/letters/2004ltr.pdf,boundary-cleaned-not-yet-bilingually-collated
29,2005,2005 年致伯克希尔股东信,content/letters/berkshire_2005-巴菲特致股东信.md,e6b1851b474d269a16f369721695138aafd20f45845ac1a89e359377d709b292,73317,editorial/buffett/collation/shareholder-letters/berkshire_2005-巴菲特致股东信.md,e6b1851b474d269a16f369721695138aafd20f45845ac1a89e359377d709b292,73317,false,,0,,0,,content/source-documents/berkshire-shareholder-letters/2005ltr.pdf,https://berkshirehathaway.com/letters/2005ltr.pdf,boundary-cleaned-not-yet-bilingually-collated
30,2006,2006 年致伯克希尔股东信,content/letters/berkshire_2006-巴菲特致股东信.md,ba8c5a8523f1826b03661e1bc74954de93ce1063d27376f191832c5685fd8b44,58665,editorial/buffett/collation/shareholder-letters/berkshire_2006-巴菲特致股东信.md,7ec1015de4a3756c516d5f6138f4a2fdf3dcf22c522f77d3a4162108e809ef04,58679,true,leading-layout-note-labeled-editorial,0,,0,,content/source-documents/berkshire-shareholder-letters/2006ltr.pdf,https://berkshirehathaway.com/letters/2006ltr.pdf,boundary-cleaned-not-yet-bilingually-collated
31,2007,2007 年致伯克希尔股东信,content/letters/berkshire_2007-巴菲特致股东信.md,187ac60912b36e23ff1be735ca8de65d26c332e2a315946ba980f6e89ad802c8,71865,editorial/buffett/collation/shareholder-letters/berkshire_2007-巴菲特致股东信.md,f1261d55762e36224188a5da873441c70695c5d9db14382916bb19a4ce8e5f3f,71879,true,leading-layout-note-labeled-editorial,0,,0,,content/source-documents/berkshire-shareholder-letters/2007ltr.pdf,https://berkshirehathaway.com/letters/2007ltr.pdf,boundary-cleaned-not-yet-bilingually-collated
32,2008,2008 年致伯克希尔股东信,content/letters/berkshire_2008-巴菲特致股东信.md,6f86a931ffe56c532f0d7dd971fc6dd4a4ed4232d2198de91331818b33ee104d,76909,editorial/buffett/collation/shareholder-letters/berkshire_2008-巴菲特致股东信.md,6f86a931ffe56c532f0d7dd971fc6dd4a4ed4232d2198de91331818b33ee104d,76909,false,,0,,0,,content/source-documents/berkshire-shareholder-letters/2008ltr.pdf,https://berkshirehathaway.com/letters/2008ltr.pdf,boundary-cleaned-not-yet-bilingually-collated
33,2009,2009 年致伯克希尔股东信,content/letters/berkshire_2009-巴菲特致股东信.md,3d073008a9bfdf2d59792f6e7d08a3648b2aedeba37a181eb2d821a664e2e010,65634,editorial/buffett/collation/shareholder-letters/berkshire_2009-巴菲特致股东信.md,3d073008a9bfdf2d59792f6e7d08a3648b2aedeba37a181eb2d821a664e2e010,65634,false,,0,,0,,content/source-documents/berkshire-shareholder-letters/2009ltr.pdf,https://berkshirehathaway.com/letters/2009ltr.pdf,boundary-cleaned-not-yet-bilingually-collated
34,2010,2010 年致伯克希尔股东信,content/letters/berkshire_2010-巴菲特致股东信.md,c42f29922cfec58aca80d202e25d1f0f67c0d17e687cfac5c9ef5ca2fbca9048,88345,editorial/buffett/collation/shareholder-letters/berkshire_2010-巴菲特致股东信.md,c42f29922cfec58aca80d202e25d1f0f67c0d17e687cfac5c9ef5ca2fbca9048,88345,false,,0,,0,,content/source-documents/berkshire-shareholder-letters/2010ltr.pdf,https://berkshirehathaway.com/letters/2010ltr.pdf,boundary-cleaned-not-yet-bilingually-collated
35,2011,2011 年致伯克希尔股东信,content/letters/berkshire_2011-巴菲特致股东信.md,d352d7e2eb9406e0246b3c8e9b656e872dcde88f1890b20857face39ee074bba,80419,editorial/buffett/collation/shareholder-letters/berkshire_2011-巴菲特致股东信.md,d352d7e2eb9406e0246b3c8e9b656e872dcde88f1890b20857face39ee074bba,80419,false,,0,,0,,content/source-documents/berkshire-shareholder-letters/2011ltr.pdf,https://berkshirehathaway.com/letters/2011ltr.pdf,boundary-cleaned-not-yet-bilingually-collated
36,2012,2012 年致伯克希尔股东信,content/letters/berkshire_2012-巴菲特致股东信.md,272c19b3bddbd2f6bab7efd2406e3caa67c3e8d27319b65df976e6bf76b4ad27,79132,editorial/buffett/collation/shareholder-letters/berkshire_2012-巴菲特致股东信.md,272c19b3bddbd2f6bab7efd2406e3caa67c3e8d27319b65df976e6bf76b4ad27,79132,false,,0,,0,,content/source-documents/berkshire-shareholder-letters/2012ltr.pdf,https://berkshirehathaway.com/letters/2012ltr.pdf,boundary-cleaned-not-yet-bilingually-collated
37,2013,2013 年致伯克希尔股东信,content/letters/berkshire_2013-巴菲特致股东信.md,0763f845fa6564d96bbae9178bd65a48d761814967bff17df2e7c8435dc3d3f4,76020,editorial/buffett/collation/shareholder-letters/berkshire_2013-巴菲特致股东信.md,0763f845fa6564d96bbae9178bd65a48d761814967bff17df2e7c8435dc3d3f4,76020,false,,0,,0,,content/source-documents/berkshire-shareholder-letters/2013ltr.pdf,https://berkshirehathaway.com/letters/2013ltr.pdf,boundary-cleaned-not-yet-bilingually-collated
38,2014,2014 年致伯克希尔股东信,content/letters/berkshire_2014-巴菲特致股东信.md,f8535d7ac0714dc92d48c2c42820c202f87eaeea72ff848c2d35350d93fa003b,69507,editorial/buffett/collation/shareholder-letters/berkshire_2014-巴菲特致股东信.md,f8535d7ac0714dc92d48c2c42820c202f87eaeea72ff848c2d35350d93fa003b,69507,false,,0,,0,,content/source-documents/berkshire-shareholder-letters/2014ltr.pdf,https://berkshirehathaway.com/letters/2014ltr.pdf,boundary-cleaned-not-yet-bilingually-collated
39,2015,2015 年致伯克希尔股东信,content/letters/berkshire_2015-巴菲特致股东信.md,166df3b12fd2ecfed902e1cb412254bf2145bbef27037eaa652fcbddbb77f8a6,95382,editorial/buffett/collation/shareholder-letters/berkshire_2015-巴菲特致股东信.md,166df3b12fd2ecfed902e1cb412254bf2145bbef27037eaa652fcbddbb77f8a6,95382,false,,0,,0,,content/source-documents/berkshire-shareholder-letters/2015ltr.pdf,https://berkshirehathaway.com/letters/2015ltr.pdf,boundary-cleaned-not-yet-bilingually-collated
40,2016,2016 年致伯克希尔股东信,content/letters/berkshire_2016-巴菲特致股东信.md,80336500d1c88c5d27b31bfeb1377a51d48b718059623ff76cf8457b9492de9f,92414,editorial/buffett/collation/shareholder-letters/berkshire_2016-巴菲特致股东信.md,f10e052fcddd20ab687ceadee4f1420b3099849fbd74228de515edd3835b59d3,92450,true,three-explanatory-footnotes-labeled-translator-note,0,,0,,content/source-documents/berkshire-shareholder-letters/2016ltr.pdf,https://berkshirehathaway.com/letters/2016ltr.pdf,boundary-cleaned-not-yet-bilingually-collated
41,2017,2017 年致伯克希尔股东信,content/letters/berkshire_2017-巴菲特致股东信.md,c33fc310f85f3ae3f2acb84b4c5134908c1fb7e8df4a0432263b84dc3e936d25,53196,editorial/buffett/collation/shareholder-letters/berkshire_2017-巴菲特致股东信.md,c33fc310f85f3ae3f2acb84b4c5134908c1fb7e8df4a0432263b84dc3e936d25,53196,false,,0,,0,,content/source-documents/berkshire-shareholder-letters/2017ltr.pdf,https://berkshirehathaway.com/letters/2017ltr.pdf,boundary-cleaned-not-yet-bilingually-collated
42,2018,2018 年致伯克希尔股东信,content/letters/berkshire_2018-巴菲特致股东信.md,c082232697a0a4ca7dc0603a81aeba30ca0d97c79918bfdd6639229f2d748732,42590,editorial/buffett/collation/shareholder-letters/berkshire_2018-巴菲特致股东信.md,c082232697a0a4ca7dc0603a81aeba30ca0d97c79918bfdd6639229f2d748732,42590,false,,0,,0,,content/source-documents/berkshire-shareholder-letters/2018ltr.pdf,https://berkshirehathaway.com/letters/2018ltr.pdf,boundary-cleaned-not-yet-bilingually-collated
43,2019,2019 年致伯克希尔股东信,content/letters/berkshire_2019-巴菲特致股东信.md,e57057420542ce2a009d61e43c9dd770efd437aba99c70fc6c1fd6baaa768796,43099,editorial/buffett/collation/shareholder-letters/berkshire_2019-巴菲特致股东信.md,e57057420542ce2a009d61e43c9dd770efd437aba99c70fc6c1fd6baaa768796,43099,false,,0,,0,,content/source-documents/berkshire-shareholder-letters/2019ltr.pdf,https://berkshirehathaway.com/letters/2019ltr.pdf,boundary-cleaned-not-yet-bilingually-collated
44,2020,2020 年致伯克希尔股东信,content/letters/berkshire_2020-巴菲特致股东信.md,0804eedcec9f227388b1c4ed9c36d8ab15dbe823c4c476472886b8764e846677,42972,editorial/buffett/collation/shareholder-letters/berkshire_2020-巴菲特致股东信.md,0804eedcec9f227388b1c4ed9c36d8ab15dbe823c4c476472886b8764e846677,42972,false,,0,,0,,content/source-documents/berkshire-shareholder-letters/2020ltr.pdf,https://berkshirehathaway.com/letters/2020ltr.pdf,boundary-cleaned-not-yet-bilingually-collated
45,2021,2021 年致伯克希尔股东信,content/letters/berkshire_2021-巴菲特致股东信.md,5c3a214f9e96ba9a0d46515eef5c6f91a52ed53eeed1c61840b80f6c25de5641,29589,editorial/buffett/collation/shareholder-letters/berkshire_2021-巴菲特致股东信.md,5c3a214f9e96ba9a0d46515eef5c6f91a52ed53eeed1c61840b80f6c25de5641,29589,false,,0,,0,,content/source-documents/berkshire-shareholder-letters/2021ltr.pdf,https://berkshirehathaway.com/letters/2021ltr.pdf,boundary-cleaned-not-yet-bilingually-collated
46,2022,2022 年致伯克希尔股东信,content/letters/berkshire_2022-巴菲特致股东信.md,5b00f7418545b52185a03611153f9a63c90c7a405cbc2da9ccc8356174889e89,22077,editorial/buffett/collation/shareholder-letters/berkshire_2022-巴菲特致股东信.md,5b00f7418545b52185a03611153f9a63c90c7a405cbc2da9ccc8356174889e89,22077,false,,0,,0,,content/source-documents/berkshire-shareholder-letters/2022ltr.pdf,https://berkshirehathaway.com/letters/2022ltr.pdf,boundary-cleaned-not-yet-bilingually-collated
47,2023,2023 年致伯克希尔股东信,content/letters/berkshire_2023-巴菲特致股东信.md,64eccbcf4a6392ceb7b1d5057b7f2e7ead92a53240b185cec77cd9f486dfdf53,35999,editorial/buffett/collation/shareholder-letters/berkshire_2023-巴菲特致股东信.md,64eccbcf4a6392ceb7b1d5057b7f2e7ead92a53240b185cec77cd9f486dfdf53,35999,false,,0,,0,,content/source-documents/berkshire-shareholder-letters/2023ltr.pdf,https://berkshirehathaway.com/letters/2023ltr.pdf,boundary-cleaned-not-yet-bilingually-collated
48,2024,2024 年致伯克希尔股东信,content/letters/berkshire_2024-巴菲特致股东信.md,ef5ada8535e77824db0cc6d6b38ba2f4f3fe7898270e7f313ae7a084eb0c359b,32900,editorial/buffett/collation/shareholder-letters/berkshire_2024-巴菲特致股东信.md,ef5ada8535e77824db0cc6d6b38ba2f4f3fe7898270e7f313ae7a084eb0c359b,32900,false,,0,,0,,content/source-documents/berkshire-shareholder-letters/2024ltr.pdf,https://berkshirehathaway.com/letters/2024ltr.pdf,boundary-cleaned-not-yet-bilingually-collated
49,2025,2025 年感恩节致股东信,content/letters/berkshire_2025-巴菲特致股东信.md,959a6dfd77bcaa6ab5858a3ab53df0140242715912af8ddf2dd6476818da26d5,21516,editorial/buffett/collation/shareholder-letters/berkshire_2025-巴菲特致股东信.md,d0624770b74ba525220563d51f0770dca0beb9202c1a9634472090286821a0b9,20445,true,official-press-release-prefix-separated|company-description-and-contact-suffix-separated,677,b9ca191632cde0051549d7033cf5f68569fc478503a8687237758b68ae4e9da3,393,15c399d2b6d26fe8a104c55ba4b65b6adaa2f682c84e62d6c94632ef9d3ba97d,content/source-documents/berkshire-shareholder-letters/2025-thanksgiving-message.pdf,https://berkshirehathaway.com/news/nov1025.pdf,boundary-cleaned-not-yet-bilingually-collated
