person,collection,year,format,localPath,officialUrl,officialIndexUrl,linkedMarkdown,locatorPath,bytes,sha256
buffett,berkshire-shareholder-letter,1977,html,content/source-documents/berkshire-shareholder-letters/1977.html,https://berkshirehathaway.com/letters/1977.html,https://berkshirehathaway.com/letters/letters.html,content/letters/berkshire_1977-巴菲特致股东信.md,,21781,ef4c39cbca16040bb824764eca719cd934ec62380e1b9c61396e2f483d07d9e0
buffett,berkshire-shareholder-letter,1978,html,content/source-documents/berkshire-shareholder-letters/1978.html,https://berkshirehathaway.com/letters/1978.html,https://berkshirehathaway.com/letters/letters.html,content/letters/berkshire_1978-巴菲特致股东信.md,,30983,71231697294a1a14b9283e23ffac6dfb63d7ef11c083dea2fb21019585606d01
buffett,berkshire-shareholder-letter,1979,html,content/source-documents/berkshire-shareholder-letters/1979.html,https://berkshirehathaway.com/letters/1979.html,https://berkshirehathaway.com/letters/letters.html,content/letters/berkshire_1979-巴菲特致股东信.md,,45012,4f66a3daa2236cdedecced3e9f58c2968a5f08840a2dc860da4c4659a96a7c8f
buffett,berkshire-shareholder-letter,1980,html,content/source-documents/berkshire-shareholder-letters/1980.html,https://berkshirehathaway.com/letters/1980.html,https://berkshirehathaway.com/letters/letters.html,content/letters/berkshire_1980-巴菲特致股东信.md,,51554,54ac7fa996187c7403daeca347a3067c093973b347ebf9da389865ec6c2a6d3f
buffett,berkshire-shareholder-letter,1981,html,content/source-documents/berkshire-shareholder-letters/1981.html,https://berkshirehathaway.com/letters/1981.html,https://berkshirehathaway.com/letters/letters.html,content/letters/berkshire_1981-巴菲特致股东信.md,,47771,cb53d5175e16316cb66edef22f21720994d27a9749357137e67a021f8a569d7c
buffett,berkshire-shareholder-letter,1982,html,content/source-documents/berkshire-shareholder-letters/1982.html,https://berkshirehathaway.com/letters/1982.html,https://berkshirehathaway.com/letters/letters.html,content/letters/berkshire_1982-巴菲特致股东信.md,,55640,239ef9651d75cf8124caf3c404d7c17e1c431fce3ab36aa962fc07bff07254c8
buffett,berkshire-shareholder-letter,1983,html,content/source-documents/berkshire-shareholder-letters/1983.html,https://berkshirehathaway.com/letters/1983.html,https://berkshirehathaway.com/letters/letters.html,content/letters/berkshire_1983-巴菲特致股东信.md,,79963,3d74da78af60d748df810860af64100a52c8031f572e9f9411e42ab5afbd69a9
buffett,berkshire-shareholder-letter,1984,html,content/source-documents/berkshire-shareholder-letters/1984.html,https://berkshirehathaway.com/letters/1984.html,https://berkshirehathaway.com/letters/letters.html,content/letters/berkshire_1984-巴菲特致股东信.md,,85836,c1eea368a005ea4c26c5c32c47da48255ecf21bd15ec7d8af174e750d2e73ad8
buffett,berkshire-shareholder-letter,1985,html,content/source-documents/berkshire-shareholder-letters/1985.html,https://berkshirehathaway.com/letters/1985.html,https://berkshirehathaway.com/letters/letters.html,content/letters/berkshire_1985-巴菲特致股东信.md,,90476,081058f9b1a630da524f7ade4fccbd8d1f1cc5f04a1f0d7b9c58b9cc49770705
buffett,berkshire-shareholder-letter,1986,html,content/source-documents/berkshire-shareholder-letters/1986.html,https://berkshirehathaway.com/letters/1986.html,https://berkshirehathaway.com/letters/letters.html,content/letters/berkshire_1986-巴菲特致股东信.md,,112247,7a1c77d00cd18b0ce312eae72c95bf45c8da7d0169451f4ed67924dbff2562e8
buffett,berkshire-shareholder-letter,1987,html,content/source-documents/berkshire-shareholder-letters/1987.html,https://berkshirehathaway.com/letters/1987.html,https://berkshirehathaway.com/letters/letters.html,content/letters/berkshire_1987-巴菲特致股东信.md,,82757,88ea72481dcae5940e908f91646afb8f775cae542250d500fad2c3e28e5a58c0
buffett,berkshire-shareholder-letter,1988,html,content/source-documents/berkshire-shareholder-letters/1988.html,https://berkshirehathaway.com/letters/1988.html,https://berkshirehathaway.com/letters/letters.html,content/letters/berkshire_1988-巴菲特致股东信.md,,77771,0effa5b4934e404eebc8e1a50143b21026074f3f38e4761364b4e38bcb9ad16d
buffett,berkshire-shareholder-letter,1989,html,content/source-documents/berkshire-shareholder-letters/1989.html,https://berkshirehathaway.com/letters/1989.html,https://berkshirehathaway.com/letters/letters.html,content/letters/berkshire_1989-巴菲特致股东信.md,,93861,4dae70ca027a554a523a1de398cf7310e1cbdcc146c0cce74659931d57141afa
buffett,berkshire-shareholder-letter,1990,html,content/source-documents/berkshire-shareholder-letters/1990.html,https://berkshirehathaway.com/letters/1990.html,https://berkshirehathaway.com/letters/letters.html,content/letters/berkshire_1990-巴菲特致股东信.md,,112607,277b2f56fd79847abf6b2bc75420dfdc8630fdc5367c4b8b1abbdba48e956126
buffett,berkshire-shareholder-letter,1991,html,content/source-documents/berkshire-shareholder-letters/1991.html,https://berkshirehathaway.com/letters/1991.html,https://berkshirehathaway.com/letters/letters.html,content/letters/berkshire_1991-巴菲特致股东信.md,,62912,7ee3610bfdfb0c6dda9ffeab2f2c6590df70951452ad8c7ff435aaa4d5b55867
buffett,berkshire-shareholder-letter,1992,html,content/source-documents/berkshire-shareholder-letters/1992.html,https://berkshirehathaway.com/letters/1992.html,https://berkshirehathaway.com/letters/letters.html,content/letters/berkshire_1992-巴菲特致股东信.md,,76201,281218259801b95b4fad83f3e92a3e7bfbc15389b8f308b4f5992730f19cdde8
buffett,berkshire-shareholder-letter,1993,html,content/source-documents/berkshire-shareholder-letters/1993.html,https://berkshirehathaway.com/letters/1993.html,https://berkshirehathaway.com/letters/letters.html,content/letters/berkshire_1993-巴菲特致股东信.md,,74941,9490e7d60ebe644e1f9f717e07441dede038ebfa8c29b0f03c544407557fbf96
buffett,berkshire-shareholder-letter,1994,html,content/source-documents/berkshire-shareholder-letters/1994.html,https://berkshirehathaway.com/letters/1994.html,https://berkshirehathaway.com/letters/letters.html,content/letters/berkshire_1994-巴菲特致股东信.md,,65391,291a33c8e9c8e9ec636b2fa0b7ac8e81303c86551a1b3c2b3cb9f56296827f4c
buffett,berkshire-shareholder-letter,1995,html,content/source-documents/berkshire-shareholder-letters/1995.html,https://berkshirehathaway.com/letters/1995.html,https://berkshirehathaway.com/letters/letters.html,content/letters/berkshire_1995-巴菲特致股东信.md,,77925,b949efa183c1cc7120b8e8d8b095d4feed8ddb173b3c4fa1524b162dddd6ec4c
buffett,berkshire-shareholder-letter,1996,html,content/source-documents/berkshire-shareholder-letters/1996.html,https://berkshirehathaway.com/letters/1996.html,https://berkshirehathaway.com/letters/letters.html,content/letters/berkshire_1996-巴菲特致股东信.md,,78056,8518b0b6a2c2586cb46fe2507cf2bbf22ce3b557e9989e0ffe93d43e05980ced
buffett,berkshire-shareholder-letter,1997,html,content/source-documents/berkshire-shareholder-letters/1997.html,https://berkshirehathaway.com/letters/1997.html,https://berkshirehathaway.com/letters/letters.html,content/letters/berkshire_1997-巴菲特致股东信.md,,84889,c756c7a76a810335932c9edb7a8b603c8877d39668886634e164fe52e8a2bcd2
buffett,berkshire-shareholder-letter,1998,pdf,content/source-documents/berkshire-shareholder-letters/1998pdf.pdf,https://berkshirehathaway.com/letters/1998pdf.pdf,https://berkshirehathaway.com/letters/letters.html,content/letters/berkshire_1998-巴菲特致股东信.md,content/source-documents/berkshire-shareholder-letters/1998.html,78409,1d798cda07b82e582643a0d9c0a5adf9a141f908426e666774fca9a592944941
buffett,berkshire-shareholder-letter,1999,pdf,content/source-documents/berkshire-shareholder-letters/final1999pdf.pdf,https://berkshirehathaway.com/letters/final1999pdf.pdf,https://berkshirehathaway.com/letters/letters.html,content/letters/berkshire_1999-巴菲特致股东信.md,content/source-documents/berkshire-shareholder-letters/1999.html,90686,cf6b22508de51e7ba96e61f1eee51e45d3a5aaf27182cf491fd3e0ca94089d3b
buffett,berkshire-shareholder-letter,2000,pdf,content/source-documents/berkshire-shareholder-letters/2000pdf.pdf,https://berkshirehathaway.com/letters/2000pdf.pdf,https://berkshirehathaway.com/letters/letters.html,content/letters/berkshire_2000-巴菲特致股东信.md,content/source-documents/berkshire-shareholder-letters/2000.html,94218,401a40b7011271dfc00c246a92aefd30887a6fdaf53ab0c8a1132b3d6c3078b9
buffett,berkshire-shareholder-letter,2001,pdf,content/source-documents/berkshire-shareholder-letters/2001pdf.pdf,https://berkshirehathaway.com/letters/2001pdf.pdf,https://berkshirehathaway.com/letters/letters.html,content/letters/berkshire_2001-巴菲特致股东信.md,content/source-documents/berkshire-shareholder-letters/2001.html,213216,50a79a227522a66ef79286a50ff9fb4b39dec5d025431dbb4ecedf126ad0caa0
buffett,berkshire-shareholder-letter,2002,pdf,content/source-documents/berkshire-shareholder-letters/2002pdf.pdf,https://berkshirehathaway.com/letters/2002pdf.pdf,https://berkshirehathaway.com/letters/letters.html,content/letters/berkshire_2002-巴菲特致股东信.md,content/source-documents/berkshire-shareholder-letters/2002.html,187071,50492594fa06be7ad895fce63e57f7aca14aab24ea0d70dc6ae2161c26953c90
buffett,berkshire-shareholder-letter,2003,pdf,content/source-documents/berkshire-shareholder-letters/2003ltr.pdf,https://berkshirehathaway.com/letters/2003ltr.pdf,https://berkshirehathaway.com/letters/letters.html,content/letters/berkshire_2003-巴菲特致股东信.md,content/source-documents/berkshire-shareholder-letters/2003.html,200698,207377b7b267bbf327cbc49da20dd749b564328b31e0224d70982b7885b5475e
buffett,berkshire-shareholder-letter,2004,pdf,content/source-documents/berkshire-shareholder-letters/2004ltr.pdf,https://berkshirehathaway.com/letters/2004ltr.pdf,https://berkshirehathaway.com/letters/letters.html,content/letters/berkshire_2004-巴菲特致股东信.md,,613994,d26d34d2e6b6f19e07844553069c4a113874749ae6317d5f4a33f0b11fb32768
buffett,berkshire-shareholder-letter,2005,pdf,content/source-documents/berkshire-shareholder-letters/2005ltr.pdf,https://berkshirehathaway.com/letters/2005ltr.pdf,https://berkshirehathaway.com/letters/letters.html,content/letters/berkshire_2005-巴菲特致股东信.md,,541491,e0c91795c8709ed2376ba67e5de5dbc2857d1bc15e3ed742bf6ac95f5850cc2b
buffett,berkshire-shareholder-letter,2006,pdf,content/source-documents/berkshire-shareholder-letters/2006ltr.pdf,https://berkshirehathaway.com/letters/2006ltr.pdf,https://berkshirehathaway.com/letters/letters.html,content/letters/berkshire_2006-巴菲特致股东信.md,,495007,f12c2abd96a052747157fcabd26f7ef5ab4df1c2747b1af8c42abd803e57a7b6
buffett,berkshire-shareholder-letter,2007,pdf,content/source-documents/berkshire-shareholder-letters/2007ltr.pdf,https://berkshirehathaway.com/letters/2007ltr.pdf,https://berkshirehathaway.com/letters/letters.html,content/letters/berkshire_2007-巴菲特致股东信.md,,476332,8288aa8a17b677ca1215c31ef0afb887d3f95dbb0e2241f77b54b51f0c3f7cfa
buffett,berkshire-shareholder-letter,2008,pdf,content/source-documents/berkshire-shareholder-letters/2008ltr.pdf,https://berkshirehathaway.com/letters/2008ltr.pdf,https://berkshirehathaway.com/letters/letters.html,content/letters/berkshire_2008-巴菲特致股东信.md,,132043,46920242cbb861fd844453d5e20edd8b0ecea977d85111cf2a7cfb249913c6cf
buffett,berkshire-shareholder-letter,2009,pdf,content/source-documents/berkshire-shareholder-letters/2009ltr.pdf,https://berkshirehathaway.com/letters/2009ltr.pdf,https://berkshirehathaway.com/letters/letters.html,content/letters/berkshire_2009-巴菲特致股东信.md,,119109,f53e845e58cf4cc34c78538c662a0aebcbd5689fda3f16eaa605a73fee3d31df
buffett,berkshire-shareholder-letter,2010,pdf,content/source-documents/berkshire-shareholder-letters/2010ltr.pdf,https://berkshirehathaway.com/letters/2010ltr.pdf,https://berkshirehathaway.com/letters/letters.html,content/letters/berkshire_2010-巴菲特致股东信.md,,309592,50425cd27fd39fa50a94256d9ff69e8c50b8d6d1b8935e5db9df0fd2bbdf76ad
buffett,berkshire-shareholder-letter,2011,pdf,content/source-documents/berkshire-shareholder-letters/2011ltr.pdf,https://berkshirehathaway.com/letters/2011ltr.pdf,https://berkshirehathaway.com/letters/letters.html,content/letters/berkshire_2011-巴菲特致股东信.md,,129396,6f5125e45c30007cd3188092cd59d339c7d8266b2f6c8e87387ad397ac1c0083
buffett,berkshire-shareholder-letter,2012,pdf,content/source-documents/berkshire-shareholder-letters/2012ltr.pdf,https://berkshirehathaway.com/letters/2012ltr.pdf,https://berkshirehathaway.com/letters/letters.html,content/letters/berkshire_2012-巴菲特致股东信.md,,136334,a14b3a546e903974dc654e10213316f75bfa0a8b6e038dc673e8602bce225573
buffett,berkshire-shareholder-letter,2013,pdf,content/source-documents/berkshire-shareholder-letters/2013ltr.pdf,https://berkshirehathaway.com/letters/2013ltr.pdf,https://berkshirehathaway.com/letters/letters.html,content/letters/berkshire_2013-巴菲特致股东信.md,,257211,ad24565997a09a1f7ef752da875161a24e025329510f3489afd912ff1e2673f5
buffett,berkshire-shareholder-letter,2014,pdf,content/source-documents/berkshire-shareholder-letters/2014ltr.pdf,https://berkshirehathaway.com/letters/2014ltr.pdf,https://berkshirehathaway.com/letters/letters.html,content/letters/berkshire_2014-巴菲特致股东信.md,,362079,dd00248b32ad1f67234bb4dba66755bf45a623bd94e40465a2a88707b73cd426
buffett,berkshire-shareholder-letter,2015,pdf,content/source-documents/berkshire-shareholder-letters/2015ltr.pdf,https://berkshirehathaway.com/letters/2015ltr.pdf,https://berkshirehathaway.com/letters/letters.html,content/letters/berkshire_2015-巴菲特致股东信.md,,2443422,139d8db9c20f0f86316e4b815fdc86687985c7adcdbdd70605a188bcc804cde7
buffett,berkshire-shareholder-letter,2016,pdf,content/source-documents/berkshire-shareholder-letters/2016ltr.pdf,https://berkshirehathaway.com/letters/2016ltr.pdf,https://berkshirehathaway.com/letters/letters.html,content/letters/berkshire_2016-巴菲特致股东信.md,,154712,b8096f989e52bab3f18ad6ea7902891ddc038868df5437b89653719c79348d18
buffett,berkshire-shareholder-letter,2017,pdf,content/source-documents/berkshire-shareholder-letters/2017ltr.pdf,https://berkshirehathaway.com/letters/2017ltr.pdf,https://berkshirehathaway.com/letters/letters.html,content/letters/berkshire_2017-巴菲特致股东信.md,,87641,0b170cb5984255970c617cae0f7c575ea03c280ae00eeb77193d03e6195c6650
buffett,berkshire-shareholder-letter,2018,pdf,content/source-documents/berkshire-shareholder-letters/2018ltr.pdf,https://berkshirehathaway.com/letters/2018ltr.pdf,https://berkshirehathaway.com/letters/letters.html,content/letters/berkshire_2018-巴菲特致股东信.md,,77566,0e6531e162fcbc5ecb9c771dd468be1f0e06ff895ed38a26765e1338dbc4b3bd
buffett,berkshire-shareholder-letter,2019,pdf,content/source-documents/berkshire-shareholder-letters/2019ltr.pdf,https://berkshirehathaway.com/letters/2019ltr.pdf,https://berkshirehathaway.com/letters/letters.html,content/letters/berkshire_2019-巴菲特致股东信.md,,76466,d6df1c022f6bac02f430887ce59cfd0cf8945f69afe60f9c2e84d03dd4e67173
buffett,berkshire-shareholder-letter,2020,pdf,content/source-documents/berkshire-shareholder-letters/2020ltr.pdf,https://berkshirehathaway.com/letters/2020ltr.pdf,https://berkshirehathaway.com/letters/letters.html,content/letters/berkshire_2020-巴菲特致股东信.md,,78896,e556a52b8d4dc490d04c5f34bab98708d414cf1f632d9f68671d5a5c645afca5
buffett,berkshire-shareholder-letter,2021,pdf,content/source-documents/berkshire-shareholder-letters/2021ltr.pdf,https://berkshirehathaway.com/letters/2021ltr.pdf,https://berkshirehathaway.com/letters/letters.html,content/letters/berkshire_2021-巴菲特致股东信.md,,64117,fd5687aec746816b08113e9ccf8c4826eaa258906e66f7b4abe90c8b4f8b30ba
buffett,berkshire-shareholder-letter,2022,pdf,content/source-documents/berkshire-shareholder-letters/2022ltr.pdf,https://berkshirehathaway.com/letters/2022ltr.pdf,https://berkshirehathaway.com/letters/letters.html,content/letters/berkshire_2022-巴菲特致股东信.md,,55589,a99f263003295b177e8c50ec34f2307093857a357276527e98d5a6205e21a908
buffett,berkshire-shareholder-letter,2023,pdf,content/source-documents/berkshire-shareholder-letters/2023ltr.pdf,https://berkshirehathaway.com/letters/2023ltr.pdf,https://berkshirehathaway.com/letters/letters.html,content/letters/berkshire_2023-巴菲特致股东信.md,,122415,829169be21f4ce05202720fe5645cc1b9a5b1ae20bf5e6ebaff987349766eafd
buffett,berkshire-shareholder-letter,2024,pdf,content/source-documents/berkshire-shareholder-letters/2024ltr.pdf,https://berkshirehathaway.com/letters/2024ltr.pdf,https://berkshirehathaway.com/letters/letters.html,content/letters/berkshire_2024-巴菲特致股东信.md,,64860,ff21ab9407dec219757587b6ce6a1bf30e59cfff15bb21e81d1faaec7f97a8a7
buffett,thanksgiving-shareholder-message,2025,pdf,content/source-documents/berkshire-shareholder-letters/2025-thanksgiving-message.pdf,https://berkshirehathaway.com/news/nov1025.pdf,https://berkshirehathaway.com/news/2025news.html,content/letters/berkshire_2025-巴菲特致股东信.md,,325648,be499afab992b9f77353b341efdcc2a01ce09ee702ad88dd24afb91a7f3b9316
munger,wesco-shareholder-letter,1997,pdf,content/source-pdfs/wesco/wesco-1997.pdf,https://www.berkshirehathaway.com/wesco/cm1997.pdf,https://www.berkshirehathaway.com/wesco/WescoHome.html,content/munger-originals/wesco-letter-1997.md,,78545,a07711a22308c1f463c7058d12a28c6073e70ba5d0bf880403d04e0af06e592d
munger,wesco-shareholder-letter,1998,pdf,content/source-pdfs/wesco/wesco-1998.pdf,https://www.berkshirehathaway.com/wesco/cm1998.pdf,https://www.berkshirehathaway.com/wesco/WescoHome.html,content/munger-originals/wesco-letter-1998.md,,77376,02e2f3d873ba55118aa12a0dc57fc6a11e1500c099a52cf31d4a670fa2f2f7bb
munger,wesco-shareholder-letter,1999,pdf,content/source-pdfs/wesco/wesco-1999.pdf,https://www.berkshirehathaway.com/wesco/cm1999.pdf,https://www.berkshirehathaway.com/wesco/WescoHome.html,content/munger-originals/wesco-letter-1999.md,,78488,c41110f71d51c04e6be83914da5d07f9d0b6ab9e2dc671a9ad364a7cb980774c
munger,wesco-shareholder-letter,2000,pdf,content/source-pdfs/wesco/wesco-2000.pdf,https://www.berkshirehathaway.com/wesco/cm2000.pdf,https://www.berkshirehathaway.com/wesco/WescoHome.html,content/munger-originals/wesco-letter-2000.md,,53970,d3f6a5d294d355364826d4cdfbfc0633d234826d4ffd1baa2c5a4985fe6695b4
munger,wesco-shareholder-letter,2001,pdf,content/source-pdfs/wesco/wesco-2001.pdf,https://www.berkshirehathaway.com/wesco/cm2001.pdf,https://www.berkshirehathaway.com/wesco/WescoHome.html,content/munger-originals/wesco-letter-2001.md,,60193,047193b31c6c18df5ffadbadff3e009844965d05d17049f1f5f1f6116333a7fb
munger,wesco-shareholder-letter,2002,pdf,content/source-pdfs/wesco/wesco-2002.pdf,https://www.berkshirehathaway.com/wesco/cm2002.pdf,https://www.berkshirehathaway.com/wesco/WescoHome.html,content/munger-originals/wesco-letter-2002.md,,58947,d8a26d205a5b73735754f1cd1312ebfc3844395765b12a51b29c503c5c5c1315
munger,wesco-shareholder-letter,2003,pdf,content/source-pdfs/wesco/wesco-2003.pdf,https://www.berkshirehathaway.com/wesco/cm2003.pdf,https://www.berkshirehathaway.com/wesco/WescoHome.html,content/munger-originals/wesco-letter-2003.md,,68487,a14723dff7c5bed9b6d8fdc3950e456ddd6e73ebf14720eb58139fcf0b56ccdb
munger,wesco-shareholder-letter,2004,pdf,content/source-pdfs/wesco/wesco-2004.pdf,https://www.berkshirehathaway.com/wesco/cm2004.pdf,https://www.berkshirehathaway.com/wesco/WescoHome.html,content/munger-originals/wesco-letter-2004.md,,64197,caf45a3e82e1c17ad8384a79311c67c04f5147668199a5173f85769997c2815d
munger,wesco-shareholder-letter,2005,pdf,content/source-pdfs/wesco/wesco-2005.pdf,https://www.berkshirehathaway.com/wesco/cm2005.pdf,https://www.berkshirehathaway.com/wesco/WescoHome.html,content/munger-originals/wesco-letter-2005.md,,64101,bce657bde27ec76cdb94367fbd44c9b1fe27599cbdb8aba35a658422e5106e74
munger,wesco-shareholder-letter,2006,pdf,content/source-pdfs/wesco/wesco-2006.pdf,https://www.berkshirehathaway.com/wesco/cm2006.pdf,https://www.berkshirehathaway.com/wesco/WescoHome.html,content/munger-originals/wesco-letter-2006.md,,56805,05f538fa2af8815f28ab861351dfb2c7d9c566a2dc9aca3a7b7f49ab7e0df96e
munger,wesco-shareholder-letter,2007,pdf,content/source-pdfs/wesco/wesco-2007.pdf,https://www.berkshirehathaway.com/wesco/cm2007.pdf,https://www.berkshirehathaway.com/wesco/WescoHome.html,content/munger-originals/wesco-letter-2007.md,,64093,3665126089ea1f6de9f95bd705f2850d2c9bb1c1e158d6cfebdbdf0bfc6cd17f
munger,wesco-shareholder-letter,2008,pdf,content/source-pdfs/wesco/wesco-2008.pdf,https://www.berkshirehathaway.com/wesco/cm2008.pdf,https://www.berkshirehathaway.com/wesco/WescoHome.html,content/munger-originals/wesco-letter-2008.md,,60771,992bb5390e82c575141d7e308db933be5fcb4daa83f296f2a476ab7638e5b24c
munger,wesco-shareholder-letter,2009,pdf,content/source-pdfs/wesco/wesco-2009.pdf,https://www.berkshirehathaway.com/wesco/cm2009.pdf,https://www.berkshirehathaway.com/wesco/WescoHome.html,content/munger-originals/wesco-letter-2009.md,,51023,2bf3895cda5601ab1e9b1b4a66b76cd7dee68e543a31a29c3bb86e12c4fbde03
