person,sequence,year,collection,title,linkedMarkdown,linkedMarkdownBytes,linkedMarkdownSha256,officialSourcePath,officialSourceUrl,officialSourceSha256,workingManuscript
buffett,1,1977,berkshire-shareholder-letter,1977 年致伯克希尔股东信,content/letters/berkshire_1977-巴菲特致股东信.md,18482,89aa1d11a5c90e5dbb6d264d30ea43ee50cec7d93b41e8e900f12958c65f3c3c,content/source-documents/berkshire-shareholder-letters/1977.html,https://berkshirehathaway.com/letters/1977.html,ef4c39cbca16040bb824764eca719cd934ec62380e1b9c61396e2f483d07d9e0,editorial/buffett/manuscript/巴菲特文献全集_官方底本工作稿.md
buffett,2,1978,berkshire-shareholder-letter,1978 年致伯克希尔股东信,content/letters/berkshire_1978-巴菲特致股东信.md,25384,f7f8303d9b10fd73b4b58b1ef0c69070937387400936d5b318ad27fc41665b87,content/source-documents/berkshire-shareholder-letters/1978.html,https://berkshirehathaway.com/letters/1978.html,71231697294a1a14b9283e23ffac6dfb63d7ef11c083dea2fb21019585606d01,editorial/buffett/manuscript/巴菲特文献全集_官方底本工作稿.md
buffett,3,1979,berkshire-shareholder-letter,1979 年致伯克希尔股东信,content/letters/berkshire_1979-巴菲特致股东信.md,36656,3d4e93c881f261446f52a51dfb787ff061e6a73234636e42a080a072d554512a,content/source-documents/berkshire-shareholder-letters/1979.html,https://berkshirehathaway.com/letters/1979.html,4f66a3daa2236cdedecced3e9f58c2968a5f08840a2dc860da4c4659a96a7c8f,editorial/buffett/manuscript/巴菲特文献全集_官方底本工作稿.md
buffett,4,1980,berkshire-shareholder-letter,1980 年致伯克希尔股东信,content/letters/berkshire_1980-巴菲特致股东信.md,42673,6be07829e7e52c127d1f5bd77de81d740774679230001f9b609aaf98b346a874,content/source-documents/berkshire-shareholder-letters/1980.html,https://berkshirehathaway.com/letters/1980.html,54ac7fa996187c7403daeca347a3067c093973b347ebf9da389865ec6c2a6d3f,editorial/buffett/manuscript/巴菲特文献全集_官方底本工作稿.md
buffett,5,1981,berkshire-shareholder-letter,1981 年致伯克希尔股东信,content/letters/berkshire_1981-巴菲特致股东信.md,37789,6ddd9c3dec2bfec3071bc4c8fd0fe9b33b4fe7d0febff29f4327c1d816787ccd,content/source-documents/berkshire-shareholder-letters/1981.html,https://berkshirehathaway.com/letters/1981.html,cb53d5175e16316cb66edef22f21720994d27a9749357137e67a021f8a569d7c,editorial/buffett/manuscript/巴菲特文献全集_官方底本工作稿.md
buffett,6,1982,berkshire-shareholder-letter,1982 年致伯克希尔股东信,content/letters/berkshire_1982-巴菲特致股东信.md,44580,15cd44d07a7332a38c6b903299ba9cd0b24cb779a4026f9cc9e3f0cca5923cda,content/source-documents/berkshire-shareholder-letters/1982.html,https://berkshirehathaway.com/letters/1982.html,239ef9651d75cf8124caf3c404d7c17e1c431fce3ab36aa962fc07bff07254c8,editorial/buffett/manuscript/巴菲特文献全集_官方底本工作稿.md
buffett,7,1983,berkshire-shareholder-letter,1983 年致伯克希尔股东信,content/letters/berkshire_1983-巴菲特致股东信.md,63469,70e3eb6a66d62870742761bd831b41e548b20119564db48290e4284e46fd8dd6,content/source-documents/berkshire-shareholder-letters/1983.html,https://berkshirehathaway.com/letters/1983.html,3d74da78af60d748df810860af64100a52c8031f572e9f9411e42ab5afbd69a9,editorial/buffett/manuscript/巴菲特文献全集_官方底本工作稿.md
buffett,8,1984,berkshire-shareholder-letter,1984 年致伯克希尔股东信,content/letters/berkshire_1984-巴菲特致股东信.md,68175,bcfc97cf3d359f8cd7acf93d7a8e7d2f650cfcf4fc993972855ab7e9095f9366,content/source-documents/berkshire-shareholder-letters/1984.html,https://berkshirehathaway.com/letters/1984.html,c1eea368a005ea4c26c5c32c47da48255ecf21bd15ec7d8af174e750d2e73ad8,editorial/buffett/manuscript/巴菲特文献全集_官方底本工作稿.md
buffett,9,1985,berkshire-shareholder-letter,1985 年致伯克希尔股东信,content/letters/berkshire_1985-巴菲特致股东信.md,74536,d4745abba5b7ad49cdf968ddab2b5545cee921c29b20b697d08775a9557a7efc,content/source-documents/berkshire-shareholder-letters/1985.html,https://berkshirehathaway.com/letters/1985.html,081058f9b1a630da524f7ade4fccbd8d1f1cc5f04a1f0d7b9c58b9cc49770705,editorial/buffett/manuscript/巴菲特文献全集_官方底本工作稿.md
buffett,10,1986,berkshire-shareholder-letter,1986 年致伯克希尔股东信,content/letters/berkshire_1986-巴菲特致股东信.md,74615,f709bfd622aacf9c7e1b310d82d978561dbada320793e1db36a0bf759f6c1791,content/source-documents/berkshire-shareholder-letters/1986.html,https://berkshirehathaway.com/letters/1986.html,7a1c77d00cd18b0ce312eae72c95bf45c8da7d0169451f4ed67924dbff2562e8,editorial/buffett/manuscript/巴菲特文献全集_官方底本工作稿.md
buffett,11,1987,berkshire-shareholder-letter,1987 年致伯克希尔股东信,content/letters/berkshire_1987-巴菲特致股东信.md,71184,08eafb0f98b556e99503057d0b3daad0928be168218e65a0bfc60d26671ce92f,content/source-documents/berkshire-shareholder-letters/1987.html,https://berkshirehathaway.com/letters/1987.html,88ea72481dcae5940e908f91646afb8f775cae542250d500fad2c3e28e5a58c0,editorial/buffett/manuscript/巴菲特文献全集_官方底本工作稿.md
buffett,12,1988,berkshire-shareholder-letter,1988 年致伯克希尔股东信,content/letters/berkshire_1988-巴菲特致股东信.md,65865,4c01a31eeb148993ba0a41aa53a154b0ea3cb85dd36b1f635ccd6d9e0b5aee1d,content/source-documents/berkshire-shareholder-letters/1988.html,https://berkshirehathaway.com/letters/1988.html,0effa5b4934e404eebc8e1a50143b21026074f3f38e4761364b4e38bcb9ad16d,editorial/buffett/manuscript/巴菲特文献全集_官方底本工作稿.md
buffett,13,1989,berkshire-shareholder-letter,1989 年致伯克希尔股东信,content/letters/berkshire_1989-巴菲特致股东信.md,81669,1832341510a4f2cb5e6e3a737a20f4b2183f3a6e6ad8d24eb06d5098a10b62bc,content/source-documents/berkshire-shareholder-letters/1989.html,https://berkshirehathaway.com/letters/1989.html,4dae70ca027a554a523a1de398cf7310e1cbdcc146c0cce74659931d57141afa,editorial/buffett/manuscript/巴菲特文献全集_官方底本工作稿.md
buffett,14,1990,berkshire-shareholder-letter,1990 年致伯克希尔股东信,content/letters/berkshire_1990-巴菲特致股东信.md,85905,501ea5bd10d4db0f11cad7d933beee4e612f02d3911a6bb3de1d8bac8caeca9d,content/source-documents/berkshire-shareholder-letters/1990.html,https://berkshirehathaway.com/letters/1990.html,277b2f56fd79847abf6b2bc75420dfdc8630fdc5367c4b8b1abbdba48e956126,editorial/buffett/manuscript/巴菲特文献全集_官方底本工作稿.md
buffett,15,1991,berkshire-shareholder-letter,1991 年致伯克希尔股东信,content/letters/berkshire_1991-巴菲特致股东信.md,52157,a0932ca318cd37dcb8f1fc55dbed0efa9595c1b38a51e758e52203fb9537b5d3,content/source-documents/berkshire-shareholder-letters/1991.html,https://berkshirehathaway.com/letters/1991.html,7ee3610bfdfb0c6dda9ffeab2f2c6590df70951452ad8c7ff435aaa4d5b55867,editorial/buffett/manuscript/巴菲特文献全集_官方底本工作稿.md
buffett,16,1992,berkshire-shareholder-letter,1992 年致伯克希尔股东信,content/letters/berkshire_1992-巴菲特致股东信.md,62064,bb90bed5452d7f121f495b07df0f6a9a76fda7bcb88ab672eeec980e2c333a33,content/source-documents/berkshire-shareholder-letters/1992.html,https://berkshirehathaway.com/letters/1992.html,281218259801b95b4fad83f3e92a3e7bfbc15389b8f308b4f5992730f19cdde8,editorial/buffett/manuscript/巴菲特文献全集_官方底本工作稿.md
buffett,17,1993,berkshire-shareholder-letter,1993 年致伯克希尔股东信,content/letters/berkshire_1993-巴菲特致股东信.md,61039,d49be52930f96a3e6dfae655ee3e80cb0516f1f14774fb8ec2884643ba9a170d,content/source-documents/berkshire-shareholder-letters/1993.html,https://berkshirehathaway.com/letters/1993.html,9490e7d60ebe644e1f9f717e07441dede038ebfa8c29b0f03c544407557fbf96,editorial/buffett/manuscript/巴菲特文献全集_官方底本工作稿.md
buffett,18,1994,berkshire-shareholder-letter,1994 年致伯克希尔股东信,content/letters/berkshire_1994-巴菲特致股东信.md,54472,d204a9889161af62f46af96fb7a95420e693e8f9e1eb0e65a9b79f1ed88be6e5,content/source-documents/berkshire-shareholder-letters/1994.html,https://berkshirehathaway.com/letters/1994.html,291a33c8e9c8e9ec636b2fa0b7ac8e81303c86551a1b3c2b3cb9f56296827f4c,editorial/buffett/manuscript/巴菲特文献全集_官方底本工作稿.md
buffett,19,1995,berkshire-shareholder-letter,1995 年致伯克希尔股东信,content/letters/berkshire_1995-巴菲特致股东信.md,68018,c72a8b72668a51544cd3d460e6c909db8af47f0f02402aed50a8a4ad14b505ba,content/source-documents/berkshire-shareholder-letters/1995.html,https://berkshirehathaway.com/letters/1995.html,b949efa183c1cc7120b8e8d8b095d4feed8ddb173b3c4fa1524b162dddd6ec4c,editorial/buffett/manuscript/巴菲特文献全集_官方底本工作稿.md
buffett,20,1996,berkshire-shareholder-letter,1996 年致伯克希尔股东信,content/letters/berkshire_1996-巴菲特致股东信.md,66721,1608b85371446b320cc42a04fd171127e112d8b7a8bf9287ef895520eb864338,content/source-documents/berkshire-shareholder-letters/1996.html,https://berkshirehathaway.com/letters/1996.html,8518b0b6a2c2586cb46fe2507cf2bbf22ce3b557e9989e0ffe93d43e05980ced,editorial/buffett/manuscript/巴菲特文献全集_官方底本工作稿.md
buffett,21,1997,berkshire-shareholder-letter,1997 年致伯克希尔股东信,content/letters/berkshire_1997-巴菲特致股东信.md,66123,5a5b4700b613442a01f53a187a3147eb12d72a7604ef8ade25364b66f786e339,content/source-documents/berkshire-shareholder-letters/1997.html,https://berkshirehathaway.com/letters/1997.html,c756c7a76a810335932c9edb7a8b603c8877d39668886634e164fe52e8a2bcd2,editorial/buffett/manuscript/巴菲特文献全集_官方底本工作稿.md
buffett,22,1998,berkshire-shareholder-letter,1998 年致伯克希尔股东信,content/letters/berkshire_1998-巴菲特致股东信.md,65073,a37c5cc9e627713c92c3537489dcb165fa234409402e6d781827119b65f6e992,content/source-documents/berkshire-shareholder-letters/1998pdf.pdf,https://berkshirehathaway.com/letters/1998pdf.pdf,1d798cda07b82e582643a0d9c0a5adf9a141f908426e666774fca9a592944941,editorial/buffett/manuscript/巴菲特文献全集_官方底本工作稿.md
buffett,23,1999,berkshire-shareholder-letter,1999 年致伯克希尔股东信,content/letters/berkshire_1999-巴菲特致股东信.md,69036,35583e8952bb72cb8caa95d04ce9ca27015b01a25c14f17d672ee75e263e5a0e,content/source-documents/berkshire-shareholder-letters/final1999pdf.pdf,https://berkshirehathaway.com/letters/final1999pdf.pdf,cf6b22508de51e7ba96e61f1eee51e45d3a5aaf27182cf491fd3e0ca94089d3b,editorial/buffett/manuscript/巴菲特文献全集_官方底本工作稿.md
buffett,24,2000,berkshire-shareholder-letter,2000 年致伯克希尔股东信,content/letters/berkshire_2000-巴菲特致股东信.md,75415,91638fdb4d3ee3c66bb286ed4dbb96c8b3ec898198f4a04aa59a522afbda8690,content/source-documents/berkshire-shareholder-letters/2000pdf.pdf,https://berkshirehathaway.com/letters/2000pdf.pdf,401a40b7011271dfc00c246a92aefd30887a6fdaf53ab0c8a1132b3d6c3078b9,editorial/buffett/manuscript/巴菲特文献全集_官方底本工作稿.md
buffett,25,2001,berkshire-shareholder-letter,2001 年致伯克希尔股东信,content/letters/berkshire_2001-巴菲特致股东信.md,70656,de1ae01ff7fbb57931f98d523a4c5f47f1f8bc8368d68d52afe85f054261198d,content/source-documents/berkshire-shareholder-letters/2001pdf.pdf,https://berkshirehathaway.com/letters/2001pdf.pdf,50a79a227522a66ef79286a50ff9fb4b39dec5d025431dbb4ecedf126ad0caa0,editorial/buffett/manuscript/巴菲特文献全集_官方底本工作稿.md
buffett,26,2002,berkshire-shareholder-letter,2002 年致伯克希尔股东信,content/letters/berkshire_2002-巴菲特致股东信.md,83128,ddc8fc233684714d354f63fbba6cc5e7eac213425dd20f7b1aa98d28a89b1db5,content/source-documents/berkshire-shareholder-letters/2002pdf.pdf,https://berkshirehathaway.com/letters/2002pdf.pdf,50492594fa06be7ad895fce63e57f7aca14aab24ea0d70dc6ae2161c26953c90,editorial/buffett/manuscript/巴菲特文献全集_官方底本工作稿.md
buffett,27,2003,berkshire-shareholder-letter,2003 年致伯克希尔股东信,content/letters/berkshire_2003-巴菲特致股东信.md,79825,7acf0d4cc852020439f7748efc0936a26c649a2bb4a93b55102615384a97736c,content/source-documents/berkshire-shareholder-letters/2003ltr.pdf,https://berkshirehathaway.com/letters/2003ltr.pdf,207377b7b267bbf327cbc49da20dd749b564328b31e0224d70982b7885b5475e,editorial/buffett/manuscript/巴菲特文献全集_官方底本工作稿.md
buffett,28,2004,berkshire-shareholder-letter,2004 年致伯克希尔股东信,content/letters/berkshire_2004-巴菲特致股东信.md,83577,275361b8ee169247b15d1cf7bb3bf9004014ed8f41a645b2c71da12110ff73ce,content/source-documents/berkshire-shareholder-letters/2004ltr.pdf,https://berkshirehathaway.com/letters/2004ltr.pdf,d26d34d2e6b6f19e07844553069c4a113874749ae6317d5f4a33f0b11fb32768,editorial/buffett/manuscript/巴菲特文献全集_官方底本工作稿.md
buffett,29,2005,berkshire-shareholder-letter,2005 年致伯克希尔股东信,content/letters/berkshire_2005-巴菲特致股东信.md,73317,e6b1851b474d269a16f369721695138aafd20f45845ac1a89e359377d709b292,content/source-documents/berkshire-shareholder-letters/2005ltr.pdf,https://berkshirehathaway.com/letters/2005ltr.pdf,e0c91795c8709ed2376ba67e5de5dbc2857d1bc15e3ed742bf6ac95f5850cc2b,editorial/buffett/manuscript/巴菲特文献全集_官方底本工作稿.md
buffett,30,2006,berkshire-shareholder-letter,2006 年致伯克希尔股东信,content/letters/berkshire_2006-巴菲特致股东信.md,58665,ba8c5a8523f1826b03661e1bc74954de93ce1063d27376f191832c5685fd8b44,content/source-documents/berkshire-shareholder-letters/2006ltr.pdf,https://berkshirehathaway.com/letters/2006ltr.pdf,f12c2abd96a052747157fcabd26f7ef5ab4df1c2747b1af8c42abd803e57a7b6,editorial/buffett/manuscript/巴菲特文献全集_官方底本工作稿.md
buffett,31,2007,berkshire-shareholder-letter,2007 年致伯克希尔股东信,content/letters/berkshire_2007-巴菲特致股东信.md,71865,187ac60912b36e23ff1be735ca8de65d26c332e2a315946ba980f6e89ad802c8,content/source-documents/berkshire-shareholder-letters/2007ltr.pdf,https://berkshirehathaway.com/letters/2007ltr.pdf,8288aa8a17b677ca1215c31ef0afb887d3f95dbb0e2241f77b54b51f0c3f7cfa,editorial/buffett/manuscript/巴菲特文献全集_官方底本工作稿.md
buffett,32,2008,berkshire-shareholder-letter,2008 年致伯克希尔股东信,content/letters/berkshire_2008-巴菲特致股东信.md,76909,6f86a931ffe56c532f0d7dd971fc6dd4a4ed4232d2198de91331818b33ee104d,content/source-documents/berkshire-shareholder-letters/2008ltr.pdf,https://berkshirehathaway.com/letters/2008ltr.pdf,46920242cbb861fd844453d5e20edd8b0ecea977d85111cf2a7cfb249913c6cf,editorial/buffett/manuscript/巴菲特文献全集_官方底本工作稿.md
buffett,33,2009,berkshire-shareholder-letter,2009 年致伯克希尔股东信,content/letters/berkshire_2009-巴菲特致股东信.md,65634,3d073008a9bfdf2d59792f6e7d08a3648b2aedeba37a181eb2d821a664e2e010,content/source-documents/berkshire-shareholder-letters/2009ltr.pdf,https://berkshirehathaway.com/letters/2009ltr.pdf,f53e845e58cf4cc34c78538c662a0aebcbd5689fda3f16eaa605a73fee3d31df,editorial/buffett/manuscript/巴菲特文献全集_官方底本工作稿.md
buffett,34,2010,berkshire-shareholder-letter,2010 年致伯克希尔股东信,content/letters/berkshire_2010-巴菲特致股东信.md,88345,c42f29922cfec58aca80d202e25d1f0f67c0d17e687cfac5c9ef5ca2fbca9048,content/source-documents/berkshire-shareholder-letters/2010ltr.pdf,https://berkshirehathaway.com/letters/2010ltr.pdf,50425cd27fd39fa50a94256d9ff69e8c50b8d6d1b8935e5db9df0fd2bbdf76ad,editorial/buffett/manuscript/巴菲特文献全集_官方底本工作稿.md
buffett,35,2011,berkshire-shareholder-letter,2011 年致伯克希尔股东信,content/letters/berkshire_2011-巴菲特致股东信.md,80419,d352d7e2eb9406e0246b3c8e9b656e872dcde88f1890b20857face39ee074bba,content/source-documents/berkshire-shareholder-letters/2011ltr.pdf,https://berkshirehathaway.com/letters/2011ltr.pdf,6f5125e45c30007cd3188092cd59d339c7d8266b2f6c8e87387ad397ac1c0083,editorial/buffett/manuscript/巴菲特文献全集_官方底本工作稿.md
buffett,36,2012,berkshire-shareholder-letter,2012 年致伯克希尔股东信,content/letters/berkshire_2012-巴菲特致股东信.md,79132,272c19b3bddbd2f6bab7efd2406e3caa67c3e8d27319b65df976e6bf76b4ad27,content/source-documents/berkshire-shareholder-letters/2012ltr.pdf,https://berkshirehathaway.com/letters/2012ltr.pdf,a14b3a546e903974dc654e10213316f75bfa0a8b6e038dc673e8602bce225573,editorial/buffett/manuscript/巴菲特文献全集_官方底本工作稿.md
buffett,37,2013,berkshire-shareholder-letter,2013 年致伯克希尔股东信,content/letters/berkshire_2013-巴菲特致股东信.md,76020,0763f845fa6564d96bbae9178bd65a48d761814967bff17df2e7c8435dc3d3f4,content/source-documents/berkshire-shareholder-letters/2013ltr.pdf,https://berkshirehathaway.com/letters/2013ltr.pdf,ad24565997a09a1f7ef752da875161a24e025329510f3489afd912ff1e2673f5,editorial/buffett/manuscript/巴菲特文献全集_官方底本工作稿.md
buffett,38,2014,berkshire-shareholder-letter,2014 年致伯克希尔股东信,content/letters/berkshire_2014-巴菲特致股东信.md,69507,f8535d7ac0714dc92d48c2c42820c202f87eaeea72ff848c2d35350d93fa003b,content/source-documents/berkshire-shareholder-letters/2014ltr.pdf,https://berkshirehathaway.com/letters/2014ltr.pdf,dd00248b32ad1f67234bb4dba66755bf45a623bd94e40465a2a88707b73cd426,editorial/buffett/manuscript/巴菲特文献全集_官方底本工作稿.md
buffett,39,2015,berkshire-shareholder-letter,2015 年致伯克希尔股东信,content/letters/berkshire_2015-巴菲特致股东信.md,95382,166df3b12fd2ecfed902e1cb412254bf2145bbef27037eaa652fcbddbb77f8a6,content/source-documents/berkshire-shareholder-letters/2015ltr.pdf,https://berkshirehathaway.com/letters/2015ltr.pdf,139d8db9c20f0f86316e4b815fdc86687985c7adcdbdd70605a188bcc804cde7,editorial/buffett/manuscript/巴菲特文献全集_官方底本工作稿.md
buffett,40,2016,berkshire-shareholder-letter,2016 年致伯克希尔股东信,content/letters/berkshire_2016-巴菲特致股东信.md,92414,80336500d1c88c5d27b31bfeb1377a51d48b718059623ff76cf8457b9492de9f,content/source-documents/berkshire-shareholder-letters/2016ltr.pdf,https://berkshirehathaway.com/letters/2016ltr.pdf,b8096f989e52bab3f18ad6ea7902891ddc038868df5437b89653719c79348d18,editorial/buffett/manuscript/巴菲特文献全集_官方底本工作稿.md
buffett,41,2017,berkshire-shareholder-letter,2017 年致伯克希尔股东信,content/letters/berkshire_2017-巴菲特致股东信.md,53196,c33fc310f85f3ae3f2acb84b4c5134908c1fb7e8df4a0432263b84dc3e936d25,content/source-documents/berkshire-shareholder-letters/2017ltr.pdf,https://berkshirehathaway.com/letters/2017ltr.pdf,0b170cb5984255970c617cae0f7c575ea03c280ae00eeb77193d03e6195c6650,editorial/buffett/manuscript/巴菲特文献全集_官方底本工作稿.md
buffett,42,2018,berkshire-shareholder-letter,2018 年致伯克希尔股东信,content/letters/berkshire_2018-巴菲特致股东信.md,42590,c082232697a0a4ca7dc0603a81aeba30ca0d97c79918bfdd6639229f2d748732,content/source-documents/berkshire-shareholder-letters/2018ltr.pdf,https://berkshirehathaway.com/letters/2018ltr.pdf,0e6531e162fcbc5ecb9c771dd468be1f0e06ff895ed38a26765e1338dbc4b3bd,editorial/buffett/manuscript/巴菲特文献全集_官方底本工作稿.md
buffett,43,2019,berkshire-shareholder-letter,2019 年致伯克希尔股东信,content/letters/berkshire_2019-巴菲特致股东信.md,43099,e57057420542ce2a009d61e43c9dd770efd437aba99c70fc6c1fd6baaa768796,content/source-documents/berkshire-shareholder-letters/2019ltr.pdf,https://berkshirehathaway.com/letters/2019ltr.pdf,d6df1c022f6bac02f430887ce59cfd0cf8945f69afe60f9c2e84d03dd4e67173,editorial/buffett/manuscript/巴菲特文献全集_官方底本工作稿.md
buffett,44,2020,berkshire-shareholder-letter,2020 年致伯克希尔股东信,content/letters/berkshire_2020-巴菲特致股东信.md,42972,0804eedcec9f227388b1c4ed9c36d8ab15dbe823c4c476472886b8764e846677,content/source-documents/berkshire-shareholder-letters/2020ltr.pdf,https://berkshirehathaway.com/letters/2020ltr.pdf,e556a52b8d4dc490d04c5f34bab98708d414cf1f632d9f68671d5a5c645afca5,editorial/buffett/manuscript/巴菲特文献全集_官方底本工作稿.md
buffett,45,2021,berkshire-shareholder-letter,2021 年致伯克希尔股东信,content/letters/berkshire_2021-巴菲特致股东信.md,29589,5c3a214f9e96ba9a0d46515eef5c6f91a52ed53eeed1c61840b80f6c25de5641,content/source-documents/berkshire-shareholder-letters/2021ltr.pdf,https://berkshirehathaway.com/letters/2021ltr.pdf,fd5687aec746816b08113e9ccf8c4826eaa258906e66f7b4abe90c8b4f8b30ba,editorial/buffett/manuscript/巴菲特文献全集_官方底本工作稿.md
buffett,46,2022,berkshire-shareholder-letter,2022 年致伯克希尔股东信,content/letters/berkshire_2022-巴菲特致股东信.md,22077,5b00f7418545b52185a03611153f9a63c90c7a405cbc2da9ccc8356174889e89,content/source-documents/berkshire-shareholder-letters/2022ltr.pdf,https://berkshirehathaway.com/letters/2022ltr.pdf,a99f263003295b177e8c50ec34f2307093857a357276527e98d5a6205e21a908,editorial/buffett/manuscript/巴菲特文献全集_官方底本工作稿.md
buffett,47,2023,berkshire-shareholder-letter,2023 年致伯克希尔股东信,content/letters/berkshire_2023-巴菲特致股东信.md,35999,64eccbcf4a6392ceb7b1d5057b7f2e7ead92a53240b185cec77cd9f486dfdf53,content/source-documents/berkshire-shareholder-letters/2023ltr.pdf,https://berkshirehathaway.com/letters/2023ltr.pdf,829169be21f4ce05202720fe5645cc1b9a5b1ae20bf5e6ebaff987349766eafd,editorial/buffett/manuscript/巴菲特文献全集_官方底本工作稿.md
buffett,48,2024,berkshire-shareholder-letter,2024 年致伯克希尔股东信,content/letters/berkshire_2024-巴菲特致股东信.md,32900,ef5ada8535e77824db0cc6d6b38ba2f4f3fe7898270e7f313ae7a084eb0c359b,content/source-documents/berkshire-shareholder-letters/2024ltr.pdf,https://berkshirehathaway.com/letters/2024ltr.pdf,ff21ab9407dec219757587b6ce6a1bf30e59cfff15bb21e81d1faaec7f97a8a7,editorial/buffett/manuscript/巴菲特文献全集_官方底本工作稿.md
buffett,49,2025,thanksgiving-shareholder-message,2025 年感恩节致股东信,content/letters/berkshire_2025-巴菲特致股东信.md,21516,959a6dfd77bcaa6ab5858a3ab53df0140242715912af8ddf2dd6476818da26d5,content/source-documents/berkshire-shareholder-letters/2025-thanksgiving-message.pdf,https://berkshirehathaway.com/news/nov1025.pdf,be499afab992b9f77353b341efdcc2a01ce09ee702ad88dd24afb91a7f3b9316,editorial/buffett/manuscript/巴菲特文献全集_官方底本工作稿.md
munger,1,1997,wesco-shareholder-letter,Wesco Financial Corporation Letter to Shareholders 1997,content/munger-originals/wesco-letter-1997.md,28569,db895aa61305636b524843e4cbf4689d9cee7f40f3160879e4167f1c77195d83,content/source-pdfs/wesco/wesco-1997.pdf,https://www.berkshirehathaway.com/wesco/cm1997.pdf,a07711a22308c1f463c7058d12a28c6073e70ba5d0bf880403d04e0af06e592d,editorial/munger/manuscript/芒格文献全集_官方底本工作稿.md
munger,2,1998,wesco-shareholder-letter,Wesco Financial Corporation Letter to Shareholders 1998,content/munger-originals/wesco-letter-1998.md,26494,fd0ec7d37bc1c9c06f75d6febde89259718a52af4d2dad0f64101bf7250e487f,content/source-pdfs/wesco/wesco-1998.pdf,https://www.berkshirehathaway.com/wesco/cm1998.pdf,02e2f3d873ba55118aa12a0dc57fc6a11e1500c099a52cf31d4a670fa2f2f7bb,editorial/munger/manuscript/芒格文献全集_官方底本工作稿.md
munger,3,1999,wesco-shareholder-letter,Wesco Financial Corporation Letter to Shareholders 1999,content/munger-originals/wesco-letter-1999.md,23503,1029146492eeab8917e678b7f75a8ea8488c18d206d8319a565e065aa7e72c21,content/source-pdfs/wesco/wesco-1999.pdf,https://www.berkshirehathaway.com/wesco/cm1999.pdf,c41110f71d51c04e6be83914da5d07f9d0b6ab9e2dc671a9ad364a7cb980774c,editorial/munger/manuscript/芒格文献全集_官方底本工作稿.md
munger,4,2000,wesco-shareholder-letter,Wesco Financial Corporation Letter to Shareholders 2000,content/munger-originals/wesco-letter-2000.md,19107,eaba2ba72f144ec89b93d6923d55ae135884fd8198c9e41ce689b5d23573c03c,content/source-pdfs/wesco/wesco-2000.pdf,https://www.berkshirehathaway.com/wesco/cm2000.pdf,d3f6a5d294d355364826d4cdfbfc0633d234826d4ffd1baa2c5a4985fe6695b4,editorial/munger/manuscript/芒格文献全集_官方底本工作稿.md
munger,5,2001,wesco-shareholder-letter,Wesco Financial Corporation Letter to Shareholders 2001,content/munger-originals/wesco-letter-2001.md,21572,ad2dc7ee8327cdefe1aefabe6f9a58e079cc90a77b3e77c2593ed668d06bc0fa,content/source-pdfs/wesco/wesco-2001.pdf,https://www.berkshirehathaway.com/wesco/cm2001.pdf,047193b31c6c18df5ffadbadff3e009844965d05d17049f1f5f1f6116333a7fb,editorial/munger/manuscript/芒格文献全集_官方底本工作稿.md
munger,6,2002,wesco-shareholder-letter,Wesco Financial Corporation Letter to Shareholders 2002,content/munger-originals/wesco-letter-2002.md,24819,37776a81bb4c044f3a191113bada97fa5fb6a5ff8dd713447a7f92151200bb2f,content/source-pdfs/wesco/wesco-2002.pdf,https://www.berkshirehathaway.com/wesco/cm2002.pdf,d8a26d205a5b73735754f1cd1312ebfc3844395765b12a51b29c503c5c5c1315,editorial/munger/manuscript/芒格文献全集_官方底本工作稿.md
munger,7,2003,wesco-shareholder-letter,Wesco Financial Corporation Letter to Shareholders 2003,content/munger-originals/wesco-letter-2003.md,24625,84babc8863f88b54f29818e1b594a16fa5e87bf8f2d81bfb19210b445be1bc09,content/source-pdfs/wesco/wesco-2003.pdf,https://www.berkshirehathaway.com/wesco/cm2003.pdf,a14723dff7c5bed9b6d8fdc3950e456ddd6e73ebf14720eb58139fcf0b56ccdb,editorial/munger/manuscript/芒格文献全集_官方底本工作稿.md
munger,8,2004,wesco-shareholder-letter,Wesco Financial Corporation Letter to Shareholders 2004,content/munger-originals/wesco-letter-2004.md,27611,e347020847417c80d8823cb22ae480c478bb706860e5a63ff0516b000b294a07,content/source-pdfs/wesco/wesco-2004.pdf,https://www.berkshirehathaway.com/wesco/cm2004.pdf,caf45a3e82e1c17ad8384a79311c67c04f5147668199a5173f85769997c2815d,editorial/munger/manuscript/芒格文献全集_官方底本工作稿.md
munger,9,2005,wesco-shareholder-letter,Wesco Financial Corporation Letter to Shareholders 2005,content/munger-originals/wesco-letter-2005.md,27998,2aa023893d1b1b0fcb723476a9dfce5fd1e774e4d9ff8d29608e1d3def43c14b,content/source-pdfs/wesco/wesco-2005.pdf,https://www.berkshirehathaway.com/wesco/cm2005.pdf,bce657bde27ec76cdb94367fbd44c9b1fe27599cbdb8aba35a658422e5106e74,editorial/munger/manuscript/芒格文献全集_官方底本工作稿.md
munger,10,2006,wesco-shareholder-letter,Wesco Financial Corporation Letter to Shareholders 2006,content/munger-originals/wesco-letter-2006.md,26365,256c230bd72545ee01842cbf8374cd81136f64453c898e33ff8b970750866ecd,content/source-pdfs/wesco/wesco-2006.pdf,https://www.berkshirehathaway.com/wesco/cm2006.pdf,05f538fa2af8815f28ab861351dfb2c7d9c566a2dc9aca3a7b7f49ab7e0df96e,editorial/munger/manuscript/芒格文献全集_官方底本工作稿.md
munger,11,2007,wesco-shareholder-letter,Wesco Financial Corporation Letter to Shareholders 2007,content/munger-originals/wesco-letter-2007.md,24157,ad583791acab4707bc5120c49c904e1cfac8b64f08b84b8f3088e7239131ea9a,content/source-pdfs/wesco/wesco-2007.pdf,https://www.berkshirehathaway.com/wesco/cm2007.pdf,3665126089ea1f6de9f95bd705f2850d2c9bb1c1e158d6cfebdbdf0bfc6cd17f,editorial/munger/manuscript/芒格文献全集_官方底本工作稿.md
munger,12,2008,wesco-shareholder-letter,Wesco Financial Corporation Letter to Shareholders 2008,content/munger-originals/wesco-letter-2008.md,26923,9982b198dba4d819fd6f730c28701427fad798c71fb827d606c71d1863d0e7ce,content/source-pdfs/wesco/wesco-2008.pdf,https://www.berkshirehathaway.com/wesco/cm2008.pdf,992bb5390e82c575141d7e308db933be5fcb4daa83f296f2a476ab7638e5b24c,editorial/munger/manuscript/芒格文献全集_官方底本工作稿.md
munger,13,2009,wesco-shareholder-letter,Wesco Financial Corporation Letter to Shareholders 2009,content/munger-originals/wesco-letter-2009.md,25022,691f02b7110d8e44d8e2080a6b4eb986cfb85eeaa4e12720750dd7693576cdb7,content/source-pdfs/wesco/wesco-2009.pdf,https://www.berkshirehathaway.com/wesco/cm2009.pdf,2bf3895cda5601ab1e9b1b4a66b76cd7dee68e543a31a29c3bb86e12c4fbde03,editorial/munger/manuscript/芒格文献全集_官方底本工作稿.md
