relative,status,startPage,endPage,sourceLabel,duplicateOf,note,sourcePath,sourceUrl
content/partnership/partnership_1956-有限合伙协议.md,not-found-in-ivey-compilation,,,,,法律协议，不是 Ivey 合编本中的一封书信；需另找带签署页的完整协议扫描件。,,
content/partnership/partnership_1957-巴菲特致合伙人信.md,page-mapped,1,3,1957 Letter,,,content/source-documents/buffett-partnership-letters/ivey-buffett-partnership-letters.pdf,https://www.ivey.uwo.ca/media/2975913/buffett-partnership-letters.pdf
content/partnership/partnership_1958-巴菲特致合伙人信.md,page-mapped,4,6,1958 Letter,,中文文件含一条校对注，正式成书时必须与本人正文隔离。,content/source-documents/buffett-partnership-letters/ivey-buffett-partnership-letters.pdf,https://www.ivey.uwo.ca/media/2975913/buffett-partnership-letters.pdf
content/partnership/partnership_1959-巴菲特致合伙人信.md,page-mapped,7,8,1959 Letter,,,content/source-documents/buffett-partnership-letters/ivey-buffett-partnership-letters.pdf,https://www.ivey.uwo.ca/media/2975913/buffett-partnership-letters.pdf
content/partnership/partnership_1960-巴菲特致合伙人信.md,page-mapped,9,13,1960 Letter / annual,,,content/source-documents/buffett-partnership-letters/ivey-buffett-partnership-letters.pdf,https://www.ivey.uwo.ca/media/2975913/buffett-partnership-letters.pdf
content/partnership/partnership_1961-annual-巴菲特致合伙人信.md,page-mapped,17,25,"January 24, 1962 / 1961 annual",,,content/source-documents/buffett-partnership-letters/ivey-buffett-partnership-letters.pdf,https://www.ivey.uwo.ca/media/2975913/buffett-partnership-letters.pdf
content/partnership/partnership_1961-interim-巴菲特致合伙人信.md,page-mapped,14,16,July 1961 interim letter,,,content/source-documents/buffett-partnership-letters/ivey-buffett-partnership-letters.pdf,https://www.ivey.uwo.ca/media/2975913/buffett-partnership-letters.pdf
content/partnership/partnership_1962-11月-巴菲特致合伙人信.md,page-mapped,30,31,"November 1, 1962",,,content/source-documents/buffett-partnership-letters/ivey-buffett-partnership-letters.pdf,https://www.ivey.uwo.ca/media/2975913/buffett-partnership-letters.pdf
content/partnership/partnership_1962-12月-巴菲特致合伙人信.md,not-found-in-ivey-compilation,,,,,1962 年 12 月 24 日税务信未出现在 Ivey 合编本。,,
content/partnership/partnership_1962-annual-巴菲特致合伙人信.md,page-mapped,32,41,"January 18, 1963 / 1962 annual",,,content/source-documents/buffett-partnership-letters/ivey-buffett-partnership-letters.pdf,https://www.ivey.uwo.ca/media/2975913/buffett-partnership-letters.pdf
content/partnership/partnership_1962-interim-巴菲特致合伙人信.md,page-mapped,26,29,"July 6, 1962 interim letter",,,content/source-documents/buffett-partnership-letters/ivey-buffett-partnership-letters.pdf,https://www.ivey.uwo.ca/media/2975913/buffett-partnership-letters.pdf
content/partnership/partnership_1963-11月-巴菲特致合伙人信.md,page-mapped,49,50,"November 6, 1963",,,content/source-documents/buffett-partnership-letters/ivey-buffett-partnership-letters.pdf,https://www.ivey.uwo.ca/media/2975913/buffett-partnership-letters.pdf
content/partnership/partnership_1963-12月-巴菲特致合伙人信.md,not-found-in-ivey-compilation,,,,,1963 年 12 月 26 日税务信未出现在 Ivey 合编本。,,
content/partnership/partnership_1963-annual-巴菲特致合伙人信.md,page-mapped,51,62,"January 18, 1964 / 1963 annual",,,content/source-documents/buffett-partnership-letters/ivey-buffett-partnership-letters.pdf,https://www.ivey.uwo.ca/media/2975913/buffett-partnership-letters.pdf
content/partnership/partnership_1963-interim-巴菲特致合伙人信.md,page-mapped,42,48,"July 10, 1963 interim letter",,,content/source-documents/buffett-partnership-letters/ivey-buffett-partnership-letters.pdf,https://www.ivey.uwo.ca/media/2975913/buffett-partnership-letters.pdf
content/partnership/partnership_1964-annual-巴菲特致合伙人信.md,page-mapped,67,78,"January 18, 1965 / 1964 annual",,,content/source-documents/buffett-partnership-letters/ivey-buffett-partnership-letters.pdf,https://www.ivey.uwo.ca/media/2975913/buffett-partnership-letters.pdf
content/partnership/partnership_1964-interim-巴菲特致合伙人信.md,page-mapped,63,66,"July 8, 1964 interim letter",,,content/source-documents/buffett-partnership-letters/ivey-buffett-partnership-letters.pdf,https://www.ivey.uwo.ca/media/2975913/buffett-partnership-letters.pdf
content/partnership/partnership_1965-11月-巴菲特致合伙人信.md,page-mapped,83,84,"November 1, 1965",,中文文件在原信签名及附言之后追加了 1963 年‘基本原则’和美国运通解释；这些不是本信正文，正式成书必须剥离。,content/source-documents/buffett-partnership-letters/ivey-buffett-partnership-letters.pdf,https://www.ivey.uwo.ca/media/2975913/buffett-partnership-letters.pdf
content/partnership/partnership_1965-annual-巴菲特致合伙人信.md,page-mapped,85,94,"January 20, 1966 / 1965 annual",,中文文件含译者扩充说明脚注，需与英文逐句核对并与本人正文隔离。,content/source-documents/buffett-partnership-letters/ivey-buffett-partnership-letters.pdf,https://www.ivey.uwo.ca/media/2975913/buffett-partnership-letters.pdf
content/partnership/partnership_1965-interim-巴菲特致合伙人信.md,page-mapped,79,82,"July 9, 1965 interim letter",,,content/source-documents/buffett-partnership-letters/ivey-buffett-partnership-letters.pdf,https://www.ivey.uwo.ca/media/2975913/buffett-partnership-letters.pdf
content/partnership/partnership_1966-11月-巴菲特致合伙人信.md,not-found-in-ivey-compilation,,,,,1966 年 11 月承诺书信未出现在 Ivey 合编本。,,
content/partnership/partnership_1966-annual-巴菲特致合伙人信.md,page-mapped,100,107,"January 25, 1967 / 1966 annual",,,content/source-documents/buffett-partnership-letters/ivey-buffett-partnership-letters.pdf,https://www.ivey.uwo.ca/media/2975913/buffett-partnership-letters.pdf
content/partnership/partnership_1966-interim-巴菲特致合伙人信.md,page-mapped,95,99,"July 12, 1966 interim letter",,,content/source-documents/buffett-partnership-letters/ivey-buffett-partnership-letters.pdf,https://www.ivey.uwo.ca/media/2975913/buffett-partnership-letters.pdf
content/partnership/partnership_1967-10月-巴菲特致合伙人信.md,page-mapped,111,114,"October 9, 1967",,,content/source-documents/buffett-partnership-letters/ivey-buffett-partnership-letters.pdf,https://www.ivey.uwo.ca/media/2975913/buffett-partnership-letters.pdf
content/partnership/partnership_1967-11月-巴菲特致合伙人信.md,not-found-in-ivey-compilation,,,,,1967 年 11 月承诺书信未出现在 Ivey 合编本。,,
content/partnership/partnership_1967-annual-巴菲特致合伙人信.md,page-mapped,115,119,"January 24, 1968 / 1967 annual",,,content/source-documents/buffett-partnership-letters/ivey-buffett-partnership-letters.pdf,https://www.ivey.uwo.ca/media/2975913/buffett-partnership-letters.pdf
content/partnership/partnership_1967-interim-巴菲特致合伙人信.md,page-mapped,108,110,"July 12, 1967 interim letter",,,content/source-documents/buffett-partnership-letters/ivey-buffett-partnership-letters.pdf,https://www.ivey.uwo.ca/media/2975913/buffett-partnership-letters.pdf
content/partnership/partnership_1968-11月-巴菲特致合伙人信.md,not-found-in-ivey-compilation,,,,,1968 年 11 月承诺书信未出现在 Ivey 合编本。,,
content/partnership/partnership_1968-annual-巴菲特致合伙人信.md,page-mapped,123,128,"January 22, 1969 / 1968 annual",,,content/source-documents/buffett-partnership-letters/ivey-buffett-partnership-letters.pdf,https://www.ivey.uwo.ca/media/2975913/buffett-partnership-letters.pdf
content/partnership/partnership_1968-interim-巴菲特致合伙人信.md,page-mapped,120,122,"July 11, 1968 interim letter",,,content/source-documents/buffett-partnership-letters/ivey-buffett-partnership-letters.pdf,https://www.ivey.uwo.ca/media/2975913/buffett-partnership-letters.pdf
content/partnership/partnership_1969-10月-巴菲特致合伙人信.md,page-mapped,132,136,"October 9, 1969",,,content/source-documents/buffett-partnership-letters/ivey-buffett-partnership-letters.pdf,https://www.ivey.uwo.ca/media/2975913/buffett-partnership-letters.pdf
content/partnership/partnership_1969-12月-巴菲特致合伙人信.md,page-mapped,137,140,"December 5, 1969",,,content/source-documents/buffett-partnership-letters/ivey-buffett-partnership-letters.pdf,https://www.ivey.uwo.ca/media/2975913/buffett-partnership-letters.pdf
content/partnership/partnership_1969-12月26日-巴菲特致合伙人信.md,page-mapped,141,144,"December 26, 1969",,,content/source-documents/buffett-partnership-letters/ivey-buffett-partnership-letters.pdf,https://www.ivey.uwo.ca/media/2975913/buffett-partnership-letters.pdf
content/partnership/partnership_1969-5月-巴菲特致合伙人信.md,page-mapped,129,131,"May 29, 1969",,,content/source-documents/buffett-partnership-letters/ivey-buffett-partnership-letters.pdf,https://www.ivey.uwo.ca/media/2975913/buffett-partnership-letters.pdf
content/partnership/partnership_1969-annual-巴菲特致合伙人信.md,duplicate-markdown-version,,,,content/partnership/partnership_1969-5月-巴菲特致合伙人信.md,正文对应同一封 1969 年 5 月 29 日信，不应作为第二封年度信重复收入。,,
content/partnership/partnership_1969-liquidation-巴菲特致合伙人信.md,duplicate-markdown-version,,,,content/partnership/partnership_1969-12月26日-巴菲特致合伙人信.md,正文对应同一封 1969 年 12 月 26 日清算信，不应重复收入。,,
content/partnership/partnership_1970-bond-巴菲特致合伙人信.md,page-mapped,145,152,"February 25, 1970 tax-exempt bond letter",,,content/source-documents/buffett-partnership-letters/ivey-buffett-partnership-letters.pdf,https://www.ivey.uwo.ca/media/2975913/buffett-partnership-letters.pdf
