relative,title,topDirectory,area,person,mentionedBuffett,mentionedMunger,kind,year,language,completeness,warnings,evidenceStatus,decision,reason,workKey,chars,bytes,lines,modified,speakerBuffett,speakerMunger,sourceUrl,exactHash,canonicalHash
content/articles/buffett/巴菲特_你应该了解珠宝生意.md,巴菲特: 你应该了解珠宝生意,content/articles,source-corpus,buffett,true,false,article-candidate,,zh,unknown,,uncertain-article,requires-source-review,是否属于本人原始文献尚不能仅凭路径和标题确定。,,1807,5085,32,2026-07-23T00:47:19.513Z,0,0,,c1d454a256501bed609547827b706fbe45ab28887479ae8f7dd4084b0229635f,4fb87860522a000395608066132f677d20b77e1c1810f262610b441b395f36a8
content/articles/buffett/巴菲特：500_亿美元的决定.md,巴菲特：500 亿美元的决定,content/articles,source-corpus,buffett,true,false,article-candidate,1951,zh,unknown,,uncertain-article,requires-source-review,是否属于本人原始文献尚不能仅凭路径和标题确定。,,2125,6088,24,2026-07-23T00:47:19.354Z,0,0,,076fe800cde58674ec5547349d1dcd0e17291bb16c903c65a7956c4c68d95b61,7150efdffd3c7eea99cd91380311225dfd837bab2d719e03f121f487c3e8a4eb
content/articles/buffett/巴菲特：保险业的_FDIC_2001.md,巴菲特：保险业的 FDIC 2001,content/articles,source-corpus,buffett,true,false,article-candidate,2001,zh,unknown,,uncertain-article,requires-source-review,是否属于本人原始文献尚不能仅凭路径和标题确定。,,1743,5011,24,2026-07-23T00:47:19.475Z,0,0,,d8a1ede1f6282126b85b9ad5f1eed57fa6ff9dac74e98d921adae23abe1d3a9a,341e0c2634f73c00f7688330eccf7343a81038f9f4b6105bf50dd3ce826abfbd
content/articles/buffett/巴菲特：给保尔森的信_2008.md,巴菲特：给保尔森的信 2008,content/articles,source-corpus,buffett,true,false,article-candidate,2008,zh,unknown,,primary-authored-candidate,candidate-primary-review,可能是本人署名文章、信件或备忘录，需逐篇核验署名和来源。,,2526,6670,44,2026-07-23T00:47:19.473Z,0,0,,223822934f8be2ed7244316a26eddbf4bb976a08bc8a42ff508600a564c2a0b8,0887981b0ce155197f1611b4a53b9fca9233783d8a5ce604d21b0a672d7fe9e3
content/articles/buffett/巴菲特：给全体经理人备忘录_2001.md,巴菲特：给全体经理人备忘录 2001,content/articles,source-corpus,buffett,true,false,article-candidate,2001,zh,metadata-or-fragment,,primary-authored-candidate,candidate-primary-review,可能是本人署名文章、信件或备忘录，需逐篇核验署名和来源。,,771,2179,20,2026-07-23T00:47:19.493Z,0,0,,38e8d90218501035d75558ea1483a10bd2404f8289728bce97380fddf09cc262,5d86a93272b61dadc212b3931db76bef12e0803eec6c4f88f0e949909001b815
content/articles/buffett/巴菲特：给全体经理人备忘录_2006.md,巴菲特：给全体经理人备忘录 2006,content/articles,source-corpus,buffett,true,false,article-candidate,2006,zh,metadata-or-fragment,,primary-authored-candidate,candidate-primary-review,可能是本人署名文章、信件或备忘录，需逐篇核验署名和来源。,,831,2310,20,2026-07-23T00:47:19.494Z,0,0,,567a7b6262e8a4d2e86ebee73c45a623aa4d072d9b50dc07e0c95bcab15bf6a6,a146202c8873171532c3b6eee69e9ea2f963566d92bc2685472ffb91c6aa529a
content/articles/buffett/巴菲特：给全体经理人备忘录_2010.md,巴菲特：给全体经理人备忘录 2010,content/articles,source-corpus,buffett,true,true,article-candidate,2010,zh,unknown,,primary-authored-candidate,candidate-primary-review,可能是本人署名文章、信件或备忘录，需逐篇核验署名和来源。,,2006,5737,24,2026-07-23T00:47:19.492Z,0,0,,0ea66c59bace93788ada4392ca7ae641833aa7ed96e8668b9f6788603ab302cf,c55c0307886393a2279eafd08605419f742628b3dcc5225c16d641c3a4eb61a2
content/articles/buffett/巴菲特：给全体经理人备忘录_2014.md,巴菲特：给全体经理人备忘录 2014,content/articles,source-corpus,buffett,true,true,article-candidate,2014,zh,unknown,,primary-authored-candidate,candidate-primary-review,可能是本人署名文章、信件或备忘录，需逐篇核验署名和来源。,,2006,5715,28,2026-07-23T00:47:19.489Z,0,0,,39653bfe245ff45ac6997cdfad2ab38480a5de0e14d2a474743c41bf2cc00925,d1bb5554f87ad12b1d97549064169902a43d446067be635c9bcd5df155d584e7
content/articles/buffett/巴菲特：股票期权与常识_2002.md,巴菲特：股票期权与常识,content/articles,source-corpus,buffett,true,false,article-candidate,2002,zh,unknown,,primary-authored-candidate,candidate-primary-review,可能是本人署名文章、信件或备忘录，需逐篇核验署名和来源。,,10231,27962,144,2026-08-05T01:30:29.582Z,0,0,,ace5b7b78119b520ce342328ac4aaccd7a2fd59b0ac19a98fb1ebe0e0eed658c,5a6b7f46abe4c957576a3a72eb005971dfef05f09611242f4a4735a3e38f6a19
content/articles/buffett/巴菲特：股息巫术_2003.md,巴菲特：股息巫术 2003,content/articles,source-corpus,buffett,true,false,article-candidate,2003,zh,unknown,,primary-authored-candidate,candidate-primary-review,可能是本人署名文章、信件或备忘录，需逐篇核验署名和来源。,,1828,5047,26,2026-07-23T00:47:19.460Z,0,0,,cd8a219b99c7ac7122bb9f22cbcb425dfc38c76395180f8934bec3dcf41e075a,0a9926964f5ff7a0bde212ec3d78dcf1763c783d2a46903d007c717bddfa96fc
content/articles/buffett/巴菲特：关于游牧者基金_2014.md,巴菲特：关于游牧者基金 2014,content/articles,source-corpus,buffett,true,false,article-candidate,2014,zh,metadata-or-fragment,,uncertain-article,requires-source-review,是否属于本人原始文献尚不能仅凭路径和标题确定。,,732,1864,24,2026-07-23T00:47:19.360Z,0,0,,7ac7bf6215657135d340bc324793f98846b32e49ae1c16b3aa715427723b518f,1e03bdf31e679967cd61ecacc2616715881a25f4a3b8f1e84d3c86850eb9378a
content/articles/buffett/巴菲特：怀念恩师格雷厄姆_1976.md,巴菲特：怀念恩师格雷厄姆 1976,content/articles,source-corpus,buffett,true,false,article-candidate,1976,zh,unknown,,primary-authored-candidate,candidate-primary-review,可能是本人署名文章、信件或备忘录，需逐篇核验署名和来源。,,929,2661,20,2026-07-23T00:47:19.413Z,0,0,,9a7c11b8ea2c61aed50a0dbb598437d4725a3a5121d037d6a67aa614c66f1036,b04841dc4a85022ac4844e8cf0bd34baf72c85556cdd497ea7637196e01bd86c
content/articles/buffett/巴菲特：怀念恩师格雷厄姆_2008.md,巴菲特：怀念恩师格雷厄姆 2008,content/articles,source-corpus,buffett,true,false,article-candidate,2008,zh,unknown,,primary-authored-candidate,candidate-primary-review,可能是本人署名文章、信件或备忘录，需逐篇核验署名和来源。,,6227,17568,110,2026-07-23T00:47:19.394Z,6,0,,0a728c1f0a3d4ba870a099ebe6e68efa061ee391d06c0e630f47f96aab6fc571,db959f8a365bb05ab9683ad6e0651402e2c0df598c430c9516e497b30a5d38e0
content/articles/buffett/巴菲特：回忆进入证券行业_2005.md,巴菲特：回忆进入证券行业 2005,content/articles,source-corpus,buffett,true,false,article-candidate,2005,zh,unknown,,uncertain-article,requires-source-review,是否属于本人原始文献尚不能仅凭路径和标题确定。,,1495,3951,28,2026-07-23T00:47:19.355Z,0,0,,f3a4c7fa44bfde6df4c54e7dcffa86609709ff1de72841b3aec17cfd2f1749b6,560a9170e67ba97785ac7ceaa01b35659f2b31621f05ce1e8c8a1edbf2fe9d8d
content/articles/buffett/巴菲特：扩大所得税抵免比提高最低工资更好.md,巴菲特：扩大所得税抵免比提高最低工资更好,content/articles,source-corpus,buffett,true,false,article-candidate,2015,zh,unknown,,primary-authored-candidate,candidate-primary-review,可能是本人署名文章、信件或备忘录，需逐篇核验署名和来源。,,1852,5218,36,2026-07-23T00:47:19.458Z,0,0,,78fcbf4dee1155ca91b810afcf08d02634ab43c1be0047e7034e581c632a47c8,fab7b38041f516fcc4b1aff8483e74005155318d63b99d31a03a8221cd2880b4
content/articles/buffett/巴菲特：买入美国正当时_2008.md,巴菲特：买入美国正当时 2008,content/articles,source-corpus,buffett,true,false,article-candidate,2008,zh,unknown,,primary-authored-candidate,candidate-primary-review,可能是本人署名文章、信件或备忘录，需逐篇核验署名和来源。,,1733,4528,30,2026-07-23T00:47:19.476Z,0,0,,bc315aca0c713c454684747aa2f745a2f8bdb334fcbaecb9d5f5a75a6d268891,c764a02896af1ddb3d2e39bf78b369e3524029809d9998f9f3993fadb3cb7a50
content/articles/buffett/巴菲特：美国的未来_2017.md,巴菲特：美国的未来 2017,content/articles,source-corpus,buffett,true,false,article-candidate,2017,zh,unknown,,primary-authored-candidate,candidate-primary-review,可能是本人署名文章、信件或备忘录，需逐篇核验署名和来源。,,1838,5006,34,2026-07-23T00:47:19.481Z,0,0,,ed7cfa5ae2e336392bf12c97ff41c49c9ccbc03cd244932056d6d128ccea5c17,9800b7d0dd6c825df9cca7bc73038a98f973cdc470f8a7843d8c608425d15d13
content/articles/buffett/巴菲特：美元效应_2009.md,巴菲特：美元效应 2009,content/articles,source-corpus,buffett,true,false,article-candidate,2009,zh,unknown,,primary-authored-candidate,candidate-primary-review,可能是本人署名文章、信件或备忘录，需逐篇核验署名和来源。,,1915,5367,42,2026-07-23T00:47:19.486Z,0,0,,1d15b56821c7e6de0bf860d7077eb598a1173f8b371389ce08804632a4af0d22,d9e08b980133880ee6cbe96926c76e9395dc838a244cd37adaadf3199bb618e8
content/articles/buffett/巴菲特：模糊数学与股票期权_2004.md,巴菲特：模糊数学与股票期权 2004,content/articles,source-corpus,buffett,true,false,article-candidate,2004,zh,unknown,,primary-authored-candidate,candidate-primary-review,可能是本人署名文章、信件或备忘录，需逐篇核验署名和来源。,,1750,4923,28,2026-07-23T00:47:19.461Z,0,0,,c028cfbf0ced7b016671610a606cd4a1648566d33cccbcba7c796539807a7fe5,1e863193c22726e83071e3a466ee28ea8e9b1c718d3f47218ed985abe202b34f
content/articles/buffett/巴菲特：谁是真正的账房先生.md,巴菲特：谁是真正的账房先生,content/articles,source-corpus,buffett,true,false,article-candidate,2002,zh,unknown,,primary-authored-candidate,candidate-primary-review,可能是本人署名文章、信件或备忘录，需逐篇核验署名和来源。,,1677,4517,36,2026-07-23T00:47:19.470Z,0,0,,48d38d7513fda6286168535432db68286a21878ff67f5af726cb251faa6ae253,9ea36ade254507f1a81cdfd5429df2fa3dca3f291019ea116d75e9b5e8facabd
content/articles/buffett/巴菲特：收购_BNSF_铁路.md,巴菲特：收购 BNSF 铁路,content/articles,source-corpus,buffett,true,true,article-candidate,2009,zh,unknown,,primary-authored-candidate,candidate-primary-review,可能是本人署名文章、信件或备忘录，需逐篇核验署名和来源。,,17427,49528,484,2026-07-23T00:47:19.495Z,115,0,,b7476fbe5fca825ef816ed6fd0888bca262b0852d4fd4d5a35dd254548706b25,04d753d4f6b2f73685c27366c77db2df7213b2e8d3523984bf29835548454b61
content/articles/buffett/巴菲特：我为什么不看好美元_2003.md,巴菲特：我为什么不看好美元 2003,content/articles,source-corpus,buffett,true,true,article-candidate,2003,zh,unknown,,primary-authored-candidate,candidate-primary-review,可能是本人署名文章、信件或备忘录，需逐篇核验署名和来源。,,8170,23622,94,2026-07-23T00:47:19.485Z,0,0,,b1ee8cc13991b73d3c052dc9d0014484e03c5751e92e1f1d5ca8873ef0970ff7,d26905285539cf358e610bd1cdb9e27dade3596bb2ec9bf4e6085f1c0e863597
content/articles/buffett/巴菲特合伙契约_1956.md,巴菲特合伙契约 1956,content/articles,source-corpus,buffett,true,false,article-candidate,1956,zh,unknown,,primary-authored-candidate,candidate-primary-review,可能是本人署名文章、信件或备忘录，需逐篇核验署名和来源。,,1585,3392,34,2026-07-23T00:47:19.376Z,0,0,,80c8038fcd6218a3e6cab88b9856c222433235af7558c917ba1ef56417603672,9a103a9bb71eb9f2d6ddb794c41798b55983ce84f1327c328ee32468c33a3eed
content/articles/buffett/巴菲特接见_Dardashti_2007.md,巴菲特接见 Dardashti 2007,content/articles,source-corpus,buffett,true,true,article-candidate,2007,zh,selection-or-excerpt,,uncertain-article,requires-source-review,是否属于本人原始文献尚不能仅凭路径和标题确定。,,2737,6711,50,2026-07-23T00:47:19.364Z,0,0,,592a27ee5816a28471e179595b061ac915c19a7b553c70819effc0bca716d94a,7eaa4195567122a7d82100096ad5dac64651a259522acb3ebca09edfb1f80cd2
content/articles/buffett/巴菲特收购_LTMC_要约_1998.md,巴菲特收购 LTMC 要约 1998,content/articles,source-corpus,buffett,true,false,article-candidate,1998,zh,unknown,,primary-authored-candidate,candidate-primary-review,可能是本人署名文章、信件或备忘录，需逐篇核验署名和来源。,,1335,3157,30,2026-07-23T00:47:19.496Z,0,0,,318a07c1de8490aaabdbabd016bf87086a6b106c2d5e70abedd7efdc02079510,7775a886e8e82a14d73eb6b567245c5db41183b3cd0de72b2d4fa970f80278d2
content/articles/buffett/巴菲特谈_GEICO1976.md,巴菲特谈 GEICO1976,content/articles,source-corpus,buffett,true,false,article-candidate,1976,zh,unknown,,primary-authored-candidate,candidate-primary-review,可能是本人署名文章、信件或备忘录，需逐篇核验署名和来源。,,2671,6923,36,2026-07-23T00:47:19.506Z,0,0,,0eb8e9d02a58bef3a1a3c6939dc29bdfa058d399e6ca467be797472258c6d897,cdd0298d6f16d1712d6a2778cf20f4372efff2b0dc675ee7f6675b3f9113cd23
content/articles/buffett/巴菲特谈股市_1974.md,巴菲特谈股市 1974,content/articles,source-corpus,buffett,true,false,article-candidate,1974,zh,unknown,,primary-authored-candidate,candidate-primary-review,可能是本人署名文章、信件或备忘录，需逐篇核验署名和来源。,,3020,8345,36,2026-07-23T00:47:19.472Z,0,0,,b7c20e71a2172436b8a448b397a88bdc6bd2c6b350ff9a35a6cfa94a42278ec0,e96f7368e427b4474f51205c7c7b8434eb89eec9a724f901db9e98e1f6b51f16
content/articles/buffett/巴菲特谈股市_1979.md,巴菲特谈股市 1979,content/articles,source-corpus,buffett,true,false,article-candidate,1979,zh,unknown,,primary-authored-candidate,candidate-primary-review,可能是本人署名文章、信件或备忘录，需逐篇核验署名和来源。,,3315,8945,34,2026-07-23T00:47:19.484Z,0,0,,9f6d08b19abd4378ca998ec16b3bf963331f373fdc89b340332dc8cf9c35e521,f469988a73dfc3bcd40402a82f68d6936a5aeed0a790739e5dc77d6625ec9021
content/articles/buffett/巴菲特谈股市_1999.md,巴菲特谈股市 1999,content/articles,source-corpus,buffett,true,false,article-candidate,1999,zh,unknown,,primary-authored-candidate,candidate-primary-review,可能是本人署名文章、信件或备忘录，需逐篇核验署名和来源。,,5000,13647,48,2026-07-23T00:47:19.477Z,0,0,,dcd74d71cd2da51fd1ceb1f827d04612150aaf116d38bbf12a0cf0018bc5192a,bfff608d2249a9df6f36b29bb126cf453467816b409d9f5f8884c06ccd6cb502
content/articles/buffett/巴菲特谈股市_2001.md,巴菲特谈股市 2001,content/articles,source-corpus,buffett,true,false,article-candidate,2001,zh,unknown,,primary-authored-candidate,candidate-primary-review,可能是本人署名文章、信件或备忘录，需逐篇核验署名和来源。,,10852,28716,118,2026-07-23T00:47:19.488Z,0,0,,7292ec532a185dabd707277c1665c354c8bf54635048432f077f9f9daabec2d8,b7debfef462090f4e0af113816ef1084d4883a8253193dbffb1b2bd4ab34f2de
content/articles/buffett/巴菲特谈施洛斯的信_1994.md,巴菲特谈施洛斯的信 1994,content/articles,source-corpus,buffett,true,false,article-candidate,1994,zh,unknown,,primary-authored-candidate,candidate-primary-review,可能是本人署名文章、信件或备忘录，需逐篇核验署名和来源。,,1225,2883,26,2026-07-23T00:47:19.356Z,0,0,,286a8014325a893d16e2759d8739f1c565eb733871b410469bf5688bfc554178,aa32c8d0a22e602d29e1e5e312ff24c94d42c7652b3570e6b435be9a775751c1
content/articles/buffett/巴菲特谈通货膨胀_1977.md,巴菲特谈通货膨胀 1977,content/articles,source-corpus,buffett,true,false,article-candidate,1977,zh,unknown,,primary-authored-candidate,candidate-primary-review,可能是本人署名文章、信件或备忘录，需逐篇核验署名和来源。,,16266,44998,190,2026-07-23T00:47:19.480Z,1,0,,269ee6f3e45038e5f51cd5853ce56ea2c8011a64a9b7e5ece103a5076874f19c,881070b0bfa5ae9009eee8c4549adacd3b0ba369f867829aba04b86261988133
content/articles/buffett/巴菲特谈投资_1985.md,巴菲特谈投资 1985,content/articles,source-corpus,buffett,true,true,article-candidate,1985,zh,unknown,,primary-authored-candidate,candidate-primary-review,可能是本人署名文章、信件或备忘录，需逐篇核验署名和来源。,,3122,8803,80,2026-07-23T00:47:19.363Z,14,0,,f79bb438b6bbe69f3cec68e9c6a72db505445cfd2ea440a4f1875015a101717d,3c628bbd003bbb120c3bbe65c582a5367af9d8de4bf13e6655a63ee119fca66b
content/articles/buffett/巴菲特谈投资_1988.md,巴菲特谈投资 1988,content/articles,source-corpus,buffett,true,false,article-candidate,1988,zh,unknown,,primary-authored-candidate,candidate-primary-review,可能是本人署名文章、信件或备忘录，需逐篇核验署名和来源。,,5131,14231,156,2026-07-23T00:47:19.343Z,34,0,,2f68b2f2030d14794086ecf9e2ab4ef65ec1bca1ae260dffcb9ac271f6028fd4,e3d614ac474bcc1bd405e1e457bd2bbd6020dc24eec972c64d3c63813718887a
content/articles/buffett/巴菲特谈微软的信_1997.md,巴菲特谈微软的信 1997,content/articles,source-corpus,buffett,true,false,article-candidate,1997,zh,unknown,,primary-authored-candidate,candidate-primary-review,可能是本人署名文章、信件或备忘录，需逐篇核验署名和来源。,,8046,19702,72,2026-07-23T00:47:19.368Z,0,0,,9be48ea0bc8ee74c6926e5ff476ef91897dddb5ee3fe79039d74dcccaf9c5c4d,27c63a7aafcbc40667c56a87e728af3c3e889368d0394ac8b9d4255bd4e46e0a
content/articles/buffett/巴菲特谈喜诗糖果_1972.md,巴菲特谈喜诗糖果 1972,content/articles,source-corpus,buffett,true,true,article-candidate,1972,zh,unknown,,primary-authored-candidate,candidate-primary-review,可能是本人署名文章、信件或备忘录，需逐篇核验署名和来源。,,22991,57093,262,2026-07-23T00:47:19.527Z,0,0,,a0ffb3ed7cd521db6047f079637bcb0b6d5da668a6fcafb3b41ba7169fe572f0,1557a866f17742aea2132f657c627504547bd54eb3f4c5a9e6a842d0d1db1695
content/articles/buffett/巴菲特谈养老金问题_1975.md,巴菲特谈养老金问题 1975,content/articles,source-corpus,buffett,true,false,article-candidate,1975,zh,unknown,,primary-authored-candidate,candidate-primary-review,可能是本人署名文章、信件或备忘录，需逐篇核验署名和来源。,,13356,37455,150,2026-07-23T00:47:19.529Z,0,0,,8e94f33dde487e9bda175e3d55a2a754e5b34a07db0ee7f81a823d5e1ea65e7d,2ab2492d4abc9f0a64f28e8706447edff6600b503868aeb275fef48e7ab46c14
content/articles/buffett/巴菲特谈指数期货_1982.md,巴菲特谈指数期货 1982,content/articles,source-corpus,buffett,true,false,article-candidate,1982,zh,unknown,,primary-authored-candidate,candidate-primary-review,可能是本人署名文章、信件或备忘录，需逐篇核验署名和来源。,,2762,7585,32,2026-07-23T00:47:19.483Z,0,0,,8549eb2b2ebc7bf5f7d2dea36a1e947f87e1182c0c50e6269d692c314e100802,1caeb12010bb870f10406e6b34abd32caef8364420153ac0a44b136d32d4956b
content/articles/buffett/巴菲特致所罗门股东信_1991.md,巴菲特致所罗门股东信 1991,content/articles,source-corpus,buffett,true,false,article-candidate,1991,zh,unknown,,primary-authored-candidate,candidate-primary-review,可能是本人署名文章、信件或备忘录，需逐篇核验署名和来源。,,4874,13564,70,2026-07-23T00:47:19.493Z,0,0,,bf68d37b00b94142facaf29c7c0b8c47c7e4eb24b5df64117f9a00b249b8e0ad,291f9c29e1fdcf9448af8b071c044eea021452efdbe3940d951ed6e37c615b61
content/articles/buffett/伯克希尔_50_周年：过去、现在和未来.md,伯克希尔 50 周年：过去、现在和未来,content/articles,source-corpus,buffett,true,true,article-candidate,1964,zh,unknown,,primary-authored-candidate,candidate-primary-review,可能是本人署名文章、信件或备忘录，需逐篇核验署名和来源。,,22989,63622,362,2026-07-23T00:47:19.372Z,0,0,,5be0d43b3bded2d8b4910972087527956b2ec614746fe7c12d7d22466457a2f2,465b9fd62e13395f9675f4c057c745533e7c937f38aadb0c9c1c84026a02d83d
content/articles/buffett/伯克希尔股东手册_1996.md,伯克希尔股东手册 1996,content/articles,source-corpus,buffett,true,true,article-candidate,1996,zh,unknown,,primary-authored-candidate,candidate-primary-review,可能是本人署名文章、信件或备忘录，需逐篇核验署名和来源。,,9900,28437,168,2026-07-23T00:47:19.491Z,1,0,,e08b3faebec28c1b603fcd7764fb0b1072a78652489d706b8051355a81cc53da,29feb495abff7005e982de0505258ac1dcb3757f535313b63ba5ec1d0ca1178a
content/articles/buffett/我最看好的股票：人寿保险_1957.md,我最看好的股票：人寿保险 1957,content/articles,source-corpus,buffett,true,false,article-candidate,1957,zh,unknown,,primary-authored-candidate,candidate-primary-review,可能是本人署名文章、信件或备忘录，需逐篇核验署名和来源。,,1477,3309,36,2026-08-04T03:09:35.136Z,0,0,,38ecdd0018f6337ce9ee876c41b4c5730dea61103738dc540f42957a2d692229,ff52dd7a8fe2c6b076c74413683f01d1313b03c9f657658b8bcd01c0fe90a3b2
content/articles/buffett/我最看好的股票：西部保险_1953.md,我最看好的股票：西部保险 1953,content/articles,source-corpus,buffett,true,false,article-candidate,1953,zh,unknown,,primary-authored-candidate,candidate-primary-review,可能是本人署名文章、信件或备忘录，需逐篇核验署名和来源。,,2373,6290,38,2026-07-23T00:47:19.500Z,0,0,,dd3d5cb1576730c381930136bbf6635c02bcfe6958fa27c2579a7e4368ab85a5,8be578d532fb740758de463e0c4b1972da3995514a526b0dd4e3e0eed0d1a29a
content/articles/buffett/我最看好的股票：油气资产管理公司_1957.md,我最看好的股票：油气资产管理公司 1957,content/articles,source-corpus,buffett,true,false,article-candidate,1957,zh,unknown,,primary-authored-candidate,candidate-primary-review,可能是本人署名文章、信件或备忘录，需逐篇核验署名和来源。,,2453,6153,28,2026-07-23T00:47:19.497Z,1,0,,0c55783d16314be0e934288056119783cf19c882e326c07296350fb700efc270,bf871d647ed8ae1aa172952c1d0192155b9552b927cdc31e6d39a1143c44e42f
content/articles/buffett/我最看好的股票：GEICO_保险_1951.md,我最看好的股票：GEICO 保险 1951,content/articles,source-corpus,buffett,true,false,article-candidate,1951,zh,unknown,,primary-authored-candidate,candidate-primary-review,可能是本人署名文章、信件或备忘录，需逐篇核验署名和来源。,,2488,6214,49,2026-07-23T00:47:19.510Z,0,0,,848a7d8841e13c768620dad96f7bfaa2becbb1ae1458ec87091b666acf37baa3,79eb2315cbd8ae3348caa4cdb02c0eee463009cdcc17ae7812b460b736d523ce
content/articles/munger/芒格：2003_年的金融大丑闻.md,芒格：2003 年的金融大丑闻,content/articles,source-corpus,munger,false,true,article-candidate,2003,zh,unknown,,primary-authored-candidate,candidate-primary-review,可能是本人署名文章、信件或备忘录，需逐篇核验署名和来源。,,9678,27255,102,2026-07-23T00:47:19.342Z,0,0,,8353b5e46a5c4b5d13b61b55284f3453097ddf065d2681cd7fed69b50b351b95,c1a68058ded0f4b216c64b051c5b7a5f8f1dc719128862bdf29741198b586a3d
content/articles/other/伯克希尔：集团企业的终极折让.md,伯克希尔：集团企业的终极折让,content/articles,source-corpus,both,true,true,other,1999,zh,unknown,,embedded-primary-text-candidate,review-embedded-primary-text,非核心目录中检测到连续本人说话标记，需判断是否完整转载了原始文献。,,81949,213910,862,2026-07-23T00:47:19.531Z,20,4,,a044e4f50ebbf3c3d53c25b980415e7109eb773fb09797386d7c0b0d4a52578a,d07f04db27ea5af149120720df5d0824286a7390fe862020f6094257390c168b
content/articles/other/伯克希尔与标普_500_指数.md,伯克希尔与标普 500 指数,content/articles,source-corpus,buffett,true,false,other,1954,zh,unknown,,embedded-primary-text-candidate,review-embedded-primary-text,非核心目录中检测到连续本人说话标记，需判断是否完整转载了原始文献。,,19420,54938,228,2026-07-23T00:47:19.482Z,31,0,,cba07132d0c3dd1f93413b49bbbe908caabc1083fe776c3136eff5d056265cd5,bfe09e3fc0c0936fc1a4df1a9ec13c43b323fdbd3504421f933cdf4f5353b8f8
content/articles/other/如何建立能力圈.md,如何建立能力圈,content/articles,source-corpus,both,true,true,other,,zh,unknown,,embedded-primary-text-candidate,review-embedded-primary-text,非核心目录中检测到连续本人说话标记，需判断是否完整转载了原始文献。,,50732,144816,714,2026-07-23T00:47:19.366Z,88,56,,e639245b4a8ced0ba8cd0038689dee95ceafd62e1c1e0f0e723b20e3f0014569,5213b21268640aa359af0d7fea70bdbcaf8229b9d628b2e8113e9890824cba87
content/bloggers/在苍茫中传灯/20180420_巴菲特眼中的估值.md,巴菲特眼中的估值,content/bloggers,source-corpus,none,true,true,subject-reference,2018,zh,unknown,,embedded-primary-text-candidate,review-embedded-primary-text,非核心目录中检测到连续本人说话标记，需判断是否完整转载了原始文献。,,4100,11092,95,2026-08-09T13:00:44.636Z,2,1,,013600eea2426861b08a8325e65026aff0c8b1d0e6dd3d341ca564f4dfe3da27,b8d9e345576f6a55df79d5c5c0c4cb92dc1913003cd2076ddc0b4565f20c2f51
content/bloggers/在苍茫中传灯/20230123_满城尽带黄金甲.md,满城尽带黄金甲,content/bloggers,source-corpus,munger,true,true,other,2023,zh,unknown,,embedded-primary-text-candidate,review-embedded-primary-text,非核心目录中检测到连续本人说话标记，需判断是否完整转载了原始文献。,,4758,13735,87,2026-08-09T13:00:46.070Z,0,8,,618323de73838c777d71868856777357fc25c27dcaaaefbb087c67fb979f63a8,a2d687b60c82a446d1c24e34748608d013bbec0ae865f760b3b0cdf0b4cfd75a
content/bloggers/在苍茫中传灯/20250127_2019年“在苍茫中传灯”文章总汇.md,2019年“在苍茫中传灯”文章总汇,content/bloggers,source-corpus,munger,true,true,other,2019,zh,unknown,,embedded-primary-text-candidate,review-embedded-primary-text,非核心目录中检测到连续本人说话标记，需判断是否完整转载了原始文献。,,1696,4149,189,2026-08-09T13:00:46.409Z,0,9,,e23fe83556fe755b1cc4894aae5c9baefea12fa9dc9c0a30617d0d633f7dab2b,20383882dc2e459b9abcf17fd1cd678f75ed8c0f5ceccbf981fc8fa5e142e0d9
content/duanyongping/blog/2010/2010-04-13_1063_巴菲特给MBA的讲话.md,巴菲特给MBA的讲话,content/duanyongping,source-corpus,buffett,true,true,subject-reference,2010,zh,unknown,,embedded-primary-text-candidate,review-embedded-primary-text,非核心目录中检测到连续本人说话标记，需判断是否完整转载了原始文献。,,38542,100744,861,2026-08-07T15:19:54.611Z,20,0,http://nteswjq.blog.163.com/blog/static/126998120103131450837/,fd47135fa59f593a35a35e1f9c4d8d25991bcbf03162a7d70c108693119d5b63,38903a4b2010d3481eb50940694a0687ae470eb64f65b2e1ebacf8ab9db1a7fc
content/duanyongping/blog/2010/2010-07-15_1023_英国公开赛开打了.md,英国公开赛开打了！,content/duanyongping,source-corpus,none,false,false,other,2010,zh,unknown,,embedded-primary-text-candidate,review-embedded-primary-text,非核心目录中检测到连续本人说话标记，需判断是否完整转载了原始文献。,,62759,140586,2429,2026-08-07T15:19:54.635Z,2,1,http://nteswjq.blog.163.com/blog/static/126998120106150644275/,e4d15a39e7aa6d3552c5d138a4db78a945712489a5f0be4bea9e6d04d7de6a3a,8f9b86bfaa044032612620ea587c7bb42c12c2f370e22584c67af6054451b3e7
content/duanyongping/blog/2011/2011-10-29_854_引用-巴菲特给MBA的讲话-佛罗里达大学一次演讲.md,引用 巴菲特给MBA的讲话：佛罗里达大学一次演讲,content/duanyongping,source-corpus,buffett,true,true,subject-reference,2011,zh,unknown,,embedded-primary-text-candidate,review-embedded-primary-text,非核心目录中检测到连续本人说话标记，需判断是否完整转载了原始文献。,,27769,77223,413,2026-08-07T15:19:54.697Z,20,0,http://nteswjq.blog.163.com/blog/static/126998120119291925633/,eae66802506d4b77c526bcbb8a2429a3b0e24970becfe905ccfab19b6a0677de,547cc17f2982381819757866b36fc9e61408455e42210c50e40155b1ad5bcb30
content/duanyongping/blog/2012/2012-05-05_800_Omaha-Again.md,Omaha Again,content/duanyongping,source-corpus,none,true,true,other,2012,zh,selection-or-excerpt,,embedded-primary-text-candidate,review-embedded-primary-text,非核心目录中检测到连续本人说话标记，需判断是否完整转载了原始文献。,,1956,4076,76,2026-08-07T15:19:54.704Z,2,2,http://nteswjq.blog.163.com/blog/static/1269981201245243667/,919569717ee149741a887326064122f68b38b2f8261e104521061041b641ecd0,f5045e7fac0f6b755d0b4d79b163112f206036ef72bb4669bf0e82413436522e
content/duanyongping/blog/2012/2012-12-10_707_转载-巴菲特给MBA的讲话-佛罗里达大学一次演讲.md,【转载】巴菲特给MBA的讲话：佛罗里达大学一次演讲,content/duanyongping,source-corpus,buffett,true,true,subject-reference,2012,zh,unknown,,embedded-primary-text-candidate,review-embedded-primary-text,非核心目录中检测到连续本人说话标记，需判断是否完整转载了原始文献。,,27610,76600,412,2026-08-07T15:19:54.720Z,20,0,http://nteswjq.blog.163.com/blog/static/12699812012111011137214/,1b9cfa89eb609e74ff5abcaec9e14b3cd927860b224f0b60bfc43a9c0b388c98,76fba8c7a16716ae9d6f2f6a7e5f962be62793dbffe364b0928971f392d4250b
content/duanyongping/blog/2013/2013-12-14_633_2013年12月14日.md,2013年12月14日,content/duanyongping,source-corpus,buffett,true,false,other,2013,mixed,unknown,,embedded-primary-text-candidate,review-embedded-primary-text,非核心目录中检测到连续本人说话标记，需判断是否完整转载了原始文献。,,25169,27339,137,2026-08-07T15:19:54.745Z,18,0,http://nteswjq.blog.163.com/blog/static/12699812013111432730912/,c849c6351fb40d0d661556d3bea0712c83bba0a72dee20e86acc283c88a29e51,8c7e9c91e225dac0ebdf97c1b1c6909f8efdcf7e8075258b42edfe19c047d248
content/duanyongping/blog/2013/2013-12-15_632_2013年12月15日.md,2013年12月15日,content/duanyongping,source-corpus,buffett,true,true,other,2013,zh,unknown,,embedded-primary-text-candidate,review-embedded-primary-text,非核心目录中检测到连续本人说话标记，需判断是否完整转载了原始文献。,,29602,69237,830,2026-08-07T15:19:54.746Z,14,0,http://nteswjq.blog.163.com/blog/static/12699812013111521439473/,57e91c6c94aeb9f2a80251541a2c0cd7b380354d4378d9c1ef181d8596ef3205,1594c24abf15222abb6c074fc0f101a011bdf9897a59ee17ffe6985d8d87eecc
content/duanyongping/blog/2017/2017-05-10_529_转载-巴菲特股东大会57问实录-为何会买科技股-中国股市该咋玩.md,【转载】巴菲特股东大会57问实录：为何会买科技股，中国股市该咋玩,content/duanyongping,source-corpus,both,true,true,subject-reference,2017,zh,full-candidate,,embedded-primary-text-candidate,review-embedded-primary-text,非核心目录中检测到连续本人说话标记，需判断是否完整转载了原始文献。,,51985,130544,1516,2026-08-07T15:19:54.776Z,55,12,http://nteswjq.blog.163.com/blog/static/1269981201741083439709/,5283cc2467837174332e46b906b06e2ebb3c72ea24459b1e6647dadf034e8c72,6fc57a0df860c7a4e74628688942984ac76d97cdc3d3612009e73d663839df65
content/interviews/巴菲特：21_世纪经济领导者采访_2008.md,巴菲特：21 世纪经济领导者采访 2008,content/interviews,source-corpus,buffett,true,false,interview,2008,zh,unknown,,primary-interview-translation-candidate,candidate-primary-review,目标人物访谈候选，但文件未证明自身为完整实录。,buffett-interview-2008-2169a0f5,12833,37024,218,2026-07-23T00:47:20.362Z,22,0,,f367678b70b2afa5f073b9890bd19e966f2181af529472b00f3e1e88a766103a,08f5f1f9383dd152b212e39a0d321f1e84c03fe7274a9be8b3e50fcac1890d89
content/interviews/巴菲特：慈善承诺倡议_2015.md,巴菲特：慈善承诺倡议 2015,content/interviews,source-corpus,buffett,true,false,interview,2015,zh,unknown,,primary-interview-translation-candidate,candidate-primary-review,目标人物访谈候选，但文件未证明自身为完整实录。,buffett-interview-2015-2ddf8e13,30727,88766,638,2026-07-23T00:47:20.364Z,81,0,,fdc44dc8cdbc3307b3199dcf590b0271836056effe801c4f274ec278fa0d6e14,9b3dde3391d7c13aeba7a2e7981ff1bf4be1c6ceddb9779ca7c7565e6f620e4e
content/interviews/巴菲特：对话_IVEY_商学院学生_2008.md,巴菲特：对话 IVEY 商学院学生 2008,content/interviews,source-corpus,buffett,true,false,interview,2008,zh,unknown,,primary-interview-translation-candidate,candidate-primary-review,目标人物访谈候选，但文件未证明自身为完整实录。,buffett-interview-2008-79edf5fa,4214,11659,66,2026-07-23T00:47:20.379Z,5,0,,3a1048d64d7485b9417eef5615594360b5b1851109edacf4d05bf0e330dbe9a5,2d85c1442c2337b2e08b2fa4ba1a650f80db77aaa052c3becd18aa73ff05522d
content/interviews/巴菲特：对话_IVEY_商学院学生_2010.md,巴菲特：对话 IVEY 商学院学生 2010,content/interviews,source-corpus,buffett,true,false,interview,2010,zh,unknown,,primary-interview-translation-candidate,candidate-primary-review,目标人物访谈候选，但文件未证明自身为完整实录。,buffett-interview-2010-743de40e,5487,15037,144,2026-07-23T00:47:20.278Z,0,0,,2d33dd0b0627d1a8e6c89a21b4f82015f71c9e6c32225717a76243815b605c41,09df89f818c9ec1e245721c223748e1f54c401d526dbb9241a1a9b7e3fe772fe
content/interviews/巴菲特：对话_IVEY_商学院学生_2012.md,巴菲特：对话 IVEY 商学院学生 2012,content/interviews,source-corpus,buffett,true,false,interview,2012,zh,unknown,,primary-interview-translation-candidate,candidate-primary-review,目标人物访谈候选，但文件未证明自身为完整实录。,buffett-interview-2012-2aa58cd5,8682,24378,186,2026-07-23T00:47:20.496Z,0,0,,bce964c2391571572b4e54ff5da379ce15c11c15d753d1e1e23ae1bb4f6eefaa,d8b7e6e831e0b285da2a9ac1355e7bfa2ec8ad714b50ddc3e007d0593713f769
content/interviews/巴菲特：对话_IVEY_商学院学生_2014.md,巴菲特：对话 IVEY 商学院学生 2014,content/interviews,source-corpus,buffett,true,true,interview,2014,zh,unknown,,primary-interview-translation-candidate,candidate-primary-review,目标人物访谈候选，但文件未证明自身为完整实录。,buffett-interview-2014-861f4d01,9678,26601,164,2026-07-23T00:47:20.293Z,17,0,,b947d0c43546803388a92a61be7cf843c2ff9bb3b9cc486d85ba0322f6d1fdd8,4faa3d09affe26985bdbfe577e1f313c347f046d11c6e646006e78a00cdf7adb
content/interviews/巴菲特：对话_IVEY_商学院学生_2015.md,巴菲特：对话 IVEY 商学院学生 2015,content/interviews,source-corpus,buffett,true,true,interview,2015,zh,unknown,,primary-interview-translation-candidate,candidate-primary-review,目标人物访谈候选，但文件未证明自身为完整实录。,buffett-interview-2015-37582f41,7632,20453,140,2026-07-23T00:47:20.303Z,17,0,,28158b458d1a0a4c13bfcebcaf68b9e3ffb43782e4b4ec9e5aee2c754eec756f,63b0ad08cfa6c8c2b58a007c9f71f7c0a6eaa7e7195d2c74377658be834e797a
content/interviews/巴菲特：对话奥奎尔俱乐部_2004.md,巴菲特：对话奥奎尔俱乐部 2004,content/interviews,source-corpus,buffett,true,false,interview,2004,zh,unknown,,primary-interview-translation-candidate,candidate-primary-review,目标人物访谈候选，但文件未证明自身为完整实录。,buffett-interview-2004-4b646b22,19673,54868,194,2026-07-23T00:47:20.382Z,11,0,,93f43cbfd308cae7604b3785a0786a32bf2e8f7c7c239ecd823189aaba50e334,18bc20d6bbb8de0346e56ceab995bc1f7dc151abe5c3ea108736115bdefa7b99
content/interviews/巴菲特：对话八所商学院学生_2011.md,巴菲特：对话八所商学院学生 2011,content/interviews,source-corpus,buffett,true,true,interview,2011,zh,unknown,,primary-interview-translation-candidate,candidate-primary-review,目标人物访谈候选，但文件未证明自身为完整实录。,buffett-interview-2011-0f362643,24474,68519,294,2026-07-23T00:47:20.309Z,22,0,,89c79c09fc716ea4d205459d81e4f2caede2d6e9316d2ad4dda1d380cd0a12a7,e58da0607aa12388f0adc3ee7b01f18997a8cba9e52cb227fc55f39929a554d4
content/interviews/巴菲特：对话八所商学院学生_2013.md,巴菲特：对话八所商学院学生 2013,content/interviews,source-corpus,buffett,true,false,interview,2013,zh,unknown,,primary-interview-translation-candidate,candidate-primary-review,目标人物访谈候选，但文件未证明自身为完整实录。,buffett-interview-2013-ab0c9b84,8211,22389,146,2026-07-23T00:47:20.513Z,15,0,,71cbc9234d0e0b569658ea714c113bebc926d57eb08c70ea43b6183869bc8e8a,f4983281cf3aabb81ad018a3b03e1c1df9d289e734d4ed73a25108cb786b1cb8
content/interviews/巴菲特：对话八所商学院学生_2016.md,巴菲特：对话八所商学院学生 2016,content/interviews,source-corpus,buffett,true,true,interview,2016,zh,unknown,,primary-interview-translation-candidate,candidate-primary-review,目标人物访谈候选，但文件未证明自身为完整实录。,buffett-interview-2016-91587f30,4862,12259,112,2026-07-23T00:47:20.474Z,18,0,,10649f209edefd9e11dc76ff3a15766a8d181ea366903e2c1c54195fe083669f,d6d536a82af6aa034035c09b79567fcbab9c9102f093bbe78d4bf63777a51ff5
content/interviews/巴菲特：对话范德比尔特大学学生_2005.md,巴菲特：对话范德比尔特大学学生 2005,content/interviews,source-corpus,buffett,true,false,interview,2005,zh,unknown,,primary-interview-translation-candidate,candidate-primary-review,目标人物访谈候选，但文件未证明自身为完整实录。,buffett-interview-2005-6ba404b6,6520,18361,166,2026-07-23T00:47:20.388Z,0,0,,24e13a4db1bd25e8b25f3f7bf65098ebd192b87eddaad4ef007834e8e053746b,f1e6d1f616cbbfbf05b083b3e6da02847c2aefcac680ad1f3b5525ffac6583b9
content/interviews/巴菲特：对话哥大商学院学生_2009.md,巴菲特：对话哥大商学院学生,content/interviews,source-corpus,buffett,true,false,interview,2009,zh,unknown,,primary-interview-translation-candidate,candidate-primary-review,目标人物访谈候选，但文件未证明自身为完整实录。,buffett-interview-2009-471d4cb8,18778,53911,296,2026-07-23T00:47:20.421Z,30,0,,01fa28c1a5de296d5066532e3858898db909d74730290abb55c4b2f22815643e,bfd2d2a4df85244de29ee8704b8ee4c7ccc2fa90b9910a45f6fb2bc6d16410db
content/interviews/巴菲特：对话堪萨斯大学学生_2005.md,巴菲特：对话堪萨斯大学学生 2005,content/interviews,source-corpus,buffett,true,true,interview,2005,zh,unknown,,primary-interview-translation-candidate,candidate-primary-review,目标人物访谈候选，但文件未证明自身为完整实录。,buffett-interview-2005-96d06047,5709,15508,92,2026-07-23T00:47:20.322Z,14,0,,2dad598d7184dc7808b54f2ddfa1cd1543bd27076767345ee1f2f089ebc78e71,34cd7000fa67101c7bac2da38822c11781eec517c41b8d3e57cef6dbbe55416a
content/interviews/巴菲特：对话六所商学院学生_2009.md,巴菲特：对话六所商学院学生 2009,content/interviews,source-corpus,buffett,true,false,interview,2009,zh,unknown,,primary-interview-translation-candidate,candidate-primary-review,目标人物访谈候选，但文件未证明自身为完整实录。,buffett-interview-2009-308a4762,7986,22118,146,2026-07-23T00:47:20.344Z,19,0,,41f25c59a50e2c49303f438e5b8a6d2a5ecd349f07960eb6b1c41846e4077391,4ea2a3a9ecbbfff20a38c501454e6548d1778a307eb02cbf7aed98aa971ab700
content/interviews/巴菲特：对话内布拉斯加大学学生_2005.md,巴菲特：对话内布拉斯加大学学生 2005,content/interviews,source-corpus,buffett,true,true,interview,2005,zh,unknown,,primary-interview-translation-candidate,candidate-primary-review,目标人物访谈候选，但文件未证明自身为完整实录。,buffett-interview-2005-7c764518,10990,31676,192,2026-07-23T00:47:20.495Z,33,0,,6f569e5cec62a7e954bec1d89ce2b0bbf21819db2bb3106be34cd9bd8c0b828d,10410aa2c3ebfaa29226286c32e60248a4befea120907274cfa37ffda38c401c
content/interviews/巴菲特：对话内大商学院_2001.md,巴菲特：对话内大商学院 2001,content/interviews,source-corpus,buffett,true,true,interview,2001,zh,unknown,,primary-interview-translation-candidate,candidate-primary-review,目标人物访谈候选，但文件未证明自身为完整实录。,buffett-interview-2001-82705af2,4144,11690,94,2026-07-23T00:47:20.417Z,19,0,,6092f08c4fd8d38eabae126bfd11f26cfe31a4fff13683bd1ca3b20e7d5b9bab,c229156f8d733378a9987eac9732de9e4f8160a69f4f65444ab08b264edf3cb1
content/interviews/巴菲特：对话瑞士洛桑国际管理学院_2008.md,巴菲特：对话瑞士洛桑国际管理学院,content/interviews,source-corpus,buffett,true,false,interview,2008,zh,unknown,,primary-interview-translation-candidate,candidate-primary-review,目标人物访谈候选，但文件未证明自身为完整实录。,buffett-interview-2008-8a3507bc,13039,36749,228,2026-07-23T00:47:20.320Z,33,0,,0bf646682a287062b5705aaed3e0c823b626f545e9d332337b3f36fc5c16e825,812f18b8f9e133393d7781261d39818ea9065875f9b4842932efebadc45693b6
content/interviews/巴菲特：对话商学院学生_2008.md,巴菲特：对话商学院学生 2008,content/interviews,source-corpus,buffett,true,true,interview,2008,zh,unknown,,primary-interview-translation-candidate,candidate-primary-review,目标人物访谈候选，但文件未证明自身为完整实录。,buffett-interview-2008-4bce41ea,7462,20604,100,2026-07-23T00:47:20.280Z,12,0,,62219ba6df9187c6392f24dbed98d10c62679f3e5a9096dc367b97c620a4008f,f4f794da6a767ee7f8ced09b5d8889c61e06de88fbae5048965967ff5f33b158
content/interviews/巴菲特：对话田纳西大学学生_2003.md,巴菲特：对话田纳西大学学生 2003,content/interviews,source-corpus,buffett,true,false,interview,2003,zh,unknown,,primary-interview-translation-candidate,candidate-primary-review,目标人物访谈候选，但文件未证明自身为完整实录。,buffett-interview-2003-04e8d155,6996,20076,136,2026-07-23T00:47:20.335Z,11,0,,01cc523ef7e3ece8563a0102561a82854c0cf3b381ba891eb5611a437e95e01f,ed9e960e9aff3fe50796720a3dd6046380570e7a6c18b3f6dc289c8aa44e8d7a
content/interviews/巴菲特：对话沃顿商学院学生_2003.md,巴菲特：对话沃顿商学院学生 2003,content/interviews,source-corpus,buffett,true,true,interview,2003,zh,unknown,,primary-interview-translation-candidate,candidate-primary-review,目标人物访谈候选，但文件未证明自身为完整实录。,buffett-interview-2003-6d5748b7,7366,19575,202,2026-07-23T00:47:20.526Z,0,0,,b2d735ca7cf84b9307dae778b3e69ed2250cf5590eaf62dbea66ca019250e3f5,5b53c0f6f668308d2811efb5dd1e0070293fca66a4d6b862cd8e0381dbdb9464
content/interviews/巴菲特：对话沃顿商学院学生_2004.md,巴菲特：对话沃顿商学院学生 2004,content/interviews,source-corpus,buffett,true,true,interview,2004,zh,unknown,,primary-interview-translation-candidate,candidate-primary-review,目标人物访谈候选，但文件未证明自身为完整实录。,buffett-interview-2004-ca6d5d62,10453,29071,156,2026-07-23T00:47:20.301Z,16,0,,7dcdd58ec52eded18713871e9a02f29e48664111bfa26923717d7928e04ef117,29923523c7489cf51bffdbecf93de352175ef368e40ce728e6e33526a03c5319
content/interviews/巴菲特：对话佐治亚大学学生_2007.md,巴菲特：对话佐治亚大学学生 2007,content/interviews,source-corpus,buffett,true,true,interview,2007,zh,unknown,,primary-interview-translation-candidate,candidate-primary-review,目标人物访谈候选，但文件未证明自身为完整实录。,buffett-interview-2007-d86544f1,17111,46654,192,2026-07-23T00:47:20.315Z,15,0,,2d5cc54110805cc1f05eccafa2fb62cd1766ecb9564295b0e734652aa0f29bb6,2382f26cb4d38ad677db7bef9e3e8f38f541849831c995f7f10428c2a7421a0a
content/interviews/巴菲特：解析经济危机_2008.md,巴菲特：解析经济危机 2008,content/interviews,source-corpus,buffett,true,false,interview,2008,zh,unknown,,primary-interview-translation-candidate,candidate-primary-review,目标人物访谈候选，但文件未证明自身为完整实录。,buffett-interview-2008-c02d19ce,16163,45721,384,2026-07-23T00:47:20.459Z,87,0,,e2f4f5f149d5143d9e34fa9091f44036520164235c7cfff8a7be7e02abb5898b,9129c791fc33d693b65a82b1baed0471aa2d346e2090122cb542d8db8a5b1cb8
content/interviews/巴菲特：金融危机调查委员会专访_2010.md,巴菲特：金融危机调查委员会专访,content/interviews,source-corpus,buffett,true,false,interview,2010,zh,unknown,,primary-interview-translation-candidate,candidate-primary-review,目标人物访谈候选，但文件未证明自身为完整实录。,buffett-interview-2010-bf0bdbb8,56008,158371,724,2026-07-23T00:47:20.529Z,126,0,,c20dd522e905708576c0e3430e1485189ec942f69d3337973c7d602321dd8250,124441ca37a6c08198ed599ac3803d27b4181610a3a8acae480f9e224378cf4b
content/interviews/巴菲特：恐慌是会传染的，我们必须做点什么_2009.md,巴菲特：恐慌是会传染的，我们必须做点什么,content/interviews,source-corpus,buffett,true,false,interview,2009,zh,unknown,,primary-interview-translation-candidate,candidate-primary-review,目标人物访谈候选，但文件未证明自身为完整实录。,buffett-interview-2009-ebbde205,43553,121423,700,2026-07-23T00:47:20.317Z,135,0,,9a5493d4d9f287953e2640dc76bc0b6627a3c5501fdafdefeed09f15e0b7b64a,a67f174a98cd6335568f851a8734b8ecd7f2bc30afb854a84217c8ac31fceaa8
content/interviews/巴菲特：如何教孩子理财_2013.md,巴菲特：如何教孩子理财 2013,content/interviews,source-corpus,buffett,true,false,interview,2013,zh,unknown,,primary-interview-translation-candidate,candidate-primary-review,目标人物访谈候选，但文件未证明自身为完整实录。,buffett-interview-2013-f4e25105,1004,2698,36,2026-07-23T00:47:20.354Z,5,0,,22e281010c747b3112dec8ba6a495e92b814ea8a972f9ee09115adbe2471a213,6ed74941a98a13c27597de9e00b6840e61fecbfab3e445ec9c49b7d4829921c4
content/interviews/巴菲特：谈可口可乐薪酬方案_2014.md,巴菲特：谈可口可乐薪酬方案,content/interviews,source-corpus,buffett,true,false,interview,2014,zh,unknown,,primary-interview-translation-candidate,candidate-primary-review,目标人物访谈候选，但文件未证明自身为完整实录。,buffett-interview-2014-fc4d5a31,3792,10588,88,2026-07-23T00:47:20.326Z,18,0,,c07c556253b4c4ced1524a9ea63d2e49d5f2c592766c91d905ec75869577cdce,580e5975c84c6cecaff9ab00e7d6f8ce758919b72cca5b7ced99bfebb2d7eaf4
content/interviews/巴菲特：跳着踢踏舞去上班_2012.md,巴菲特：跳着踢踏舞去上班 2012,content/interviews,source-corpus,buffett,true,true,interview,2012,zh,unknown,,primary-interview-translation-candidate,candidate-primary-review,目标人物访谈候选，但文件未证明自身为完整实录。,buffett-interview-2012-37d2ca40,24297,66964,666,2026-07-23T00:47:20.306Z,113,0,,edcb7e427eb040218fd8a24e58e7e1459bb7ea5c8bd4993319be37b79eb843b9,ca64e0076a80effd48c0f7c96b9be20b09c61b0720323e52ff763ff9b947024d
content/interviews/巴菲特：我为什么慷慨解囊_2006.md,巴菲特：我为什么慷慨解囊 2006,content/interviews,source-corpus,buffett,true,true,interview,2006,zh,unknown,,primary-interview-translation-candidate,candidate-primary-review,目标人物访谈候选，但文件未证明自身为完整实录。,buffett-interview-2006-fb91678e,15200,41326,254,2026-07-23T00:47:20.428Z,17,0,,b371789971f95821e24e78c67c4d155cb3da01127a2676ea934b89e2cfeb1cfc,e870641180bdedc0122938d8f8686ada3296765dfbd1d24bf87b6c7c741a9c0f
content/interviews/巴菲特：追忆唐基奥_2015.md,巴菲特：追忆唐基奥 2015,content/interviews,source-corpus,buffett,true,false,interview,2015,zh,unknown,,primary-interview-translation-candidate,candidate-primary-review,目标人物访谈候选，但文件未证明自身为完整实录。,buffett-interview-2015-41ed87e1,9624,26306,200,2026-07-23T00:47:20.412Z,17,0,,e84c509ec9f5aaae30109d8457bc333281fe1a6acdf8b6e572cad74d303d46f0,b6a5b5b8aadd5e228135e4a74d100281cb8db709e3786dac04563920af9f708c
content/interviews/巴菲特：CNBC_专访_2009.md,巴菲特：CNBC 专访 2009,content/interviews,source-corpus,buffett,true,false,interview,2009,zh,unknown,,primary-interview-translation-candidate,candidate-primary-review,目标人物访谈候选，但文件未证明自身为完整实录。,buffett-interview-2009-b98d1677,6178,16998,174,2026-07-23T00:47:20.310Z,38,0,,ee4eb33b4671bfd023cd21acb4bfe4652ed9391e69e254bb2af2d5dd7e12ac25,ad8a422dc93992865042b9d23516cb36d0476aa5a7bb9ddbc2c07545bdc98b40
content/interviews/巴菲特：CNBC_专访_2010.md,巴菲特：CNBC 专访 2010,content/interviews,source-corpus,buffett,true,true,interview,2010,zh,unknown,,primary-interview-translation-candidate,candidate-primary-review,目标人物访谈候选，但文件未证明自身为完整实录。,buffett-interview-2010-ae5825ae,3539,9912,64,2026-07-23T00:47:20.377Z,13,0,,f541b71d4aa1fa01cdb139252e13a54334d1a2341a33bb578d246a758be23736,5e6afe3ec3eb22b345da9879418a7ffebd44b86251f247307ca79697be3ad6e2
content/interviews/巴菲特：CNBC_专访_2011.md,巴菲特：CNBC 专访 2011,content/interviews,source-corpus,buffett,true,false,interview,2011,zh,unknown,,primary-interview-translation-candidate,candidate-primary-review,目标人物访谈候选，但文件未证明自身为完整实录。,buffett-interview-2011-45b24dd1,7360,21213,110,2026-07-23T00:47:20.396Z,11,0,,53f3aad083239ef816c51ec88c2ad6b3cb325a8c4bbe9e69aaee23dfc758e69d,d814645074d8353d2c2ecdb83c2531a015ac135ff134b33ef251788401764781
content/interviews/巴菲特：CNBC_专访_2014.md,巴菲特：CNBC 专访 2014,content/interviews,source-corpus,buffett,true,true,interview,2014,zh,unknown,,primary-interview-translation-candidate,candidate-primary-review,目标人物访谈候选，但文件未证明自身为完整实录。,buffett-interview-2014-19ab421a,27280,74946,662,2026-07-23T00:47:20.352Z,103,56,,66bf3ecfe1137cc41fbc441b89e58d93c0657845a0825317344fb46e135aecee,f4b24dad5c6da0e05f774c257776218ac5640a2484053a6c4c0d574d9c9a013e
content/interviews/巴菲特慈善捐赠专访_2006.md,巴菲特慈善捐赠专访 2006,content/interviews,source-corpus,buffett,true,true,interview,2006,zh,unknown,,primary-interview-translation-candidate,candidate-primary-review,目标人物访谈候选，但文件未证明自身为完整实录。,buffett-interview-2006-bcc819c1,61488,173451,1916,2026-07-23T00:47:20.330Z,368,5,,fb70202d9df7aec6340bd601eb70c520ce24ec12aa0c8c70ad3183c95d68a4a8,8d06e9f11a08d2a67b53b38c9fb9515462b5bdce9234ea46e3c765a6e460a269
content/letters/berkshire_1965-巴菲特致股东信.md,1965 年巴菲特致伯克希尔股东信,content/letters,source-corpus,buffett,true,false,shareholder-letter,1965,zh,full-candidate,,corporate-letter-attribution-review,candidate-primary-review,1965—1969 年公司信存在他人署名或仅标注“巴菲特执笔”的情况，需核验正式署名和原始年报底本。,buffett-shareholder-letter-1965,1152,2685,32,2026-07-23T02:01:41.689Z,0,0,,2ea5ac1b083fb313a3948a6f061179f4d42dcf9cea56c983a0ee21f33c70165e,7752a534d13591845271068aa8d95530b17308ba6a2e475ecc7c626c17792366
content/letters/berkshire_1966-巴菲特致股东信.md,1966 年巴菲特致伯克希尔股东信,content/letters,source-corpus,buffett,true,false,shareholder-letter,1966,zh,full-candidate,,corporate-letter-attribution-review,candidate-primary-review,1965—1969 年公司信存在他人署名或仅标注“巴菲特执笔”的情况，需核验正式署名和原始年报底本。,buffett-shareholder-letter-1966,3085,7905,102,2026-07-23T02:01:41.689Z,0,0,,4d0e4baa4ce0124ae22987980d2f73b557a67010a53a29fce35d420b223b0819,58f31db78b009c1f655e880505797be31b647ce9ec0fc6e4e3d7fed844d3c28c
content/letters/berkshire_1967-巴菲特致股东信.md,1967 年巴菲特致伯克希尔股东信,content/letters,source-corpus,buffett,true,false,shareholder-letter,1967,zh,full-candidate,,corporate-letter-attribution-review,candidate-primary-review,1965—1969 年公司信存在他人署名或仅标注“巴菲特执笔”的情况，需核验正式署名和原始年报底本。,buffett-shareholder-letter-1967,2347,6212,62,2026-07-23T02:01:41.690Z,0,0,,9d267a697a25073731de2e9387949f8e89a2f86ec22ee4f7b6825543efd92f1e,df41d5e9e94eeec1dac605dcd77f66dd485a6c822be8c074a310c331ae135ca2
content/letters/berkshire_1968-巴菲特致股东信.md,1968 年巴菲特致伯克希尔股东信,content/letters,source-corpus,buffett,true,false,shareholder-letter,1968,zh,full-candidate,,corporate-letter-attribution-review,candidate-primary-review,1965—1969 年公司信存在他人署名或仅标注“巴菲特执笔”的情况，需核验正式署名和原始年报底本。,buffett-shareholder-letter-1968,1333,3389,28,2026-07-23T02:01:41.690Z,0,0,,23eb23c11e8d4ec743f85d3c1cce1064e037f6deb324dc377e151ea33835012a,f5c0f9da71486dd143e764f86dbdcee949f6d201ae856b9aa303eec604d1883c
content/letters/berkshire_1969-巴菲特致股东信.md,1969 年巴菲特致伯克希尔股东信,content/letters,source-corpus,buffett,true,false,shareholder-letter,1969,zh,full-candidate,,corporate-letter-attribution-review,candidate-primary-review,1965—1969 年公司信存在他人署名或仅标注“巴菲特执笔”的情况，需核验正式署名和原始年报底本。,buffett-shareholder-letter-1969,1641,4339,48,2026-07-23T02:01:41.691Z,0,0,,0a3626d99420bc9ce57a4fc05c5a3136659c8babc3d5387c7dec2c44055cab3c,4ee56f77bf8d4e20a58f5c58dda36179b74af3b4bddd14306c25b0f411be21ec
content/munger-archive/recordings/2018-08 红周刊专访查理芒格.md,投资者如何做到耐心,content/munger-archive,source-corpus,munger,true,true,munger-speech-or-interview,2018,zh,full-candidate,source-verification-pending,primary-transcript-translation-candidate,candidate-primary-review,芒格讲话、访谈或会议记录候选，需核验来源、说话者边界和完整度。,,12065,33257,504,2026-08-07T14:43:21.330Z,0,30,https://www.yuque.com/cooo/hg40yk/gyw9ou,16dbacbf4b802972d761269fc1a585ce421ececa36c1067226026715fe9e1b4c,eefe09aa52cb83c3e83fec57e630cbd5faf6117cb67ad143e3927fd8cf847743
content/munger-archive/recordings/acquired-charlie-munger-2023.md,查理·芒格做客 Acquired 播客（2023）,content/munger-archive,source-corpus,munger,true,true,munger-speech-or-interview,2023,zh,unknown,,primary-transcript-translation-candidate,candidate-primary-review,芒格讲话、访谈或会议记录候选，需核验来源、说话者边界和完整度。,,2981,6082,97,2026-07-31T03:48:48.520Z,0,0,https://mungerarchive.com/zh/recordings/acquired-charlie-munger-2023/,a9898bbe7ed7a0d9dfdb0227a0be53524133a3025b68a499dedd6ce63ae787d8,86d16780c939873ed86f57dc2b0e91a0edea1da01b811458b7a66b7338dadb84
content/munger-archive/recordings/bbc-boom-and-bust-2009.md,查理·芒格论繁荣与萧条（BBC，2009）,content/munger-archive,source-corpus,munger,false,true,munger-speech-or-interview,2009,zh,unknown,,primary-transcript-translation-candidate,candidate-primary-review,芒格讲话、访谈或会议记录候选，需核验来源、说话者边界和完整度。,,964,1539,27,2026-07-31T03:58:09.442Z,0,0,https://mungerarchive.com/zh/recordings/bbc-boom-and-bust-2009/,1d40331f88c9e15fb924e9cf00afc08ee210364e4fa087cd37f98eef952bef1d,12e426c74fb4a857d3a07f0dc8fcfee4aabd8274111ff8c92edb1ea75829b950
content/munger-archive/recordings/berkshire-2023-annual-meeting.md,伯克希尔-哈撒韦2023年年度股东大会——巴菲特与芒格最后一次同台,content/munger-archive,source-corpus,munger,true,true,berkshire-meeting-record,2023,zh,unknown,,primary-transcript-translation-candidate,candidate-primary-review,芒格讲话、访谈或会议记录候选，需核验来源、说话者边界和完整度。,berkshire-meeting-2023,984,1490,25,2026-07-31T03:58:09.442Z,0,0,https://mungerarchive.com/zh/recordings/berkshire-2023-annual-meeting/,6c21e6773b6a64ea042d7cacaca2817aea41d1d3c1e6403a863c90f510f74e69,a04671db6ee95c16e85d1377c4314a7a1db780b8661dfe832e3ed0b5ad8f94ff
content/munger-archive/recordings/caltech-2008.md,加州理工学院杜布里奇杰出讲座(2008),content/munger-archive,source-corpus,munger,false,true,munger-speech-or-interview,2008,zh,unknown,,primary-transcript-translation-candidate,candidate-primary-review,芒格讲话、访谈或会议记录候选，需核验来源、说话者边界和完整度。,,1159,2039,29,2026-07-31T03:58:09.443Z,0,0,https://mungerarchive.com/zh/recordings/caltech-2008/,9ac37ac7785528036690cf25b8f0d739852dfede49470d7a4af781083ec0a04f,8e44bd403d7deae3de04ab5501f07f95933078b98675f884907c2548052bba78
content/munger-archive/recordings/caltech-2020.md,与查理·芒格的一席谈——加州理工学院杰出校友(2020),content/munger-archive,source-corpus,munger,true,true,munger-speech-or-interview,2020,zh,unknown,,primary-transcript-translation-candidate,candidate-primary-review,芒格讲话、访谈或会议记录候选，需核验来源、说话者边界和完整度。,,1207,2168,29,2026-07-31T03:58:09.443Z,0,0,https://mungerarchive.com/zh/recordings/caltech-2020/,b1b27f249431d4f4925b926a59f6f4b37078f36b2011a5d83d791d62aedaabff,822349b653fa4d08c19043a3e7155d06c02cc07821dbee355fdb6fbe75db716b
content/munger-archive/recordings/cnbc-2019.md,"查理·芒格谈投资(CNBC,2019)",content/munger-archive,source-corpus,munger,true,true,munger-speech-or-interview,2019,zh,unknown,,primary-transcript-translation-candidate,candidate-primary-review,芒格讲话、访谈或会议记录候选，需核验来源、说话者边界和完整度。,,1006,1825,29,2026-07-31T03:58:09.443Z,0,0,https://mungerarchive.com/zh/recordings/cnbc-2019/,d467573921c1934f91920e170e7ebe8b7aa9525b50ea64e19ac24d06b72d3731,d65d80803e57701180db8f4b2d15200980f4284803533af1a67a2231aa3c232a
content/munger-archive/recordings/cnbc-final-interview-2023.md,查理·芒格的最后一次CNBC访谈（2023）,content/munger-archive,source-corpus,munger,true,true,munger-speech-or-interview,2023,zh,unknown,,primary-transcript-translation-candidate,candidate-primary-review,芒格讲话、访谈或会议记录候选，需核验来源、说话者边界和完整度。,,3057,5901,91,2026-07-31T03:48:48.522Z,0,0,https://mungerarchive.com/zh/recordings/cnbc-final-interview-2023/,5524c10b48cd1cd9651e84e8716dba8757ce45634909ece6b7e982eaaef61608,540ce3eea37216bb5a0121fe6dbe4ad32cc9a8cc3d22aa21ddf568aa16cdaf58
content/munger-archive/recordings/daily-journal-2014.md,每日期刊2014年年会,content/munger-archive,source-corpus,munger,false,true,daily-journal-meeting-record,2014,zh,unknown,,primary-transcript-translation-candidate,candidate-primary-review,芒格讲话、访谈或会议记录候选，需核验来源、说话者边界和完整度。,,24669,69859,440,2026-08-02T13:01:01.053Z,0,0,https://mungerarchive.com/zh/recordings/daily-journal-2014/,1d4777443a9c350d4af26f71f45cf35b6edf3936c4ea3d0e7c6de949bd9d949a,7041b854dbb03521f04ebf5e5b28918e2eb86c7dc60784aaa535eeac7db30c4b
content/munger-archive/recordings/daily-journal-2015.md,每日期刊2015年年会,content/munger-archive,source-corpus,munger,true,true,daily-journal-meeting-record,2015,zh,unknown,,primary-transcript-translation-candidate,candidate-primary-review,芒格讲话、访谈或会议记录候选，需核验来源、说话者边界和完整度。,,25964,73434,650,2026-08-02T13:01:01.056Z,0,0,https://mungerarchive.com/zh/recordings/daily-journal-2015/,056d8b5f4448104f00e2b71c8ca74afe22c117a61f5bebe05b4183677018a2f6,792315e3dc836f2ec9f081c87489aa0d3b2d1a60610d8f2b00e238ddc9955c9e
content/munger-archive/recordings/daily-journal-2016.md,每日期刊2016年年会,content/munger-archive,source-corpus,munger,true,true,daily-journal-meeting-record,2016,zh,unknown,,primary-transcript-translation-candidate,candidate-primary-review,芒格讲话、访谈或会议记录候选，需核验来源、说话者边界和完整度。,,19657,55109,396,2026-08-02T13:01:01.058Z,0,0,https://mungerarchive.com/zh/recordings/daily-journal-2016/,644bf8a9bdc9a522ee40ddd8e529d153d3b46dba811314896185784c85a2f152,2fd9f5023737b3826ace7e0aa2383758f5e073c9d91f347e99570544adb43329
content/munger-archive/recordings/daily-journal-2017-fireside.md,2017 年每日期刊大会后的炉边谈话,content/munger-archive,source-corpus,munger,false,true,daily-journal-meeting-record,2017,zh,unknown,,primary-transcript-translation-candidate,candidate-primary-review,芒格讲话、访谈或会议记录候选，需核验来源、说话者边界和完整度。,,1453,2468,33,2026-07-31T03:58:09.443Z,0,0,https://mungerarchive.com/zh/recordings/daily-journal-2017-fireside/,e7c50c00853d09f93f9a1265f60a3228a936c6df35b1a92a96c0be2e305cb5e7,563e6b9de3e9693f019b04fe119728efabf800bca12d783e87e9be6c0c158f4a
content/munger-archive/recordings/daily-journal-2017.md,每日期刊 2017 年股东大会,content/munger-archive,source-corpus,munger,false,true,daily-journal-meeting-record,2017,zh,unknown,,primary-transcript-translation-candidate,candidate-primary-review,芒格讲话、访谈或会议记录候选，需核验来源、说话者边界和完整度。,,27257,77724,440,2026-08-02T13:01:01.059Z,0,0,https://mungerarchive.com/zh/recordings/daily-journal-2017/,d0ca5b9da2f06153b5c5ac730517a1bd4bfc2dc923ff9c6a9930c6bb62f1ff14,03c07327d5242502306d862c2ebc95ad19a65e79fe844635c94df573c23ec83f
content/munger-archive/recordings/daily-journal-2018.md,每日期刊 2018 年股东大会,content/munger-archive,source-corpus,munger,true,true,daily-journal-meeting-record,2018,zh,unknown,,primary-transcript-translation-candidate,candidate-primary-review,芒格讲话、访谈或会议记录候选，需核验来源、说话者边界和完整度。,,24005,67543,350,2026-08-02T13:01:01.060Z,0,0,https://mungerarchive.com/zh/recordings/daily-journal-2018/,5ef71de0cc9ea6d6bd0d1d3d4d9053afc9234d668c5feab5bedc9610fae78c4d,e0bac4bf460c12624db284ff0c28441f29d5faa1d67d2cb8f0f89f3dae2a1514
content/munger-archive/recordings/daily-journal-2019.md,2019年每日期刊年度股东会,content/munger-archive,source-corpus,munger,true,true,daily-journal-meeting-record,2019,zh,unknown,,primary-transcript-translation-candidate,candidate-primary-review,芒格讲话、访谈或会议记录候选，需核验来源、说话者边界和完整度。,,26986,76770,436,2026-08-02T13:01:01.061Z,0,0,https://mungerarchive.com/zh/recordings/daily-journal-2019/,cc5a4d361507ae39a7ac3104faebe711707778b1c03f25959b3fd4388c9f05f1,3eb2e395a9d5dcafd78d848ada7477f0f7233bd8c9bf704efe333819849d7242
content/munger-archive/recordings/daily-journal-2020.md,2020年每日期刊年度股东会,content/munger-archive,source-corpus,munger,false,true,daily-journal-meeting-record,2020,zh,unknown,,primary-transcript-translation-candidate,candidate-primary-review,芒格讲话、访谈或会议记录候选，需核验来源、说话者边界和完整度。,,25858,73005,700,2026-08-02T13:01:01.062Z,0,0,https://mungerarchive.com/zh/recordings/daily-journal-2020/,28334e0985a0feea8fd32de2c9a473f5a059ffab8db28f588e8fb909b99a184d,a69f19c453720b1f5b70eb0ae7ecf7dd25a673f56164ee2a0d1ccf81407376e3
content/munger-archive/recordings/daily-journal-2021.md,2021年每日期刊年度股东会,content/munger-archive,source-corpus,munger,true,true,daily-journal-meeting-record,2021,zh,unknown,,primary-transcript-translation-candidate,candidate-primary-review,芒格讲话、访谈或会议记录候选，需核验来源、说话者边界和完整度。,,23443,66050,480,2026-08-02T13:01:01.063Z,0,0,https://mungerarchive.com/zh/recordings/daily-journal-2021/,af0ad1b1d03e19246d48f290f6bfefd0b854ab2f7c808b4066e48cefe6627c4f,cffd57323638195dc9f079931194848d9cea624102cd5c47373594a05f9510ce
content/munger-archive/recordings/daily-journal-2022.md,每日期刊2022年年会,content/munger-archive,source-corpus,munger,true,true,daily-journal-meeting-record,2022,zh,unknown,,primary-transcript-translation-candidate,candidate-primary-review,芒格讲话、访谈或会议记录候选，需核验来源、说话者边界和完整度。,,46641,107880,2106,2026-08-02T13:01:01.065Z,0,0,https://mungerarchive.com/zh/recordings/daily-journal-2022/,74a41fbef7e6936a19068fdac1fe12f99773fff8b6717ca1b008384f2012c287,8690faca43f080bced51497b59e96dfbe106084ccd6be41d50ac82c746c29be4
content/munger-archive/recordings/daily-journal-2023.md,每日期刊2023年年会,content/munger-archive,source-corpus,munger,false,true,daily-journal-meeting-record,2023,zh,unknown,,primary-transcript-translation-candidate,candidate-primary-review,芒格讲话、访谈或会议记录候选，需核验来源、说话者边界和完整度。,,1017,1838,31,2026-07-31T03:58:09.445Z,0,0,https://mungerarchive.com/zh/recordings/daily-journal-2023/,970e2635f9273e4c59a8ed35e462696cde560127243f6dd0115376516e06f6d7,7d3dd01a6ee69abc2f25544853625a319ae88a587859bda772ba533afcfd50c1
content/munger-archive/recordings/harvard-1986-misery.md,"如何确保一生悲惨(哈佛中学,1986)",content/munger-archive,source-corpus,munger,true,true,munger-speech-or-interview,1986,zh,unknown,,primary-transcript-translation-candidate,candidate-primary-review,芒格讲话、访谈或会议记录候选，需核验来源、说话者边界和完整度。,,3115,6284,85,2026-07-31T09:06:30.606Z,0,0,https://mungerarchive.com/zh/recordings/harvard-1986-misery/,e23ab4a5345e976e2d710d54e4532e1264f12810eac73e4221571041fe7ff1ae,f3b04caa28f3dc0dd26184e9fc9f28fb3efb07ed43d8536690061134a81d1036
content/munger-archive/recordings/invest-like-the-best-2023.md,查理·芒格与约翰·科里森（《最好的投资》，2023）,content/munger-archive,source-corpus,munger,false,true,munger-speech-or-interview,2023,zh,unknown,,primary-transcript-translation-candidate,candidate-primary-review,芒格讲话、访谈或会议记录候选，需核验来源、说话者边界和完整度。,,1666,3061,41,2026-07-31T03:48:38.553Z,0,0,https://mungerarchive.com/zh/recordings/invest-like-the-best-2023/,9f405f279af5753361d3cacc71f33501b6640c434d87eba9de86759ff861f551,5b8cdabfc258009fd782da2d6e9af09e574bc46fca22e05bf5ba43ddd022fe1d
content/munger-archive/recordings/michigan-2011.md,与查理·芒格的对话（密歇根大学，2011年）,content/munger-archive,source-corpus,munger,true,true,munger-speech-or-interview,2011,zh,unknown,,primary-transcript-translation-candidate,candidate-primary-review,芒格讲话、访谈或会议记录候选，需核验来源、说话者边界和完整度。,,1092,1905,29,2026-07-31T03:58:09.445Z,0,0,https://mungerarchive.com/zh/recordings/michigan-2011/,888002878b9bb833293368ffb1e8d7f424e64f7fbebac1dbe196bed4a1f2b640,d350a577ed53a526b4848df5026c8d533683f01dc067af426b45dc59efee6124
content/munger-archive/recordings/michigan-ross-2017.md,与查理·芒格的对话（密歇根罗斯商学院，2017年）,content/munger-archive,source-corpus,munger,false,true,munger-speech-or-interview,2017,zh,unknown,,primary-transcript-translation-candidate,candidate-primary-review,芒格讲话、访谈或会议记录候选，需核验来源、说话者边界和完整度。,,1190,2165,29,2026-07-31T03:58:09.445Z,0,0,https://mungerarchive.com/zh/recordings/michigan-ross-2017/,afea0782a3bb64b6a3d9d21f31700645c487c409be582b97eb41343be9a4ee10,db47d7165aefd381a5fbbc4d634fb3be59841cc3152975f471673ecd7b517c96
content/munger-archive/recordings/munger-li-lu-2018.md,查理·芒格与李录谈中国（2018年）,content/munger-archive,source-corpus,munger,true,true,munger-speech-or-interview,2018,zh,unknown,,primary-transcript-translation-candidate,candidate-primary-review,芒格讲话、访谈或会议记录候选，需核验来源、说话者边界和完整度。,,1182,2078,29,2026-07-31T03:58:09.445Z,0,0,https://mungerarchive.com/zh/recordings/munger-li-lu-2018/,125b10b18cd75484eacb7edecb0020342811419963190d9f0e106109039de8b1,7480a549fc844ac71819d2a8249d3dee982fd678e41ac946be50daee29c1aed2
content/munger-archive/recordings/power-of-partnership-2016.md,与沃伦·巴菲特合伙的力量(2016),content/munger-archive,source-corpus,munger,true,true,munger-speech-or-interview,2016,zh,unknown,,primary-transcript-translation-candidate,candidate-primary-review,芒格讲话、访谈或会议记录候选，需核验来源、说话者边界和完整度。,,1004,1877,29,2026-07-31T03:58:09.445Z,0,0,https://mungerarchive.com/zh/recordings/power-of-partnership-2016/,04877dbc67848e38029b8327fa75174b104a9758d2ce6b5cbe5975f4e653ff93,1e87af562784ce3b854febadfb27917372308c6f916f9b41ab54273e33345636
content/munger-archive/recordings/psychology-of-human-misjudgment-1995.md,人类误判心理学,content/munger-archive,source-corpus,munger,false,true,munger-speech-or-interview,1995,zh,unknown,,primary-transcript-translation-candidate,candidate-primary-review,芒格讲话、访谈或会议记录候选，需核验来源、说话者边界和完整度。,,1945,3108,45,2026-07-31T03:48:38.555Z,0,0,https://mungerarchive.com/zh/recordings/psychology-of-human-misjudgment-1995/,a0735b1337d0fb522ed80c8e6d9f007199f4601d25f53514890de95285f61436,8c6d7e0ce30ba5e37c679912cfcdefcdee4a6ed738383ca1d055a90c26fbf7f5
content/munger-archive/recordings/singleton-prize-2022.md,论领导力与资本配置，与托德·库姆斯对谈（2022）,content/munger-archive,source-corpus,munger,true,true,munger-speech-or-interview,2022,zh,unknown,,primary-transcript-translation-candidate,candidate-primary-review,芒格讲话、访谈或会议记录候选，需核验来源、说话者边界和完整度。,,1186,2211,29,2026-07-31T03:58:09.445Z,0,0,https://mungerarchive.com/zh/recordings/singleton-prize-2022/,9791a3986c287f229d55e599d00876dbc13593903c4004d80cf14d50a841ae85,edd8f718cab9ac1bd0afc94c19b6fee385ca85ae2af83412a943ba6ef2d475c5
content/munger-archive/recordings/stanford-1996-worldly-wisdom.md,普世智慧再探（斯坦福法学院，1996）,content/munger-archive,source-corpus,munger,false,true,munger-speech-or-interview,1996,zh,unknown,,primary-transcript-translation-candidate,candidate-primary-review,芒格讲话、访谈或会议记录候选，需核验来源、说话者边界和完整度。,,2696,4927,65,2026-07-31T09:06:30.606Z,0,0,https://mungerarchive.com/zh/recordings/stanford-1996-worldly-wisdom/,5d31d098f91effe1353cb63743f71f3062e368c9911432ab04ecf0d06dacb96f,2595c17dc5e2ae260d8e9a9dbd65890f18b0ee6be5e2852817815780d74d2899
content/munger-archive/recordings/stanford-grundfest-2009.md,"当前的经济危机——芒格与约瑟夫·格伦德费斯特对谈(斯坦福,2009)",content/munger-archive,source-corpus,munger,false,true,munger-speech-or-interview,2009,zh,unknown,,primary-transcript-translation-candidate,candidate-primary-review,芒格讲话、访谈或会议记录候选，需核验来源、说话者边界和完整度。,,960,1485,25,2026-07-31T03:58:09.446Z,0,0,https://mungerarchive.com/zh/recordings/stanford-grundfest-2009/,c4023b0db77060a348455a8d6c11e74b4bee034ec09a5a5771747f4e8072ca86,399e0da4f27abc1eabdd5437494df40f9882d67ae8ee266eb26ea75fe1b6c7f4
content/munger-archive/recordings/ucsb-2003-academic-economics.md,"学院派经济学:长处与缺陷(加州大学圣巴巴拉分校,2003)",content/munger-archive,source-corpus,munger,false,true,munger-speech-or-interview,2003,zh,unknown,,primary-transcript-translation-candidate,candidate-primary-review,芒格讲话、访谈或会议记录候选，需核验来源、说话者边界和完整度。,,2746,4905,69,2026-07-31T09:06:30.617Z,0,0,https://mungerarchive.com/zh/recordings/ucsb-2003-academic-economics/,494b80f6b661f6cba75dc9062ce38dbad69409ee35141e4337274b60b502ce97,882879359ea79607f7d8c8cd0f508e2477cc1e2744ce9dabfea263736d4132dc
content/munger-archive/recordings/usc-1994-worldly-wisdom.md,"关于基本的世俗智慧的一课(南加州大学,1994)",content/munger-archive,source-corpus,munger,true,true,munger-speech-or-interview,1994,zh,unknown,,primary-transcript-translation-candidate,candidate-primary-review,芒格讲话、访谈或会议记录候选，需核验来源、说话者边界和完整度。,,2387,4218,53,2026-07-31T09:06:30.606Z,0,0,https://mungerarchive.com/zh/recordings/usc-1994-worldly-wisdom/,5ea1661dd57923651a77e98c6480062fde945a67affbb75211388577b307000d,64a20094b03ea8499c4d26cbaf59db73b793d5589bb80eb268f7ed859a383769
content/munger-archive/recordings/usc-law-2007.md,南加州大学法学院毕业典礼演讲（2007）,content/munger-archive,source-corpus,munger,false,true,munger-speech-or-interview,2007,zh,unknown,,primary-transcript-translation-candidate,candidate-primary-review,芒格讲话、访谈或会议记录候选，需核验来源、说话者边界和完整度。,,1328,2402,29,2026-07-31T09:06:30.617Z,0,0,https://mungerarchive.com/zh/recordings/usc-law-2007/,9214c883c552a0fa0d0121900cf142652b528f0b206c87fe11f119701152b1cb,1546a8bf543dcf5a28bf2d9b94b636005d097513e3e151cfa68fc203de67f254
content/munger-archive/recordings/wsj-unplugged-2019.md,查理·芒格，畅所欲言（《华尔街日报》/ 杰森·茨威格，2019）,content/munger-archive,source-corpus,munger,false,true,munger-speech-or-interview,2019,zh,unknown,,primary-transcript-translation-candidate,candidate-primary-review,芒格讲话、访谈或会议记录候选，需核验来源、说话者边界和完整度。,,2430,4411,59,2026-07-31T03:48:38.558Z,0,0,https://mungerarchive.com/zh/recordings/wsj-unplugged-2019/,45ce5f9450f37fd8dc3113c642d7b10080498289ef2980320fbbae7e65e3de3e,76a95d8c1ae939fbe6ff63767e9b26ca53df7ba87bcf03833305bf145eaa9452
content/munger-archive/recordings/yahoo-2019-china.md,查理·芒格谈中国崛起与埃隆·马斯克（雅虎财经，2019）,content/munger-archive,source-corpus,munger,false,true,munger-speech-or-interview,2019,zh,unknown,,primary-transcript-translation-candidate,candidate-primary-review,芒格讲话、访谈或会议记录候选，需核验来源、说话者边界和完整度。,,1073,1998,29,2026-07-31T03:58:09.447Z,0,0,https://mungerarchive.com/zh/recordings/yahoo-2019-china/,a2c962480ac56a2dccfaceb242871f73d2d419d1eb7b1ceb26b74c326e6fc8f7,72bc1244bb9441df02b19fc6b1ba5d23af1c4fd125e7fe4a7c12b38cda1e2d8e
content/munger-archive/recordings/yahoo-2019-wealth.md,查理·芒格谈投资与成就财富的人生抉择（2019）,content/munger-archive,source-corpus,munger,false,true,munger-speech-or-interview,2019,zh,unknown,,primary-transcript-translation-candidate,candidate-primary-review,芒格讲话、访谈或会议记录候选，需核验来源、说话者边界和完整度。,,1063,1922,29,2026-07-31T03:58:09.447Z,0,0,https://mungerarchive.com/zh/recordings/yahoo-2019-wealth/,ee1f095f68501a37c6584a69883f83e39982d83c2c4928057a6499d0d3ce3b39,b56d628b2be4b67e6915362a8ab10a2622a8329ce05e3e11f9f2d3874be5cb52
content/partnership/partnership_1956-有限合伙协议.md,1956 年有限合伙协议,content/partnership,source-corpus,buffett,true,false,partnership-agreement,1956,zh,unknown,,partnership-legal-document-attribution-review,candidate-primary-review,这是合伙法律文件，不是巴菲特个人书信；需核验签署页、完整条款和是否适合作为附录。,buffett-partnership-agreement-1956,2140,4410,132,2026-07-24T04:45:46.806Z,0,0,,15deebcaff135f7f9b8521b4cbb13024bc17a64bbba831afc7e708f212834322,d30bccbfe1bb5b22e08d2b87cc33f09271aa89ec7150fd36f3230601293377b7
content/poor-charlies-almanack/11-psychology.md,人类误判心理学,content/poor-charlies-almanack,source-corpus,munger,false,true,book-derived-section,2005,zh,unknown,,primary-transcript-translation-candidate,candidate-primary-review,内容主体可能是芒格演讲，但需与独立演讲底本和英文源比对。,,2407,4733,62,2026-07-28T13:35:27.117Z,0,0,,5efbf25485b09f1e086b8900f70b74d4db9380e2ec370864661a74a07facd615,1a1fcaa83478e2e0a7d65ff3d8244d45a15cf4865e2473f53576c76d6e15e335
content/qa/伯克希尔股东大会实录_2024.md,伯克希尔股东大会实录 2024,content/qa,source-corpus,both,true,true,berkshire-annual-meeting-qa,2024,zh,full-candidate,munger-speech-after-2023-check-historical-or-misdated,chronology-conflict-or-mixed-historical-material,candidate-primary-review,文件年份晚于芒格逝世时间却含有芒格答问，可能混入历史影像或历年问答，必须拆分并核对真实场次。,berkshire-meeting-2024,76386,208082,1102,2026-07-26T14:38:15.168Z,74,19,,f29bff28a03f922b6ba2e960319ce76dc92bc70904aa57ec13612379837c2c46,9f9ecc55d9c13bedd76117e4859d8d92d50d55f448b7f52a5ae6e9f0cc7d44dd
content/qa/伯克希尔股东大会实录_2025.md,伯克希尔股东大会实录 2025,content/qa,source-corpus,both,true,true,berkshire-annual-meeting-qa,2025,zh,full-candidate,munger-speech-after-2023-check-historical-or-misdated,chronology-conflict-or-mixed-historical-material,candidate-primary-review,文件年份晚于芒格逝世时间却含有芒格答问，可能混入历史影像或历年问答，必须拆分并核对真实场次。,berkshire-meeting-2025,53742,147874,3580,2026-07-26T14:38:15.171Z,88,60,,cd43fe9e2ac21b29548893aa9b7c089b9009f2ddd66199494a8e3714261df870,697c4fbb2c09f38292db0e6119c0d2e5ccbf724c6a637a0afa568fedeb513263
content/talks/1999.12 巴菲特在太阳谷的演讲.md,1999.12 巴菲特在太阳谷的演讲,content/talks,source-corpus,buffett,true,false,speech-or-talk,1999,zh,unknown,source-verification-pending,primary-transcript-translation-candidate,candidate-primary-review,目标人物演讲或谈话候选，但文件未证明自身为全文。,buffett-speech-or-talk-1999-94633891,3994,10426,156,2026-08-07T14:43:21.302Z,0,0,https://www.yuque.com/cooo/hg40yk/fs8fgw,c28a3b760195ab3d963c2d86bb8bbd37896e443625d9138e17ee1f10e8972f51,26bfaf48ce4b6a08abaaed5011927b2d64ca03479155b10f253091e28355ccd0
content/talks/2013.11 巴菲特在马里兰大学的演讲.md,2013.11 巴菲特在马里兰大学的演讲,content/talks,source-corpus,buffett,true,false,speech-or-talk,2013,zh,unknown,source-verification-pending,primary-transcript-translation-candidate,candidate-primary-review,目标人物演讲或谈话候选，但文件未证明自身为全文。,buffett-speech-or-talk-2013-26cc2f1f,8229,22178,255,2026-08-07T14:43:21.300Z,14,0,https://www.yuque.com/cooo/hg40yk/szcv4s,934eaaa5f81d93589b3465562100f0c83d582b0a2b20f6c8aeccbcf1f437d66c,42a874debc28032422704b05e07140c1ee7720a97f810c0fc22d26736e844c98
content/talks/2018.02 北京大学光华管理学院.md,2018.02 北京大学光华管理学院,content/talks,source-corpus,buffett,true,true,speech-or-talk,2018,zh,unknown,source-verification-pending,primary-transcript-translation-candidate,candidate-primary-review,目标人物演讲或谈话候选，但文件未证明自身为全文。,buffett-speech-or-talk-2018-ee33015d,7135,18993,256,2026-08-07T14:43:21.301Z,12,0,https://www.yuque.com/cooo/hg40yk/sggb33,7c156f4ebfe007669e5082e3681a6ef52028ebced33e3e79ffbf41caf6310fab,bbf56660e6dc5bb0fae7ddb18e9ec6668b35d0d5b6be71079652893e514006f3
content/talks/巴菲特：佛罗里达大学演讲_1998.md,巴菲特：佛罗里达大学演讲 1998,content/talks,source-corpus,buffett,true,false,speech-or-talk,1998,zh,unknown,,primary-transcript-translation-candidate,candidate-primary-review,目标人物演讲或谈话候选，但文件未证明自身为全文。,buffett-speech-or-talk-1998-799d8dd5,26603,75892,370,2026-07-23T00:47:19.620Z,21,0,,88bd4963f97c2460078e9f57b6d17aa12c1b95e305e014d129d6dd9fb5e884b7,0287e062ebf43f44f6d2b35aac11f3b862e1f32085256e180098e88a89901e06
content/talks/巴菲特：哥大商学院演讲_1984.md,巴菲特：哥大商学院演讲 1984,content/talks,source-corpus,buffett,true,true,speech-or-talk,1984,zh,unknown,,primary-transcript-translation-candidate,candidate-primary-review,目标人物演讲或谈话候选，但文件未证明自身为全文。,buffett-speech-or-talk-1984-a4b5a515,17991,37853,342,2026-07-23T02:41:04.650Z,0,1,,1cf75ae3c666e3a1fcfca8d1af65974fc5bd643f4d2b732c2af88e0a1228aaa0,c7d313aef821f04aac9b071202c56cbd03fbf8fd1038b0e77bd98e9feda3dc2a
content/talks/巴菲特：哥大商学院演讲_2002.md,巴菲特：哥大商学院演讲 2002,content/talks,source-corpus,buffett,true,false,speech-or-talk,2002,zh,unknown,,primary-transcript-translation-candidate,candidate-primary-review,目标人物演讲或谈话候选，但文件未证明自身为全文。,buffett-speech-or-talk-2002-6fa91995,8538,23046,148,2026-07-23T00:47:19.616Z,0,0,,afbeba829557d429aaad646695d9fef6e337d28e13d86cd6854eaba07b94e187,1910dd15ccd6561bb80e32a9aee3f0c92d5e1c06ea16b87924ff06fb91ee2ee9
content/talks/巴菲特：华盛顿大学谈话_1998.md,巴菲特：华盛顿大学谈话 1998,content/talks,source-corpus,buffett,true,true,speech-or-talk,1998,zh,unknown,,primary-transcript-translation-candidate,candidate-primary-review,目标人物演讲或谈话候选，但文件未证明自身为全文。,buffett-speech-or-talk-1998-f2cc767b,5443,15759,88,2026-07-23T00:47:19.631Z,12,0,,3e2de3f89c85655ba7c1a2e78652cff28c0ea645ed70d71fc01c7227681a8b5b,aa0dc38c71483429e573addb54a3c197c652ac6a2a01981a00746ef165ff4cbc
content/talks/巴菲特：内布拉斯加大学演讲_1994.md,巴菲特：内布拉斯加大学演讲 1994,content/talks,source-corpus,buffett,true,true,speech-or-talk,1994,zh,unknown,,primary-transcript-translation-candidate,candidate-primary-review,目标人物演讲或谈话候选，但文件未证明自身为全文。,buffett-speech-or-talk-1994-91bd0270,28850,81342,376,2026-07-23T00:47:19.612Z,43,0,,cee38964f3b81f1c8738964d996ae3c98ed897894f80521ce91631ee20ed6b64,22593d317d850aac18bca15ef4d85c634c7af553df1aaa34cec15e905cc366fa
content/talks/巴菲特：内布拉斯加教育论坛演讲_1999.md,巴菲特：内布拉斯加教育论坛演讲 1999,content/talks,source-corpus,buffett,true,false,speech-or-talk,1999,zh,unknown,,primary-transcript-translation-candidate,candidate-primary-review,目标人物演讲或谈话候选，但文件未证明自身为全文。,buffett-speech-or-talk-1999-61cab6c2,9792,28148,180,2026-07-23T00:47:19.597Z,12,0,,58db9d8139ffdec3ee6d8bcf2291ffbc610d9ebf9416363dcb9909db6ba8e956,ae5bedeccce61e2f16d23d96a82388f0014fe4536512f34abee5bfcb686aa68f
content/talks/巴菲特：佐治亚大学演讲_2001.md,巴菲特：佐治亚大学演讲 2001,content/talks,source-corpus,buffett,true,false,speech-or-talk,2001,zh,unknown,,primary-transcript-translation-candidate,candidate-primary-review,目标人物演讲或谈话候选，但文件未证明自身为全文。,buffett-speech-or-talk-2001-03aa21bd,24044,67484,280,2026-07-23T00:47:19.628Z,14,0,,f889349f7c66df37174b702fe7063e5f5b9d984c4e3f9d31023bf6520a208c08,0d4b81613c419f9014e099e7aaf7352e1b6be41617cb488914a6ee82b9779a76
content/talks/巴菲特奥马哈新闻俱乐部_1992.md,巴菲特奥马哈新闻俱乐部 1992,content/talks,source-corpus,buffett,true,false,speech-or-talk,1992,zh,unknown,,primary-transcript-translation-candidate,candidate-primary-review,目标人物演讲或谈话候选，但文件未证明自身为全文。,buffett-speech-or-talk-1992-3e2ad9ba,14009,39493,148,2026-07-23T00:47:19.610Z,15,0,,d7b22ca0e1131044bb5a6f4df9e736bd09222b578dbf11aa91547cfd29d4db31,c618b19be2afab98a2a85ccb9c83ad1d51430d8335f1a0058620e539887f6926
content/talks/芒格：财务总监联合会演讲_1998.md,芒格：财务总监联合会演讲 1998,content/talks,source-corpus,munger,true,true,speech-or-talk,1998,zh,unknown,,primary-transcript-translation-candidate,candidate-primary-review,目标人物演讲或谈话候选，但文件未证明自身为全文。,munger-speech-or-talk-1998-12bdfe1a,6974,20057,80,2026-07-23T00:47:19.629Z,0,0,,c4ac759ab3853ecdb764bc7030957302835c8e065fe23b4c45c68fb61ba3c5ef,768b424316977d6ab5bda9d3d6510c90b329d33d18f0fe17b8a856781b2f6be3
content/talks/芒格：关于实践思维的现实思考_1996.md,芒格：关于实践思维的现实思考 1996,content/talks,source-corpus,munger,true,true,speech-or-talk,1996,zh,unknown,,primary-transcript-translation-candidate,candidate-primary-review,目标人物演讲或谈话候选，但文件未证明自身为全文。,munger-speech-or-talk-1996-1e24282f,8569,24159,128,2026-07-23T00:47:19.617Z,0,0,,b16adf7f27d73dc1d5ebab1307d70a858f6144693e42833800a753fcb91cc76c,34b91ab0cb7c52cf5da19d78395c6e1dd738c9addc3cf48e33dfd1ada7ec5fb9
content/talks/芒格：哈佛法学院演讲_1998.md,芒格：哈佛法学院演讲 1998,content/talks,source-corpus,munger,false,true,speech-or-talk,1998,zh,unknown,,primary-transcript-translation-candidate,candidate-primary-review,目标人物演讲或谈话候选，但文件未证明自身为全文。,munger-speech-or-talk-1998-9aca1a0b,7418,21226,116,2026-07-23T00:47:19.621Z,0,0,,15b79e782559b310f03dccb9796dd6380cbede4ad444d523bb21da359a46f182,3ceb2d4c5c95d63fcdc50a3a2a4f22fddf9830fb7d33e6e49ffc84fe347d38a6
content/talks/芒格：哈佛中学演讲_1986.md,芒格：哈佛中学演讲 1986,content/talks,source-corpus,munger,false,true,speech-or-talk,1986,zh,unknown,,primary-transcript-translation-candidate,candidate-primary-review,目标人物演讲或谈话候选，但文件未证明自身为全文。,munger-speech-or-talk-1986-2780f504,4391,12861,52,2026-07-23T00:47:19.632Z,0,0,,f49cdf1625a5919ac8ff483254bf10bf1bb700e0402aeda8995996ac7764bd97,2ed3015858404d6ecbea9e54b63db0b5f84cab6a533b973b1990e8033de78595
content/talks/芒格：论学院派经济学_2003.md,芒格：论学院派经济学 2003,content/talks,source-corpus,munger,true,true,speech-or-talk,2003,zh,unknown,,primary-transcript-translation-candidate,candidate-primary-review,目标人物演讲或谈话候选，但文件未证明自身为全文。,munger-speech-or-talk-2003-747c8927,29685,84773,332,2026-07-23T00:47:19.624Z,0,3,,c1d761f0cdfd84b28668547c9ec34fab2c4e19f3eb5e4badf32e7ef5a57ce2f0,d72ac8cc1b30aaaa463920b0bef9cd36ff166b88017b4e822ba397458ce9813b
content/talks/芒格：南加大法学院演讲_2007.md,芒格：南加大法学院演讲 2007,content/talks,source-corpus,munger,true,true,speech-or-talk,2007,zh,unknown,,primary-transcript-translation-candidate,candidate-primary-review,目标人物演讲或谈话候选，但文件未证明自身为全文。,munger-speech-or-talk-2007-f10afde6,13104,37463,305,2026-07-23T00:47:19.618Z,0,0,,737967bfbb6d461d67ba872d9737eb31d5d8209d2ffb336fe4b0cd864bca1125,72e0ba1dd0902339684da73b0a3cd57e6dfaf08ea2f6e98c00beddff356904b3
content/talks/芒格：南加大商学院演讲_1994.md,芒格：南加大商学院演讲 1994,content/talks,source-corpus,munger,true,true,speech-or-talk,1994,zh,unknown,,primary-transcript-translation-candidate,candidate-primary-review,目标人物演讲或谈话候选，但文件未证明自身为全文。,munger-speech-or-talk-1994-c3268126,25317,73341,366,2026-07-23T00:47:19.625Z,0,0,,ad871ef72dbe343b92e3a0fbd196532bab04abbfea2cd4a05d7990ba47d9bb0c,af638ff704d3b73d466175b0856027e01603d11c3e49fbfc8634e41f2dcffd49
content/talks/芒格：斯坦福法学院演讲_1996.md,芒格：斯坦福法学院演讲 1996,content/talks,source-corpus,munger,true,true,speech-or-talk,1996,zh,unknown,,primary-transcript-translation-candidate,candidate-primary-review,目标人物演讲或谈话候选，但文件未证明自身为全文。,munger-speech-or-talk-1996-0c6da6c8,28593,83205,416,2026-07-23T00:47:19.626Z,0,31,,cce441f46984e4e455a6abf68b2ba8dabd979571d142011cb663bf0d837e0348,fadca3da79f5c8d693dcb7843f10ad6084cd97753cbd9d8ded5638212d4c0943
content/talks/芒格：DJ_年会_2013.md,芒格：DJ 年会 2013,content/talks,source-corpus,munger,false,true,speech-or-talk,2013,zh,incomplete-or-omitted-sections,explicit-omission-or-missing-text,primary-transcript-translation-candidate,candidate-primary-review,目标人物演讲材料存在明确缺段，需核验完整底本。,munger-speech-or-talk-2013-4ce23323,26703,75882,374,2026-07-23T00:47:19.638Z,0,35,,cea126661a45041775b9d3f3684ad86c7451c601ea3d8ba6c4766858eedf6048,1bd3d621076132cc5b55425696ebb8e85f6f7f00a9f1ccaa5b8187b796890b4a
content/talks/施洛斯：哥大商学院演讲_1993.md,施洛斯：哥大商学院演讲 1993,content/talks,source-corpus,other,true,false,speech-or-talk,1993,zh,unknown,,not-target-or-uncertain,exclude-or-review,说话者不是目标人物或尚无法确认。,other-speech-or-talk-1993-d157211f,8039,21237,114,2026-07-23T00:47:19.639Z,0,0,,7cb3f5a075c91687db6f26479f56f7315a20e829739d4d9594bfebeb80dc0fb9,83832bb2115a94a0272271dfeca99fbb32e87c9d8403f180ef489ca65c0cdfc4
poor-charlies-almanack/_english-source/poor-charlies-almanack-talk-eleven.md,Talk Eleven: The Psychology of Human Misjudgment,poor-charlies-almanack,source-corpus,munger,false,false,speech-original-language,2005,en,selection-or-excerpt,local-source-is-summary-or-incomplete-capture,primary-transcript-original-language-fragment,candidate-primary-review,英文文件自身说明为删节、摘要或未完整抓取，只能作网页定位线索，不能充当全文校核底本。,munger-poor-charlie-talk-eleven,29924,30114,221,2026-07-28T19:20:27.394Z,0,0,https://www.stripe.press/poor-charlies-almanack/talk-eleven,7cf9da5b26b46ba8fc2e1b994906b71d4a784545a0d7f6c08eb5da5186b62ecb,ab507f4d4e4418a0262047a2f67c6f597beb08cc97c853f7c51960dbe63a1c01
poor-charlies-almanack/_english-source/poor-charlies-almanack-talk-five.md,Poor Charlie's Almanack — Talk Five: The Need for More Multidisciplinary Skills from Professionals: Educational Implications,poor-charlies-almanack,source-corpus,munger,false,false,speech-original-language,1998,en,selection-or-excerpt,local-source-is-summary-or-incomplete-capture,primary-transcript-original-language-fragment,candidate-primary-review,英文文件自身说明为删节、摘要或未完整抓取，只能作网页定位线索，不能充当全文校核底本。,munger-poor-charlie-talk-five,5837,6077,72,2026-07-28T19:20:27.394Z,0,0,https://www.stripe.press/poor-charlies-almanack/talk-five,92f0ab222b172603f01e804f87200fbc9eb96af8c82f42695603b902382fcd28,9c205a6ce72b555c4cbf5692e894b220cc5b4557760310c91b3f5041c38e4d55
poor-charlies-almanack/_english-source/poor-charlies-almanack-talk-nine.md,Poor Charlie's Almanack — Talk Nine: Academic Economics: Strengths and Faults After Considering Interdisciplinary Needs,poor-charlies-almanack,source-corpus,munger,true,true,speech-original-language,2003,en,unknown,local-source-is-summary-or-incomplete-capture,primary-transcript-original-language-fragment,candidate-primary-review,英文文件自身说明为删节、摘要或未完整抓取，只能作网页定位线索，不能充当全文校核底本。,munger-poor-charlie-talk-nine,5657,5893,74,2026-07-28T19:20:27.395Z,0,0,https://www.stripe.press/poor-charlies-almanack/talk-nine,b04fb7a7e24b5447ab529fd13446cb0b0b0344719046e550bff7f67f848f571b,c516eba176eb1b560fb3ff805b66d0a84ca4531c17cbddc5471ec6314d29e207
poor-charlies-almanack/_english-source/poor-charlies-almanack-talk-three.md,"Poor Charlie's Almanack — Talk Three: A Lesson on Elementary, Worldly Wisdom as It Relates to Investment Management and Business",poor-charlies-almanack,source-corpus,munger,true,false,speech-original-language,1996,en,selection-or-excerpt,,primary-transcript-original-language-fragment,candidate-primary-review,英文文件自身说明为删节、摘要或未完整抓取，只能作网页定位线索，不能充当全文校核底本。,munger-poor-charlie-talk-three,31943,32021,192,2026-07-28T19:20:27.397Z,0,0,https://www.stripe.press/poor-charlies-almanack/talk-three,ba800d860cd52d961d49511d7d86dfcf3cc5121dc2d6eebe6fee63179d07df7c,05779ec8d33b0800e005faa7772cc7c481d265ec9dc571eb9f3175b47e5ca636
poor-charlies-almanack/poor-charlies-almanack-talk-eight.md,芒格：2003 年的金融大丑闻,poor-charlies-almanack,source-corpus,munger,false,true,speech-translation,2003,zh,unknown,,primary-transcript-translation-candidate,candidate-primary-review,芒格演讲中文译文候选，但文件未证明自身为全文，需与英文底本逐篇比对。,munger-poor-charlie-talk-eight,9610,27111,104,2026-07-31T01:33:06.655Z,0,0,,faa3a2a67d49d76937797b16d4c22af9f6cd263467741c5c430e8679e75881b5,1a6e82a4350f11f1a903c016f39c8e2053bb1abf4d0fbc435fc7a0c45d3d77f2
poor-charlies-almanack/poor-charlies-almanack-talk-five.md,芒格：哈佛法学院演讲 1998,poor-charlies-almanack,source-corpus,munger,false,true,speech-translation,1998,zh,unknown,,primary-transcript-translation-candidate,candidate-primary-review,芒格演讲中文译文候选，但文件未证明自身为全文，需与英文底本逐篇比对。,munger-poor-charlie-talk-five,7420,21231,120,2026-07-31T01:33:06.655Z,0,0,,9c70a0159b276ddf48cfd3b74641a48b0bd34751555deca65bf57314388d05c6,14caf6fadb70c0f431a6685872a192f1984ce8cfe22162c94c29ca2cdf6bfdce
poor-charlies-almanack/poor-charlies-almanack-talk-four.md,芒格：关于实践思维的现实思考 1996,poor-charlies-almanack,source-corpus,munger,true,true,speech-translation,1996,zh,unknown,,primary-transcript-translation-candidate,candidate-primary-review,芒格演讲中文译文候选，但文件未证明自身为全文，需与英文底本逐篇比对。,munger-poor-charlie-talk-four,8547,24113,128,2026-07-31T01:33:06.656Z,0,0,,40c3afd2294532b836aee4c8184e19909816d940a6cdbe8639373f9f9b0497c8,766e559edee645e0751f553a4c32a19223e1b1d931a1c9a35e6567e287ee7867
poor-charlies-almanack/poor-charlies-almanack-talk-nine.md,芒格：论学院派经济学 2003,poor-charlies-almanack,source-corpus,munger,true,true,speech-translation,2003,zh,unknown,,primary-transcript-translation-candidate,candidate-primary-review,芒格演讲中文译文候选，但文件未证明自身为全文，需与英文底本逐篇比对。,munger-poor-charlie-talk-nine,29634,84635,332,2026-07-31T01:33:06.656Z,0,3,,f8597fe7029b26f39bae9d8f4dae8c0b9eca55c83a89b39e1f3ce983f3f7e729,25b794d381d3d9976f37888cbf41fdeabc3b1fe76300e9cdbf8b5f5d9dbaffca
poor-charlies-almanack/poor-charlies-almanack-talk-one.md,芒格：哈佛中学演讲 1986,poor-charlies-almanack,source-corpus,munger,false,true,speech-translation,1986,zh,unknown,,primary-transcript-translation-candidate,candidate-primary-review,芒格演讲中文译文候选，但文件未证明自身为全文，需与英文底本逐篇比对。,munger-poor-charlie-talk-one,4380,12837,52,2026-07-31T01:33:06.656Z,0,0,,0fffe56f1bc536202dcc3b59c15dd572cf4a626b752972d60101897c36f43e47,39e877374ac673b945e2ef75e1243ae1c280d48d2b05290734af21cda207da7a
poor-charlies-almanack/poor-charlies-almanack-talk-six.md,芒格：财务总监联合会演讲 1998,poor-charlies-almanack,source-corpus,munger,true,true,speech-translation,1998,zh,unknown,,primary-transcript-translation-candidate,candidate-primary-review,芒格演讲中文译文候选，但文件未证明自身为全文，需与英文底本逐篇比对。,munger-poor-charlie-talk-six,6952,19992,80,2026-07-31T01:33:06.657Z,0,0,,2cae3161da61c43e02b5668720d76250c3a27122a433c4b2ceea6eda01fe0e21,c6f71f01d933c4820c21f5c78f2f7e265f3954d6f1d027c608155f40066aec7a
poor-charlies-almanack/poor-charlies-almanack-talk-ten.md,芒格：南加大法学院演讲 2007,poor-charlies-almanack,source-corpus,munger,true,true,speech-translation,2007,zh,unknown,,primary-transcript-translation-candidate,candidate-primary-review,芒格演讲中文译文候选，但文件未证明自身为全文，需与英文底本逐篇比对。,munger-poor-charlie-talk-ten,12957,37274,166,2026-08-02T02:41:14.698Z,0,0,,3d9884512f65e2f5015d48978d1c06f89449846c21307fc25382c4f73cbfbb14,f0d6a9b36655f4f00af70da0444cb752bcbb61daa4098988a61a62d8df1e9d05
poor-charlies-almanack/poor-charlies-almanack-talk-three.md,芒格：斯坦福法学院演讲 1996,poor-charlies-almanack,source-corpus,munger,true,true,speech-translation,1996,zh,unknown,,primary-transcript-translation-candidate,candidate-primary-review,芒格演讲中文译文候选，但文件未证明自身为全文，需与英文底本逐篇比对。,munger-poor-charlie-talk-three,28570,83118,420,2026-07-31T01:33:06.657Z,0,31,,c532cd572964277a6a9a76bff6e80224e228355b62d718007a577fa1bf2b7536,fbf1c36b3b2e636a3ccb0ba2ab1add3d1039a8ccd339f9ab6f3671d9c99185e9
poor-charlies-almanack/poor-charlies-almanack-talk-two.md,芒格：南加大商学院演讲 1994,poor-charlies-almanack,source-corpus,munger,true,true,speech-translation,1994,zh,unknown,,primary-transcript-translation-candidate,candidate-primary-review,芒格演讲中文译文候选，但文件未证明自身为全文，需与英文底本逐篇比对。,munger-poor-charlie-talk-two,25330,73366,370,2026-07-31T01:33:06.657Z,0,0,,3f9a215c41e5a6aee90f95c3f17c4616d458e12045c07e7d253096e58ff17538,23b5c6e4bf1be622ecb0cf0763dded7465fdb2bef4155b782e7b10f50c6824d3
