year,company,section_title,mapped_chapter,mapped_chapter_title,relevance,reason
1987,西科金融,储贷行业乱象丛生,9,第九章 群体、权威与被剥夺感,medium,包含关键词「储贷」，与「第九章 群体、权威与被剥夺感」主题高度相关
1987,西科金融,我们眼中的优秀管理者,12,第十二章 好企业让少行动成为优势,medium,包含关键词「优秀」，与「第十二章 好企业让少行动成为优势」主题高度相关
1987,西科金融,精密钢材的优秀文化,12,第十二章 好企业让少行动成为优势,medium,包含关键词「优秀」，与「第十二章 好企业让少行动成为优势」主题高度相关
1987,西科金融,汤姆·墨菲的故事告诉我们，只有经过失败，才能懂得谦卑,14,第十四章 应得信任：合作如何降低摩擦,high,包含关键词「墨菲、汤姆·墨菲、故事」，与「第十四章 应得信任：合作如何降低摩擦」主题高度相关
1987,西科金融,我们不愿持有市政债券，但没有更好的选择了,16,第十六章 理性近乎一种道德义务,low,无明确关键词匹配，根据语义判断最接近「第十六章 理性近乎一种道德义务」
1987,西科金融,关于投资包厘街储蓄银行,16,第十六章 理性近乎一种道德义务,low,无明确关键词匹配，根据语义判断最接近「第十六章 理性近乎一种道德义务」
1987,西科金融,保险业务进入了景气周期,16,第十六章 理性近乎一种道德义务,low,无明确关键词匹配，根据语义判断最接近「第十六章 理性近乎一种道德义务」
1987,西科金融,我们的收购风格,16,第十六章 理性近乎一种道德义务,low,无明确关键词匹配，根据语义判断最接近「第十六章 理性近乎一种道德义务」
1987,西科金融,我们根本没有预知未来的能力，即使出手也是如履薄冰,16,第十六章 理性近乎一种道德义务,low,无明确关键词匹配，根据语义判断最接近「第十六章 理性近乎一种道德义务」
1987,西科金融,1986年是否有收购的机会？,16,第十六章 理性近乎一种道德义务,low,无明确关键词匹配，根据语义判断最接近「第十六章 理性近乎一种道德义务」
1988,西科金融,联邦储蓄贷款保险公司的新动态：看到了理智的曙光,9,第九章 群体、权威与被剥夺感,high,包含关键词「联邦储蓄、储蓄贷款」，与「第九章 群体、权威与被剥夺感」主题高度相关
1988,西科金融,我们只能尽量如实地估算综合成本率,11,第十一章 穿过会计看商业现实,medium,包含关键词「成本」，与「第十一章 穿过会计看商业现实」主题高度相关
1988,西科金融,西科的收益率不可能超过伯克希尔,11,第十一章 穿过会计看商业现实,medium,包含关键词「收益率」，与「第十一章 穿过会计看商业现实」主题高度相关
1988,西科金融,喜欢简单干净的财报,11,第十一章 穿过会计看商业现实,medium,包含关键词「财报」，与「第十一章 穿过会计看商业现实」主题高度相关
1988,西科金融,所罗门兄弟公司的生意怎么能不是好生意呢？,12,第十二章 好企业让少行动成为优势,high,包含关键词「好生意、所罗门、所罗门兄弟」，与「第十二章 好企业让少行动成为优势」主题高度相关
1988,西科金融,西科的房地产项目,12,第十二章 好企业让少行动成为优势,high,包含关键词「房地产、地产」，与「第十二章 好企业让少行动成为优势」主题高度相关
1988,西科金融,西科的股东因为信任管理层而买入,12,第十二章 好企业让少行动成为优势,medium,包含关键词「管理层」，与「第十二章 好企业让少行动成为优势」主题高度相关
1988,西科金融,好的投资机会难找,16,第十六章 理性近乎一种道德义务,low,无明确关键词匹配，根据语义判断最接近「第十六章 理性近乎一种道德义务」
1988,西科金融,向外国提供那么多贷款，非常愚蠢,16,第十六章 理性近乎一种道德义务,low,无明确关键词匹配，根据语义判断最接近「第十六章 理性近乎一种道德义务」
1988,西科金融,西科将扩张还是收缩？,16,第十六章 理性近乎一种道德义务,low,无明确关键词匹配，根据语义判断最接近「第十六章 理性近乎一种道德义务」
1988,西科金融,西科的利差处于什么水平？,16,第十六章 理性近乎一种道德义务,low,无明确关键词匹配，根据语义判断最接近「第十六章 理性近乎一种道德义务」
1988,西科金融,衡量一家公司是否值得投资的标准,16,第十六章 理性近乎一种道德义务,low,无明确关键词匹配，根据语义判断最接近「第十六章 理性近乎一种道德义务」
1988,西科金融,如何分析一家公司是否合理地使用了留存收益？,16,第十六章 理性近乎一种道德义务,low,无明确关键词匹配，根据语义判断最接近「第十六章 理性近乎一种道德义务」
1988,西科金融,西科的清算价值,16,第十六章 理性近乎一种道德义务,low,无明确关键词匹配，根据语义判断最接近「第十六章 理性近乎一种道德义务」
1989,西科金融,[行业制度存在死穴],8,第八章 激励：制度比劝诫更诚实,medium,包含关键词「制度」，与「第八章 激励：制度比劝诫更诚实」主题高度相关
1989,西科金融,[这不是自由市场经济制度，而是毁灭价值的经济制度],8,第八章 激励：制度比劝诫更诚实,medium,包含关键词「制度」，与「第八章 激励：制度比劝诫更诚实」主题高度相关
1989,西科金融,[坏制度助投机分子谋财],8,第八章 激励：制度比劝诫更诚实,medium,包含关键词「制度」，与「第八章 激励：制度比劝诫更诚实」主题高度相关
1989,西科金融,[联邦储蓄贷款保险公司的灾难不会在房地美上演],9,第九章 群体、权威与被剥夺感,high,包含关键词「联邦储蓄、储蓄贷款」，与「第九章 群体、权威与被剥夺感」主题高度相关
1989,西科金融,[早期的储贷行业],9,第九章 群体、权威与被剥夺感,medium,包含关键词「储贷」，与「第九章 群体、权威与被剥夺感」主题高度相关
1989,西科金融,[为什么银行和联邦存款保险公司安然无恙？],9,第九章 群体、权威与被剥夺感,medium,包含关键词「存款保险」，与「第九章 群体、权威与被剥夺感」主题高度相关
1989,西科金融,[亮眼的财务数字],11,第十一章 穿过会计看商业现实,medium,包含关键词「财务」，与「第十一章 穿过会计看商业现实」主题高度相关
1989,西科金融,[虚增短期利润，手段花样百出],11,第十一章 穿过会计看商业现实,medium,包含关键词「利润」，与「第十一章 穿过会计看商业现实」主题高度相关
1989,西科金融,[储贷行业用纳税人的钱赌博],11,第十一章 穿过会计看商业现实,high,包含关键词「税、纳税、赌博」，与「第十一章 穿过会计看商业现实」主题高度相关
1989,西科金融,加州圣巴巴拉市的地产项目,12,第十二章 好企业让少行动成为优势,medium,包含关键词「地产」，与「第十二章 好企业让少行动成为优势」主题高度相关
1989,西科金融,房地产项目大约何时完工？,12,第十二章 好企业让少行动成为优势,high,包含关键词「房地产、地产」，与「第十二章 好企业让少行动成为优势」主题高度相关
1989,西科金融,投资所罗门兄弟公司的逻辑,12,第十二章 好企业让少行动成为优势,high,包含关键词「所罗门、所罗门兄弟」，与「第十二章 好企业让少行动成为优势」主题高度相关
1989,西科金融,西科投资可口可乐的规模有多大？,12,第十二章 好企业让少行动成为优势,medium,包含关键词「可口可乐」，与「第十二章 好企业让少行动成为优势」主题高度相关
1989,西科金融,消防员基金保险公司的前景很难说,12,第十二章 好企业让少行动成为优势,medium,包含关键词「基金」，与「第十二章 好企业让少行动成为优势」主题高度相关
1989,西科金融,精密钢材将保持优秀,12,第十二章 好企业让少行动成为优势,medium,包含关键词「优秀」，与「第十二章 好企业让少行动成为优势」主题高度相关
1989,西科金融,伯克希尔是否会对西科剩余的股份提出要约收购？,13,第十三章 少数机会、集中下注与资本配置,medium,包含关键词「伯克希尔」，与「第十三章 少数机会、集中下注与资本配置」主题高度相关
1989,西科金融,威廉·奥斯勒爵士信奉的名言，同样是伯克希尔的经营哲学,13,第十三章 少数机会、集中下注与资本配置,medium,包含关键词「伯克希尔」，与「第十三章 少数机会、集中下注与资本配置」主题高度相关
1989,西科金融,蓝筹印花、伯克希尔纺织厂和沃尔玛的启示：形势比人强,13,第十三章 少数机会、集中下注与资本配置,medium,包含关键词「伯克希尔」，与「第十三章 少数机会、集中下注与资本配置」主题高度相关
1989,西科金融,[法律制定者一错再错，让人难以信任],14,第十四章 应得信任：合作如何降低摩擦,medium,包含关键词「信任」，与「第十四章 应得信任：合作如何降低摩擦」主题高度相关
1989,西科金融,[激进者占了便宜],15,第十五章 避免惯常的失败方式,medium,包含关键词「激进」，与「第十五章 避免惯常的失败方式」主题高度相关
1989,西科金融,[无论如何，互助储蓄都将继续遭受打击],15,第十五章 避免惯常的失败方式,medium,包含关键词「打击」，与「第十五章 避免惯常的失败方式」主题高度相关
1989,西科金融,我完成股东会流程没有路易斯·韦森特快,16,第十六章 理性近乎一种道德义务,low,无明确关键词匹配，根据语义判断最接近「第十六章 理性近乎一种道德义务」
1989,西科金融,我们历尽曲折,16,第十六章 理性近乎一种道德义务,low,无明确关键词匹配，根据语义判断最接近「第十六章 理性近乎一种道德义务」
1989,西科金融,商业财产保险行业的现状与未来,16,第十六章 理性近乎一种道德义务,low,无明确关键词匹配，根据语义判断最接近「第十六章 理性近乎一种道德义务」
1989,西科金融,人身保险业务也有自己的难题,16,第十六章 理性近乎一种道德义务,low,无明确关键词匹配，根据语义判断最接近「第十六章 理性近乎一种道德义务」
1989,西科金融,互助储蓄前途坎坷、忧患重重,16,第十六章 理性近乎一种道德义务,low,无明确关键词匹配，根据语义判断最接近「第十六章 理性近乎一种道德义务」
1989,西科金融,西科贷款业务的条条框框,16,第十六章 理性近乎一种道德义务,low,无明确关键词匹配，根据语义判断最接近「第十六章 理性近乎一种道德义务」
1989,西科金融,西科的内在价值,16,第十六章 理性近乎一种道德义务,low,无明确关键词匹配，根据语义判断最接近「第十六章 理性近乎一种道德义务」
1989,西科金融,[西科对房地美的投资],16,第十六章 理性近乎一种道德义务,low,无明确关键词匹配，根据语义判断最接近「第十六章 理性近乎一种道德义务」
1989,西科金融,[房地美的生意],16,第十六章 理性近乎一种道德义务,low,无明确关键词匹配，根据语义判断最接近「第十六章 理性近乎一种道德义务」
1989,西科金融,[股价低迷的原因],16,第十六章 理性近乎一种道德义务,low,无明确关键词匹配，根据语义判断最接近「第十六章 理性近乎一种道德义务」
1989,西科金融,[我们为何公开关于房地美的投资逻辑],16,第十六章 理性近乎一种道德义务,low,无明确关键词匹配，根据语义判断最接近「第十六章 理性近乎一种道德义务」
1989,西科金融,[政策的初衷是好的],16,第十六章 理性近乎一种道德义务,low,无明确关键词匹配，根据语义判断最接近「第十六章 理性近乎一种道德义务」
1989,西科金融,[繁荣总有尽头],16,第十六章 理性近乎一种道德义务,low,无明确关键词匹配，根据语义判断最接近「第十六章 理性近乎一种道德义务」
1989,西科金融,[监管部门的补救措施],16,第十六章 理性近乎一种道德义务,low,无明确关键词匹配，根据语义判断最接近「第十六章 理性近乎一种道德义务」
1989,西科金融,[修改限制的后果],16,第十六章 理性近乎一种道德义务,low,无明确关键词匹配，根据语义判断最接近「第十六章 理性近乎一种道德义务」
1989,西科金融,[赌赢了，吃香的喝辣的],16,第十六章 理性近乎一种道德义务,low,无明确关键词匹配，根据语义判断最接近「第十六章 理性近乎一种道德义务」
1989,西科金融,[垃圾债是最劣质的贷款],16,第十六章 理性近乎一种道德义务,low,无明确关键词匹配，根据语义判断最接近「第十六章 理性近乎一种道德义务」
1989,西科金融,[九龙治水，难以有效监管],16,第十六章 理性近乎一种道德义务,low,无明确关键词匹配，根据语义判断最接近「第十六章 理性近乎一种道德义务」
1989,西科金融,[赚钱效应让人趋之若鹜],16,第十六章 理性近乎一种道德义务,low,无明确关键词匹配，根据语义判断最接近「第十六章 理性近乎一种道德义务」
1989,西科金融,[劣币驱逐良币],16,第十六章 理性近乎一种道德义务,low,无明确关键词匹配，根据语义判断最接近「第十六章 理性近乎一种道德义务」
1989,西科金融,[政策调整引发了乱象],16,第十六章 理性近乎一种道德义务,low,无明确关键词匹配，根据语义判断最接近「第十六章 理性近乎一种道德义务」
1989,西科金融,[屋漏偏逢连夜雨------油价大跌],16,第十六章 理性近乎一种道德义务,low,无明确关键词匹配，根据语义判断最接近「第十六章 理性近乎一种道德义务」
1989,西科金融,[软弱无力的监管],16,第十六章 理性近乎一种道德义务,low,无明确关键词匹配，根据语义判断最接近「第十六章 理性近乎一种道德义务」
1989,西科金融,[幕后真凶------法律制定者和自私自利的行业高管],16,第十六章 理性近乎一种道德义务,low,无明确关键词匹配，根据语义判断最接近「第十六章 理性近乎一种道德义务」
1989,西科金融,[新法律将何去何从？],16,第十六章 理性近乎一种道德义务,low,无明确关键词匹配，根据语义判断最接近「第十六章 理性近乎一种道德义务」
1989,西科金融,[难以把握的分寸],16,第十六章 理性近乎一种道德义务,low,无明确关键词匹配，根据语义判断最接近「第十六章 理性近乎一种道德义务」
1989,西科金融,[对于1989年的新法律，我们不持乐观态度],16,第十六章 理性近乎一种道德义务,low,无明确关键词匹配，根据语义判断最接近「第十六章 理性近乎一种道德义务」
1989,西科金融,[问题的难度超出了人们的解决能力],16,第十六章 理性近乎一种道德义务,low,无明确关键词匹配，根据语义判断最接近「第十六章 理性近乎一种道德义务」
1990,西科金融,我们老派而保守，总是留有充足的安全边际,5,第五章 逆向：先问怎样会失败,medium,包含关键词「安全边际」，与「第五章 逆向：先问怎样会失败」主题高度相关
1990,西科金融,储贷行业危机中的各种错，还不知如何收场,9,第九章 群体、权威与被剥夺感,medium,包含关键词「储贷」，与「第九章 群体、权威与被剥夺感」主题高度相关
1990,西科金融,储贷行业因为愚蠢自私犯下大错,9,第九章 群体、权威与被剥夺感,medium,包含关键词「储贷」，与「第九章 群体、权威与被剥夺感」主题高度相关
1990,西科金融,储贷行业将愈发艰难,9,第九章 群体、权威与被剥夺感,medium,包含关键词「储贷」，与「第九章 群体、权威与被剥夺感」主题高度相关
1990,西科金融,我能看懂房地美，也看好它的发展,12,第十二章 好企业让少行动成为优势,medium,包含关键词「看好」，与「第十二章 好企业让少行动成为优势」主题高度相关
1990,西科金融,房地产小开发商遭遇信用紧缩,12,第十二章 好企业让少行动成为优势,high,包含关键词「房地产、地产」，与「第十二章 好企业让少行动成为优势」主题高度相关
1990,西科金融,货币市场基金把铜板赚尽，早晚会崩,12,第十二章 好企业让少行动成为优势,medium,包含关键词「基金」，与「第十二章 好企业让少行动成为优势」主题高度相关
1990,西科金融,"现在没""桶里射鱼""那么简单了，管理层却热衷收购",12,第十二章 好企业让少行动成为优势,medium,包含关键词「管理层」，与「第十二章 好企业让少行动成为优势」主题高度相关
1990,西科金融,应对危机的措施还不够,16,第十六章 理性近乎一种道德义务,low,无明确关键词匹配，根据语义判断最接近「第十六章 理性近乎一种道德义务」
1990,西科金融,本·格雷厄姆教我们的重要一课,16,第十六章 理性近乎一种道德义务,low,无明确关键词匹配，根据语义判断最接近「第十六章 理性近乎一种道德义务」
1990,西科金融,风险套利如同发放贷款,16,第十六章 理性近乎一种道德义务,low,无明确关键词匹配，根据语义判断最接近「第十六章 理性近乎一种道德义务」
1990,西科金融,最重要的知识，商学院没教,16,第十六章 理性近乎一种道德义务,low,无明确关键词匹配，根据语义判断最接近「第十六章 理性近乎一种道德义务」
1990,西科金融,低级垃圾债，如镜花水月,16,第十六章 理性近乎一种道德义务,low,无明确关键词匹配，根据语义判断最接近「第十六章 理性近乎一种道德义务」
1990,西科金融,天生丽质的公司，经得起时间的考验,16,第十六章 理性近乎一种道德义务,low,无明确关键词匹配，根据语义判断最接近「第十六章 理性近乎一种道德义务」
1990,西科金融,快进快出、唯利是图，不是我们的行事风格,16,第十六章 理性近乎一种道德义务,low,无明确关键词匹配，根据语义判断最接近「第十六章 理性近乎一种道德义务」
1991,西科金融,强生做得好，从错误中吸取教训是一种美德,3,第三章 终身学习：让模型保持活性,medium,包含关键词「吸取教训」，与「第三章 终身学习：让模型保持活性」主题高度相关
1991,西科金融,房地美是否用高杠杆实现了高利润？,11,第十一章 穿过会计看商业现实,medium,包含关键词「利润」，与「第十一章 穿过会计看商业现实」主题高度相关
1991,西科金融,富国银行有很多可取之处,12,第十二章 好企业让少行动成为优势,high,包含关键词「富国银行、富国」，与「第十二章 好企业让少行动成为优势」主题高度相关
1991,西科金融,弹药充足，总有机会,13,第十三章 少数机会、集中下注与资本配置,medium,包含关键词「弹药」，与「第十三章 少数机会、集中下注与资本配置」主题高度相关
1991,西科金融,如何看待负债？,13,第十三章 少数机会、集中下注与资本配置,medium,包含关键词「负债」，与「第十三章 少数机会、集中下注与资本配置」主题高度相关
1991,西科金融,关于房地美的三个问题：意外损失、高杠杆、更多买入,13,第十三章 少数机会、集中下注与资本配置,high,包含关键词「杠杆、多买」，与「第十三章 少数机会、集中下注与资本配置」主题高度相关
1991,西科金融,亨利·辛格尔顿廉颇老矣，您和巴菲特呢？,14,第十四章 应得信任：合作如何降低摩擦,high,包含关键词「辛格尔顿、亨利·辛格尔顿」，与「第十四章 应得信任：合作如何降低摩擦」主题高度相关
1991,西科金融,房地美也会遭遇意外损失,16,第十六章 理性近乎一种道德义务,low,无明确关键词匹配，根据语义判断最接近「第十六章 理性近乎一种道德义务」
1991,西科金融,为什么没有买入更多房地美？,16,第十六章 理性近乎一种道德义务,low,无明确关键词匹配，根据语义判断最接近「第十六章 理性近乎一种道德义务」
1991,西科金融,是否因新英格兰银行被其他州的银行收购而感到遗憾？,16,第十六章 理性近乎一种道德义务,low,无明确关键词匹配，根据语义判断最接近「第十六章 理性近乎一种道德义务」
1991,西科金融,本·格雷厄姆很了不起，但也有盲点,16,第十六章 理性近乎一种道德义务,low,无明确关键词匹配，根据语义判断最接近「第十六章 理性近乎一种道德义务」
1992,西科金融,劳合社危机说明，制度漏洞会毁掉优良传统,8,第八章 激励：制度比劝诫更诚实,medium,包含关键词「制度」，与「第八章 激励：制度比劝诫更诚实」主题高度相关
1992,西科金融,互助储蓄有可能收购破产的储贷机构吗？,9,第九章 群体、权威与被剥夺感,medium,包含关键词「储贷」，与「第九章 群体、权威与被剥夺感」主题高度相关
1992,西科金融,如何看待日本的泡沫破裂？,9,第九章 群体、权威与被剥夺感,medium,包含关键词「泡沫」，与「第九章 群体、权威与被剥夺感」主题高度相关
1992,西科金融,是否对日本的经济泡沫破裂感到担忧？,9,第九章 群体、权威与被剥夺感,medium,包含关键词「泡沫」，与「第九章 群体、权威与被剥夺感」主题高度相关
1992,西科金融,与消防员基金保险公司合作的时机把握得很好,12,第十二章 好企业让少行动成为优势,medium,包含关键词「基金」，与「第十二章 好企业让少行动成为优势」主题高度相关
1992,西科金融,所罗门从危机中吸取了教训,12,第十二章 好企业让少行动成为优势,medium,包含关键词「所罗门」，与「第十二章 好企业让少行动成为优势」主题高度相关
1992,西科金融,房地美、房利美都是好生意,12,第十二章 好企业让少行动成为优势,high,包含关键词「好生意、好生意」，与「第十二章 好企业让少行动成为优势」主题高度相关
1992,西科金融,日本的金融业应该向它的制造业学习,12,第十二章 好企业让少行动成为优势,medium,包含关键词「制造业」，与「第十二章 好企业让少行动成为优势」主题高度相关
1992,西科金融,美国房地产市场正在经历20世纪30年代以来最严重的一次衰退,12,第十二章 好企业让少行动成为优势,high,包含关键词「房地产、地产」，与「第十二章 好企业让少行动成为优势」主题高度相关
1992,西科金融,我们只看通过最低标准的机会,16,第十六章 理性近乎一种道德义务,low,无明确关键词匹配，根据语义判断最接近「第十六章 理性近乎一种道德义务」
1992,西科金融,关注IPO市场犹如在下水道里淘金,16,第十六章 理性近乎一种道德义务,low,无明确关键词匹配，根据语义判断最接近「第十六章 理性近乎一种道德义务」
1992,西科金融,西科的保险业务与其他公司相比平凡无奇,16,第十六章 理性近乎一种道德义务,low,无明确关键词匹配，根据语义判断最接近「第十六章 理性近乎一种道德义务」
1992,西科金融,西科有优势，但劣势也很明显,16,第十六章 理性近乎一种道德义务,low,无明确关键词匹配，根据语义判断最接近「第十六章 理性近乎一种道德义务」
1992,西科金融,工伤险与车险不同,16,第十六章 理性近乎一种道德义务,low,无明确关键词匹配，根据语义判断最接近「第十六章 理性近乎一种道德义务」
1992,西科金融,保险业和银行业的问题终会浮出水面，我们强迫自己与众不同,16,第十六章 理性近乎一种道德义务,low,无明确关键词匹配，根据语义判断最接近「第十六章 理性近乎一种道德义务」
1992,西科金融,不做过于便宜的保险生意,16,第十六章 理性近乎一种道德义务,low,无明确关键词匹配，根据语义判断最接近「第十六章 理性近乎一种道德义务」
1992,西科金融,房地美能在变化中寻求进步,16,第十六章 理性近乎一种道德义务,low,无明确关键词匹配，根据语义判断最接近「第十六章 理性近乎一种道德义务」
1992,西科金融,"买了房地美没买房利美，犯的错是""咬手指""",16,第十六章 理性近乎一种道德义务,low,无明确关键词匹配，根据语义判断最接近「第十六章 理性近乎一种道德义务」
1993,西科金融,我们离开了储贷行业，不代表别人做不好,9,第九章 群体、权威与被剥夺感,medium,包含关键词「储贷」，与「第九章 群体、权威与被剥夺感」主题高度相关
1993,西科金融,房地美和房利美抢走了储贷行业的生意,9,第九章 群体、权威与被剥夺感,medium,包含关键词「储贷」，与「第九章 群体、权威与被剥夺感」主题高度相关
1993,西科金融,裁员成本是一项巨大的隐形负债,11,第十一章 穿过会计看商业现实,medium,包含关键词「成本」，与「第十一章 穿过会计看商业现实」主题高度相关
1993,西科金融,加州的形势如此恶劣，为什么仍然看好富国银行？,12,第十二章 好企业让少行动成为优势,high,包含关键词「富国银行、富国、看好」，与「第十二章 好企业让少行动成为优势」主题高度相关
1993,西科金融,所罗门已经重新走上正轨,12,第十二章 好企业让少行动成为优势,medium,包含关键词「所罗门」，与「第十二章 好企业让少行动成为优势」主题高度相关
1993,西科金融,全美航空优先股的投资还没完,12,第十二章 好企业让少行动成为优势,medium,包含关键词「全美航空」，与「第十二章 好企业让少行动成为优势」主题高度相关
1993,西科金融,英国航空入股全美航空，是否有助于提升伯克希尔这笔投资的安全性？,12,第十二章 好企业让少行动成为优势,medium,包含关键词「全美航空」，与「第十二章 好企业让少行动成为优势」主题高度相关
1993,西科金融,PS集团的很多问题赶到一块了,12,第十二章 好企业让少行动成为优势,medium,包含关键词「PS集团」，与「第十二章 好企业让少行动成为优势」主题高度相关
1993,西科金融,这本书讲的是书呆子成功的故事，我喜欢这种故事,12,第十二章 好企业让少行动成为优势,medium,包含关键词「喜欢」，与「第十二章 好企业让少行动成为优势」主题高度相关
1993,西科金融,伯克希尔资本雄厚，能承受巨灾保险的大起大落,13,第十三章 少数机会、集中下注与资本配置,medium,包含关键词「伯克希尔」，与「第十三章 少数机会、集中下注与资本配置」主题高度相关
1993,西科金融,监管政策的改变让中小企业成为受害者,15,第十五章 避免惯常的失败方式,medium,包含关键词「受害者」，与「第十五章 避免惯常的失败方式」主题高度相关
1993,西科金融,西科的主要业务集中到了中西部,16,第十六章 理性近乎一种道德义务,low,无明确关键词匹配，根据语义判断最接近「第十六章 理性近乎一种道德义务」
1993,西科金融,卖出互助储蓄是否会对西科的净资产产生影响？,16,第十六章 理性近乎一种道德义务,low,无明确关键词匹配，根据语义判断最接近「第十六章 理性近乎一种道德义务」
1993,西科金融,房地美按市值入账之后，保险分公司的净资产将是多少？,16,第十六章 理性近乎一种道德义务,low,无明确关键词匹配，根据语义判断最接近「第十六章 理性近乎一种道德义务」
1993,西科金融,决定退出是因为我们不适合,16,第十六章 理性近乎一种道德义务,low,无明确关键词匹配，根据语义判断最接近「第十六章 理性近乎一种道德义务」
1993,西科金融,巨灾险等业务是否有足够的机会，能把我们的承保能力全用上？,16,第十六章 理性近乎一种道德义务,low,无明确关键词匹配，根据语义判断最接近「第十六章 理性近乎一种道德义务」
1993,西科金融,加州的危机很严重，我们只能坚持,16,第十六章 理性近乎一种道德义务,low,无明确关键词匹配，根据语义判断最接近「第十六章 理性近乎一种道德义务」
1993,西科金融,我们有资金，在等大机会,16,第十六章 理性近乎一种道德义务,low,无明确关键词匹配，根据语义判断最接近「第十六章 理性近乎一种道德义务」
1993,西科金融,西科是否仍然有意收购其他公司？,16,第十六章 理性近乎一种道德义务,low,无明确关键词匹配，根据语义判断最接近「第十六章 理性近乎一种道德义务」
1993,西科金融,当前的市场是否与1970年的市场类似？,16,第十六章 理性近乎一种道德义务,low,无明确关键词匹配，根据语义判断最接近「第十六章 理性近乎一种道德义务」
1993,西科金融,房地美和房利美前途无量,16,第十六章 理性近乎一种道德义务,low,无明确关键词匹配，根据语义判断最接近「第十六章 理性近乎一种道德义务」
1993,西科金融,房地美和房利美如何防范贷款中介机构的欺诈行为？,16,第十六章 理性近乎一种道德义务,low,无明确关键词匹配，根据语义判断最接近「第十六章 理性近乎一种道德义务」
1993,西科金融,沃伦说这笔投资是他的非受迫性失误,16,第十六章 理性近乎一种道德义务,low,无明确关键词匹配，根据语义判断最接近「第十六章 理性近乎一种道德义务」
1993,西科金融,我们打算提高旧印花票的兑换价值,16,第十六章 理性近乎一种道德义务,low,无明确关键词匹配，根据语义判断最接近「第十六章 理性近乎一种道德义务」
1993,西科金融,劳合社再不复从前，金融业中的诱惑容易让人赌瘾发作,16,第十六章 理性近乎一种道德义务,low,无明确关键词匹配，根据语义判断最接近「第十六章 理性近乎一种道德义务」
1993,西科金融,西科的发展策略是谁制定的？,16,第十六章 理性近乎一种道德义务,low,无明确关键词匹配，根据语义判断最接近「第十六章 理性近乎一种道德义务」
1994,西科金融,当今的股市算不上疯狂，对于风险应该小心防范,9,第九章 群体、权威与被剥夺感,medium,包含关键词「疯狂」，与「第九章 群体、权威与被剥夺感」主题高度相关
1994,西科金融,所罗门特别努力在控制利率风险,9,第九章 群体、权威与被剥夺感,medium,包含关键词「利率」，与「第九章 群体、权威与被剥夺感」主题高度相关
1994,西科金融,隐性负债须注意，会计造假极恶劣,11,第十一章 穿过会计看商业现实,high,包含关键词「会计、造假」，与「第十一章 穿过会计看商业现实」主题高度相关
1994,西科金融,收益率目标是估算的，尽最大努力实现,11,第十一章 穿过会计看商业现实,medium,包含关键词「收益率」，与「第十一章 穿过会计看商业现实」主题高度相关
1994,西科金融,汤普森出版和AT&T对比，要找不需要投入更多资本就能增长的公司,12,第十二章 好企业让少行动成为优势,medium,包含关键词「出版」，与「第十二章 好企业让少行动成为优势」主题高度相关
1994,西科金融,富国银行度过了危机，房地产生意很难,12,第十二章 好企业让少行动成为优势,high,包含关键词「富国银行、富国、房地产」，与「第十二章 好企业让少行动成为优势」主题高度相关
1994,西科金融,富国银行的完美答卷,12,第十二章 好企业让少行动成为优势,high,包含关键词「富国银行、富国」，与「第十二章 好企业让少行动成为优势」主题高度相关
1994,西科金融,就过去的情况来看，在房地产上赚大钱的是少数,12,第十二章 好企业让少行动成为优势,high,包含关键词「房地产、地产」，与「第十二章 好企业让少行动成为优势」主题高度相关
1994,西科金融,全美航空的危局需要各方面的共同努力,12,第十二章 好企业让少行动成为优势,medium,包含关键词「全美航空」，与「第十二章 好企业让少行动成为优势」主题高度相关
1994,西科金融,全美航空的高管一定会和所有员工同心同德，共克时艰,12,第十二章 好企业让少行动成为优势,medium,包含关键词「全美航空」，与「第十二章 好企业让少行动成为优势」主题高度相关
1994,西科金融,做股票投资的两种方法,13,第十三章 少数机会、集中下注与资本配置,medium,包含关键词「股票投资」，与「第十三章 少数机会、集中下注与资本配置」主题高度相关
1994,西科金融,西科与伯克希尔都将尽力而为，但西科无法比肩伯克希尔,13,第十三章 少数机会、集中下注与资本配置,medium,包含关键词「伯克希尔」，与「第十三章 少数机会、集中下注与资本配置」主题高度相关
1994,西科金融,我们不可能把伯克希尔的结构搞复杂,13,第十三章 少数机会、集中下注与资本配置,medium,包含关键词「伯克希尔」，与「第十三章 少数机会、集中下注与资本配置」主题高度相关
1994,西科金融,从别人的经验学习很重要，生意上的道理还要自己体会,16,第十六章 理性近乎一种道德义务,low,无明确关键词匹配，根据语义判断最接近「第十六章 理性近乎一种道德义务」
1994,西科金融,收割机公司和百货商店的教训,16,第十六章 理性近乎一种道德义务,low,无明确关键词匹配，根据语义判断最接近「第十六章 理性近乎一种道德义务」
1994,西科金融,"最近的股市与""漂亮五十""时期没有相似之处",16,第十六章 理性近乎一种道德义务,low,无明确关键词匹配，根据语义判断最接近「第十六章 理性近乎一种道德义务」
1994,西科金融,我们注意躲避困境，但也会在价格合适的时候承担风险,16,第十六章 理性近乎一种道德义务,low,无明确关键词匹配，根据语义判断最接近「第十六章 理性近乎一种道德义务」
1994,西科金融,房地美有严格的管理和有效的对冲措施,16,第十六章 理性近乎一种道德义务,low,无明确关键词匹配，根据语义判断最接近「第十六章 理性近乎一种道德义务」
1994,西科金融,这笔投资做错了,16,第十六章 理性近乎一种道德义务,low,无明确关键词匹配，根据语义判断最接近「第十六章 理性近乎一种道德义务」
1994,西科金融,业务转让与换股收购,16,第十六章 理性近乎一种道德义务,low,无明确关键词匹配，根据语义判断最接近「第十六章 理性近乎一种道德义务」
1994,西科金融,有些知识比别的知识更重要,16,第十六章 理性近乎一种道德义务,low,无明确关键词匹配，根据语义判断最接近「第十六章 理性近乎一种道德义务」
1995,西科金融,赢的概率非常高时，要下重注,4,第四章 概率：把故事变成可以检验的判断,high,包含关键词「概率、重注、下重注」，与「第四章 概率：把故事变成可以检验的判断」主题高度相关
1995,西科金融,投行钱太多了、太好赚了，生意反而难做,9,第九章 群体、权威与被剥夺感,medium,包含关键词「投行」，与「第九章 群体、权威与被剥夺感」主题高度相关
1995,西科金融,投行的死亡率很高,9,第九章 群体、权威与被剥夺感,medium,包含关键词「投行」，与「第九章 群体、权威与被剥夺感」主题高度相关
1995,西科金融,频繁交易的投机对社会有害无益,9,第九章 群体、权威与被剥夺感,medium,包含关键词「投机」，与「第九章 群体、权威与被剥夺感」主题高度相关
1995,西科金融,所罗门不但能活下去，而且还能活得很好,12,第十二章 好企业让少行动成为优势,medium,包含关键词「所罗门」，与「第十二章 好企业让少行动成为优势」主题高度相关
1995,西科金融,电视台和报纸还是好生意，但没过去那么好了,12,第十二章 好企业让少行动成为优势,high,包含关键词「好生意、报纸、好生意」，与「第十二章 好企业让少行动成为优势」主题高度相关
1995,西科金融,关于全美航空，我们不可能每次都赢,12,第十二章 好企业让少行动成为优势,medium,包含关键词「全美航空」，与「第十二章 好企业让少行动成为优势」主题高度相关
1995,西科金融,全美航空和工会是一条绳上的两只蚂蚱,12,第十二章 好企业让少行动成为优势,medium,包含关键词「全美航空」，与「第十二章 好企业让少行动成为优势」主题高度相关
1995,西科金融,PS集团，我还能说什么呢？,12,第十二章 好企业让少行动成为优势,medium,包含关键词「PS集团」，与「第十二章 好企业让少行动成为优势」主题高度相关
1995,西科金融,只要能到达正确的终点，路途再颠簸，我都受得了,16,第十六章 理性近乎一种道德义务,low,无明确关键词匹配，根据语义判断最接近「第十六章 理性近乎一种道德义务」
1995,西科金融,保险生意不是那么好做,16,第十六章 理性近乎一种道德义务,low,无明确关键词匹配，根据语义判断最接近「第十六章 理性近乎一种道德义务」
1995,西科金融,我们只能见步行步，抓住两三个大机会,16,第十六章 理性近乎一种道德义务,low,无明确关键词匹配，根据语义判断最接近「第十六章 理性近乎一种道德义务」
1995,西科金融,今天的银行躺着赚钱，未来如何，不得而知,16,第十六章 理性近乎一种道德义务,low,无明确关键词匹配，根据语义判断最接近「第十六章 理性近乎一种道德义务」
1995,西科金融,我们不可能让所有人采取和我们一样的处世态度,16,第十六章 理性近乎一种道德义务,low,无明确关键词匹配，根据语义判断最接近「第十六章 理性近乎一种道德义务」
1995,西科金融,所有的现代金融机构都比我们更好动,16,第十六章 理性近乎一种道德义务,low,无明确关键词匹配，根据语义判断最接近「第十六章 理性近乎一种道德义务」
1995,西科金融,自己有脑子不用非常危险,16,第十六章 理性近乎一种道德义务,low,无明确关键词匹配，根据语义判断最接近「第十六章 理性近乎一种道德义务」
1995,西科金融,很多人是被投资的前景吸引走上投资之路的，我也不例外,16,第十六章 理性近乎一种道德义务,low,无明确关键词匹配，根据语义判断最接近「第十六章 理性近乎一种道德义务」
1997,西科金融,我们应该训练自己的多元模型思维,1,第一章 一把锤子为什么不够,medium,包含关键词「多元模型」，与「第一章 一把锤子为什么不够」主题高度相关
1997,西科金融,我们关注的不是美联储，而是股市的估值状况,9,第九章 群体、权威与被剥夺感,medium,包含关键词「美联储」，与「第九章 群体、权威与被剥夺感」主题高度相关
1997,西科金融,华尔街闯进保险业会影响伯克希尔和西科,9,第九章 群体、权威与被剥夺感,medium,包含关键词「华尔街」，与「第九章 群体、权威与被剥夺感」主题高度相关
1997,西科金融,好生意，每个决定都简单，容错率也高,12,第十二章 好企业让少行动成为优势,high,包含关键词「好生意、好生意」，与「第十二章 好企业让少行动成为优势」主题高度相关
1997,西科金融,投资要选容错率高的好生意,12,第十二章 好企业让少行动成为优势,high,包含关键词「好生意、好生意」，与「第十二章 好企业让少行动成为优势」主题高度相关
1997,西科金融,全美航空的投资时机实在太差了,12,第十二章 好企业让少行动成为优势,medium,包含关键词「全美航空」，与「第十二章 好企业让少行动成为优势」主题高度相关
1997,西科金融,要辨别资本投入是否有效,16,第十六章 理性近乎一种道德义务,low,无明确关键词匹配，根据语义判断最接近「第十六章 理性近乎一种道德义务」
1997,西科金融,房地美、房利美生意非常好，但是基数越大、增长越难,16,第十六章 理性近乎一种道德义务,low,无明确关键词匹配，根据语义判断最接近「第十六章 理性近乎一种道德义务」
1997,西科金融,现在做投资更难了，年轻人的投资之路还长,16,第十六章 理性近乎一种道德义务,low,无明确关键词匹配，根据语义判断最接近「第十六章 理性近乎一种道德义务」
1997,西科金融,"我们投资时的三种""不为""",16,第十六章 理性近乎一种道德义务,low,无明确关键词匹配，根据语义判断最接近「第十六章 理性近乎一种道德义务」
1997,西科金融,我们不太会投资生产普通商品的生意,16,第十六章 理性近乎一种道德义务,low,无明确关键词匹配，根据语义判断最接近「第十六章 理性近乎一种道德义务」
1997,西科金融,高科技行业的大机会不是我们的,16,第十六章 理性近乎一种道德义务,low,无明确关键词匹配，根据语义判断最接近「第十六章 理性近乎一种道德义务」
1997,西科金融,我不会为股票支付溢价，但卓越的人值得追随,16,第十六章 理性近乎一种道德义务,low,无明确关键词匹配，根据语义判断最接近「第十六章 理性近乎一种道德义务」
1997,西科金融,学基本的东西，做踏实的工作,16,第十六章 理性近乎一种道德义务,medium,包含关键词「踏实」，与「第十六章 理性近乎一种道德义务」主题高度相关
1997,西科金融,这本书凝结了一位老人一生的智慧,16,第十六章 理性近乎一种道德义务,low,无明确关键词匹配，根据语义判断最接近「第十六章 理性近乎一种道德义务」
1998,西科金融,每个家庭都应该把《影响力》作为必读书,3,第三章 终身学习：让模型保持活性,medium,包含关键词「读书」，与「第三章 终身学习：让模型保持活性」主题高度相关
1998,西科金融,学心理学，是为了学会正确的思考方式,7,第七章 误判不是偶然：心理倾向的系统,medium,包含关键词「心理学」，与「第七章 误判不是偶然：心理倾向的系统」主题高度相关
1998,西科金融,我们总是尽可能采用我们认为合理的激励方案,8,第八章 激励：制度比劝诫更诚实,medium,包含关键词「激励」，与「第八章 激励：制度比劝诫更诚实」主题高度相关
1998,西科金融,普通投资者是否应该买指数基金？,9,第九章 群体、权威与被剥夺感,high,包含关键词「指数基金、指数」，与「第九章 群体、权威与被剥夺感」主题高度相关
1998,西科金融,多个因素形成的合力让人们做出了改变,10,第十章 当偏误彼此增强,medium,包含关键词「合力」，与「第十章 当偏误彼此增强」主题高度相关
1998,西科金融,小型保险公司被收购后可以节省再保险费用,11,第十一章 穿过会计看商业现实,medium,包含关键词「费用」，与「第十一章 穿过会计看商业现实」主题高度相关
1998,西科金融,最重要的因素绝对是资本收益率,11,第十一章 穿过会计看商业现实,medium,包含关键词「收益率」，与「第十一章 穿过会计看商业现实」主题高度相关
1998,西科金融,有智慧的人善于比较机会成本,11,第十一章 穿过会计看商业现实,medium,包含关键词「成本」，与「第十一章 穿过会计看商业现实」主题高度相关
1998,西科金融,通过回购来提高资本收益率，效果是有限的,11,第十一章 穿过会计看商业现实,medium,包含关键词「收益率」，与「第十一章 穿过会计看商业现实」主题高度相关
1998,西科金融,大家都知道要买好公司，关键在于你是否有能力找到真正的好公司,12,第十二章 好企业让少行动成为优势,high,包含关键词「好公司、好公司」，与「第十二章 好企业让少行动成为优势」主题高度相关
1998,西科金融,全美航空这笔投资赚钱了，但以后可不做这样的投资了,12,第十二章 好企业让少行动成为优势,medium,包含关键词「全美航空」，与「第十二章 好企业让少行动成为优势」主题高度相关
1998,西科金融,好生意发行股份交换差生意要斟酌,12,第十二章 好企业让少行动成为优势,high,包含关键词「好生意、好生意」，与「第十二章 好企业让少行动成为优势」主题高度相关
1998,西科金融,铁路公司以前没买过，以后还不知道,12,第十二章 好企业让少行动成为优势,medium,包含关键词「铁路」，与「第十二章 好企业让少行动成为优势」主题高度相关
1998,西科金融,基金行业增速很快，但我对它没什么好感,12,第十二章 好企业让少行动成为优势,high,包含关键词「基金、基金行业」，与「第十二章 好企业让少行动成为优势」主题高度相关
1998,西科金融,西科与伯克希尔是少数派,13,第十三章 少数机会、集中下注与资本配置,medium,包含关键词「伯克希尔」，与「第十三章 少数机会、集中下注与资本配置」主题高度相关
1998,西科金融,西科很容易估值，与伯克希尔有天壤之别,13,第十三章 少数机会、集中下注与资本配置,medium,包含关键词「伯克希尔」，与「第十三章 少数机会、集中下注与资本配置」主题高度相关
1998,西科金融,盖可会成为伯克希尔的中流砥柱,13,第十三章 少数机会、集中下注与资本配置,medium,包含关键词「伯克希尔」，与「第十三章 少数机会、集中下注与资本配置」主题高度相关
1998,西科金融,小盘股中肯定有好机会，就看你能不能挖掘到,13,第十三章 少数机会、集中下注与资本配置,medium,包含关键词「好机会」，与「第十三章 少数机会、集中下注与资本配置」主题高度相关
1998,西科金融,没回购并不是最严重的错误,13,第十三章 少数机会、集中下注与资本配置,medium,包含关键词「回购」，与「第十三章 少数机会、集中下注与资本配置」主题高度相关
1998,西科金融,大多数人善于选择性地遗忘自己的错误,15,第十五章 避免惯常的失败方式,medium,包含关键词「自己的错」，与「第十五章 避免惯常的失败方式」主题高度相关
1998,西科金融,请原谅我们选了这么豪华的会场,16,第十六章 理性近乎一种道德义务,low,无明确关键词匹配，根据语义判断最接近「第十六章 理性近乎一种道德义务」
1998,西科金融,盖可的生意好极了，投资也做得非常好,16,第十六章 理性近乎一种道德义务,low,无明确关键词匹配，根据语义判断最接近「第十六章 理性近乎一种道德义务」
1998,西科金融,卢·辛普森完全独立地做投资，而且做得非常好,16,第十六章 理性近乎一种道德义务,low,无明确关键词匹配，根据语义判断最接近「第十六章 理性近乎一种道德义务」
1998,西科金融,我们的进步来源于吃亏、领悟和适应环境,16,第十六章 理性近乎一种道德义务,low,无明确关键词匹配，根据语义判断最接近「第十六章 理性近乎一种道德义务」
1998,西科金融,经营企业和投资股票相得益彰,16,第十六章 理性近乎一种道德义务,low,无明确关键词匹配，根据语义判断最接近「第十六章 理性近乎一种道德义务」
1998,西科金融,投资有正道,16,第十六章 理性近乎一种道德义务,medium,包含关键词「正道」，与「第十六章 理性近乎一种道德义务」主题高度相关
1998,西科金融,学物理对我产生了很大的影响,16,第十六章 理性近乎一种道德义务,low,无明确关键词匹配，根据语义判断最接近「第十六章 理性近乎一种道德义务」
1998,西科金融,读年报要注意......,16,第十六章 理性近乎一种道德义务,low,无明确关键词匹配，根据语义判断最接近「第十六章 理性近乎一种道德义务」
1998,西科金融,关键是要用多个模型去分析现实世界,16,第十六章 理性近乎一种道德义务,low,无明确关键词匹配，根据语义判断最接近「第十六章 理性近乎一种道德义务」
1998,西科金融,"""漂亮""不只是公司的生意好，而且价格也得合适",16,第十六章 理性近乎一种道德义务,low,无明确关键词匹配，根据语义判断最接近「第十六章 理性近乎一种道德义务」
1998,西科金融,人类天生的思维方式存在缺陷，需要通过学习加以完善,16,第十六章 理性近乎一种道德义务,low,无明确关键词匹配，根据语义判断最接近「第十六章 理性近乎一种道德义务」
1998,西科金融,我们确实犯过很多错,16,第十六章 理性近乎一种道德义务,low,无明确关键词匹配，根据语义判断最接近「第十六章 理性近乎一种道德义务」
1998,西科金融,没深入研究过的事，我确实没有什么特别的看法,16,第十六章 理性近乎一种道德义务,low,无明确关键词匹配，根据语义判断最接近「第十六章 理性近乎一种道德义务」
1998,西科金融,我绝对猜不到现在的原油价格,16,第十六章 理性近乎一种道德义务,low,无明确关键词匹配，根据语义判断最接近「第十六章 理性近乎一种道德义务」
1998,西科金融,目前股票价格这么高，很多问题没那么简单,16,第十六章 理性近乎一种道德义务,low,无明确关键词匹配，根据语义判断最接近「第十六章 理性近乎一种道德义务」
1998,西科金融,也许只是现在的股票达到了公允的价格......,16,第十六章 理性近乎一种道德义务,low,无明确关键词匹配，根据语义判断最接近「第十六章 理性近乎一种道德义务」
1999,西科金融,多模型思维方式如何建立？,2,第二章 多元思维模型怎样连成知识格栅,medium,包含关键词「模型思维」，与「第二章 多元思维模型怎样连成知识格栅」主题高度相关
1999,西科金融,伯克希尔保留子公司的激励制度，但股票期权除外,8,第八章 激励：制度比劝诫更诚实,high,包含关键词「激励、激励制度、制度」，与「第八章 激励：制度比劝诫更诚实」主题高度相关
1999,西科金融,资本主义制度的威胁来源于不良的企业文化,8,第八章 激励：制度比劝诫更诚实,medium,包含关键词「制度」，与「第八章 激励：制度比劝诫更诚实」主题高度相关
1999,西科金融,整个社会的公司文化都跑偏了，资本主义制度就危险了,8,第八章 激励：制度比劝诫更诚实,medium,包含关键词「制度」，与「第八章 激励：制度比劝诫更诚实」主题高度相关
1999,西科金融,狂热投身于互联网将引发巨额亏损,9,第九章 群体、权威与被剥夺感,medium,包含关键词「狂热」，与「第九章 群体、权威与被剥夺感」主题高度相关
1999,西科金融,每一场投机都有所不同，但都有相似之处,9,第九章 群体、权威与被剥夺感,medium,包含关键词「投机」，与「第九章 群体、权威与被剥夺感」主题高度相关
1999,西科金融,长期资本管理公司不会导致整个金融体系崩溃，但衍生品必然引发危机,9,第九章 群体、权威与被剥夺感,high,包含关键词「金融体系、衍生品、长期资本」，与「第九章 群体、权威与被剥夺感」主题高度相关
1999,西科金融,总是见不着现金的公司，利润再多，也不值钱,11,第十一章 穿过会计看商业现实,high,包含关键词「利润、现金」，与「第十一章 穿过会计看商业现实」主题高度相关
1999,西科金融,有时候，牺牲短期利润是明智之举,11,第十一章 穿过会计看商业现实,medium,包含关键词「利润」，与「第十一章 穿过会计看商业现实」主题高度相关
1999,西科金融,从长期来看，盈利能力更重要,11,第十一章 穿过会计看商业现实,medium,包含关键词「盈利」，与「第十一章 穿过会计看商业现实」主题高度相关
1999,西科金融,联合多美的管理层没有那么差,12,第十二章 好企业让少行动成为优势,medium,包含关键词「管理层」，与「第十二章 好企业让少行动成为优势」主题高度相关
1999,西科金融,伯克希尔不排斥分析师，有一位优秀的分析师在关注我们,12,第十二章 好企业让少行动成为优势,medium,包含关键词「优秀」，与「第十二章 好企业让少行动成为优势」主题高度相关
1999,西科金融,汽车保险行业的生意不好做了，但盖可保险很强大,12,第十二章 好企业让少行动成为优势,high,包含关键词「汽车、强大」，与「第十二章 好企业让少行动成为优势」主题高度相关
1999,西科金融,如何决定投资10亿美元买入可口可乐？,12,第十二章 好企业让少行动成为优势,medium,包含关键词「可口可乐」，与「第十二章 好企业让少行动成为优势」主题高度相关
1999,西科金融,芒格家族将长期持有伯克希尔的股票,12,第十二章 好企业让少行动成为优势,medium,包含关键词「长期持有」，与「第十二章 好企业让少行动成为优势」主题高度相关
1999,西科金融,喜诗奠定了伯克希尔未来发展的根基,12,第十二章 好企业让少行动成为优势,medium,包含关键词「喜诗」，与「第十二章 好企业让少行动成为优势」主题高度相关
1999,西科金融,我们偶尔会跳出巴菲特的经典投资风格,13,第十三章 少数机会、集中下注与资本配置,high,包含关键词「巴菲特、投资风格」，与「第十三章 少数机会、集中下注与资本配置」主题高度相关
1999,西科金融,伯克希尔的保险业务具有两大优势,13,第十三章 少数机会、集中下注与资本配置,medium,包含关键词「伯克希尔」，与「第十三章 少数机会、集中下注与资本配置」主题高度相关
1999,西科金融,银子弹是说一定要弄清楚威胁最大的竞争对手是谁,13,第十三章 少数机会、集中下注与资本配置,medium,包含关键词「子弹」，与「第十三章 少数机会、集中下注与资本配置」主题高度相关
1999,西科金融,投资，要找毫不含糊的好机会,13,第十三章 少数机会、集中下注与资本配置,medium,包含关键词「好机会」，与「第十三章 少数机会、集中下注与资本配置」主题高度相关
1999,西科金融,伯克希尔发行股份收购，有亏有赚,13,第十三章 少数机会、集中下注与资本配置,medium,包含关键词「伯克希尔」，与「第十三章 少数机会、集中下注与资本配置」主题高度相关
1999,西科金融,高度放权是我们的风格,14,第十四章 应得信任：合作如何降低摩擦,medium,包含关键词「放权」，与「第十四章 应得信任：合作如何降低摩擦」主题高度相关
1999,西科金融,读了洛克菲勒的故事，我们能从中得到很多启发,14,第十四章 应得信任：合作如何降低摩擦,medium,包含关键词「故事」，与「第十四章 应得信任：合作如何降低摩擦」主题高度相关
1999,西科金融,学习模型思考，作为入门，推荐《影响力》,14,第十四章 应得信任：合作如何降低摩擦,medium,包含关键词「推荐」，与「第十四章 应得信任：合作如何降低摩擦」主题高度相关
1999,西科金融,识人察人也要多看多琢磨,14,第十四章 应得信任：合作如何降低摩擦,high,包含关键词「识人、察人」，与「第十四章 应得信任：合作如何降低摩擦」主题高度相关
1999,西科金融,科技变革不新鲜，是投资者之痛，亦可能是投资者之幸,16,第十六章 理性近乎一种道德义务,low,无明确关键词匹配，根据语义判断最接近「第十六章 理性近乎一种道德义务」
1999,西科金融,计算机技术的作用没那么夸张，人们低估了流程再造的贡献,16,第十六章 理性近乎一种道德义务,low,无明确关键词匹配，根据语义判断最接近「第十六章 理性近乎一种道德义务」
1999,西科金融,投资者应该关注科技变革的时代意义及其行业壁垒,16,第十六章 理性近乎一种道德义务,low,无明确关键词匹配，根据语义判断最接近「第十六章 理性近乎一种道德义务」
1999,西科金融,强式有效市场假说纯属胡说八道,16,第十六章 理性近乎一种道德义务,low,无明确关键词匹配，根据语义判断最接近「第十六章 理性近乎一种道德义务」
1999,西科金融,沃伦偶尔还会回味捡烟蒂的乐趣,16,第十六章 理性近乎一种道德义务,low,无明确关键词匹配，根据语义判断最接近「第十六章 理性近乎一种道德义务」
1999,西科金融,保险行业竞争愈发激烈，但我们会逆势上行,16,第十六章 理性近乎一种道德义务,low,无明确关键词匹配，根据语义判断最接近「第十六章 理性近乎一种道德义务」
1999,西科金融,堪萨斯银行业担保公司和盖可保险完全不同,16,第十六章 理性近乎一种道德义务,low,无明确关键词匹配，根据语义判断最接近「第十六章 理性近乎一种道德义务」
1999,西科金融,慧眼识珠，收益最可观,16,第十六章 理性近乎一种道德义务,low,无明确关键词匹配，根据语义判断最接近「第十六章 理性近乎一种道德义务」
1999,西科金融,为别人管理投资，需要很强的责任感,16,第十六章 理性近乎一种道德义务,low,无明确关键词匹配，根据语义判断最接近「第十六章 理性近乎一种道德义务」
1999,西科金融,今天的股市，确实与20世纪六七十年代有相似之处,16,第十六章 理性近乎一种道德义务,low,无明确关键词匹配，根据语义判断最接近「第十六章 理性近乎一种道德义务」
1999,西科金融,应该好好总结日本经济衰退的前车之鉴,16,第十六章 理性近乎一种道德义务,low,无明确关键词匹配，根据语义判断最接近「第十六章 理性近乎一种道德义务」
1999,西科金融,投资顾问是现代社会的占卜师,16,第十六章 理性近乎一种道德义务,low,无明确关键词匹配，根据语义判断最接近「第十六章 理性近乎一种道德义务」
1999,西科金融,打磨思维方式，乐趣无穷,16,第十六章 理性近乎一种道德义务,low,无明确关键词匹配，根据语义判断最接近「第十六章 理性近乎一种道德义务」
1999,西科金融,做投资，就要看懂公司的生意,16,第十六章 理性近乎一种道德义务,low,无明确关键词匹配，根据语义判断最接近「第十六章 理性近乎一种道德义务」
1999,西科金融,我按照自己的喜好选择聚焦投资,16,第十六章 理性近乎一种道德义务,low,无明确关键词匹配，根据语义判断最接近「第十六章 理性近乎一种道德义务」
1999,西科金融,菲利普·费雪鼓舞了我,16,第十六章 理性近乎一种道德义务,low,无明确关键词匹配，根据语义判断最接近「第十六章 理性近乎一种道德义务」
1999,西科金融,房地美的生意很好，所以西科聚焦投资于房地美,16,第十六章 理性近乎一种道德义务,low,无明确关键词匹配，根据语义判断最接近「第十六章 理性近乎一种道德义务」
1999,西科金融,不看电影公司，不看矿业公司，我一点都不觉得遗憾,16,第十六章 理性近乎一种道德义务,low,无明确关键词匹配，根据语义判断最接近「第十六章 理性近乎一种道德义务」
1999,西科金融,认清困难，更有可能实现目标,16,第十六章 理性近乎一种道德义务,low,无明确关键词匹配，根据语义判断最接近「第十六章 理性近乎一种道德义务」
1999,西科金融,"""海军上将芒格""的由来",16,第十六章 理性近乎一种道德义务,low,无明确关键词匹配，根据语义判断最接近「第十六章 理性近乎一种道德义务」
2000,西科金融,有些经济现象要结合经济学与心理学来解释,7,第七章 误判不是偶然：心理倾向的系统,medium,包含关键词「心理学」，与「第七章 误判不是偶然：心理倾向的系统」主题高度相关
2000,西科金融,我对衍生品的基本态度很明确，就是厌恶,9,第九章 群体、权威与被剥夺感,medium,包含关键词「衍生品」，与「第九章 群体、权威与被剥夺感」主题高度相关
2000,西科金融,通用再保险和伯克希尔能用好衍生品交易,9,第九章 群体、权威与被剥夺感,medium,包含关键词「衍生品」，与「第九章 群体、权威与被剥夺感」主题高度相关
2000,西科金融,作为一个现代人，谁都不可能对利率无动于衷,9,第九章 群体、权威与被剥夺感,medium,包含关键词「利率」，与「第九章 群体、权威与被剥夺感」主题高度相关
2000,西科金融,我们预测不了利率，只能做好准备,9,第九章 群体、权威与被剥夺感,medium,包含关键词「利率」，与「第九章 群体、权威与被剥夺感」主题高度相关
2000,西科金融,利率是很重要,9,第九章 群体、权威与被剥夺感,medium,包含关键词「利率」，与「第九章 群体、权威与被剥夺感」主题高度相关
2000,西科金融,资产泡沫和信用扩张须警惕,9,第九章 群体、权威与被剥夺感,medium,包含关键词「泡沫」，与「第九章 群体、权威与被剥夺感」主题高度相关
2000,西科金融,钻漏洞、造假的行为不曾消歇，只是愈加隐蔽,11,第十一章 穿过会计看商业现实,medium,包含关键词「造假」，与「第十一章 穿过会计看商业现实」主题高度相关
2000,西科金融,违反会计原则的问题很严重,11,第十一章 穿过会计看商业现实,medium,包含关键词「会计」，与「第十一章 穿过会计看商业现实」主题高度相关
2000,西科金融,我本人对可口可乐充满信心,12,第十二章 好企业让少行动成为优势,medium,包含关键词「可口可乐」，与「第十二章 好企业让少行动成为优势」主题高度相关
2000,西科金融,互联网能使消费者受益，但投资者未必受益,12,第十二章 好企业让少行动成为优势,medium,包含关键词「消费」，与「第十二章 好企业让少行动成为优势」主题高度相关
2000,西科金融,好生意的高利润被拉低，我们有过亲身经历,12,第十二章 好企业让少行动成为优势,high,包含关键词「好生意、好生意」，与「第十二章 好企业让少行动成为优势」主题高度相关
2000,西科金融,报纸业前景黯淡，互联网却未必会改变发电厂,12,第十二章 好企业让少行动成为优势,medium,包含关键词「报纸」，与「第十二章 好企业让少行动成为优势」主题高度相关
2000,西科金融,伯克希尔的子公司和人才拥有共同的美德,13,第十三章 少数机会、集中下注与资本配置,medium,包含关键词「伯克希尔」，与「第十三章 少数机会、集中下注与资本配置」主题高度相关
2000,西科金融,伯克希尔子公司的美德在加入之前就已经具备了,13,第十三章 少数机会、集中下注与资本配置,medium,包含关键词「伯克希尔」，与「第十三章 少数机会、集中下注与资本配置」主题高度相关
2000,西科金融,伯克希尔与西科的保险业务有其优势,13,第十三章 少数机会、集中下注与资本配置,medium,包含关键词「伯克希尔」，与「第十三章 少数机会、集中下注与资本配置」主题高度相关
2000,西科金融,为什么很少有人学伯克希尔呢？,13,第十三章 少数机会、集中下注与资本配置,medium,包含关键词「伯克希尔」，与「第十三章 少数机会、集中下注与资本配置」主题高度相关
2000,西科金融,伯克希尔的困难增加了，但也有一些优势,13,第十三章 少数机会、集中下注与资本配置,medium,包含关键词「伯克希尔」，与「第十三章 少数机会、集中下注与资本配置」主题高度相关
2000,西科金融,我们选人很准，所以很少换人,16,第十六章 理性近乎一种道德义务,low,无明确关键词匹配，根据语义判断最接近「第十六章 理性近乎一种道德义务」
2000,西科金融,业绩波动大，但我们承受得起,16,第十六章 理性近乎一种道德义务,low,无明确关键词匹配，根据语义判断最接近「第十六章 理性近乎一种道德义务」
2000,西科金融,保险业务规模占比低的两个原因,16,第十六章 理性近乎一种道德义务,low,无明确关键词匹配，根据语义判断最接近「第十六章 理性近乎一种道德义务」
2000,西科金融,盖可保险的浮存金降低可能是因为挤掉了水分,16,第十六章 理性近乎一种道德义务,low,无明确关键词匹配，根据语义判断最接近「第十六章 理性近乎一种道德义务」
2000,西科金融,好书实有真义，新词徒有其表,16,第十六章 理性近乎一种道德义务,low,无明确关键词匹配，根据语义判断最接近「第十六章 理性近乎一种道德义务」
2000,西科金融,两本好书,16,第十六章 理性近乎一种道德义务,low,无明确关键词匹配，根据语义判断最接近「第十六章 理性近乎一种道德义务」
2000,西科金融,进化论也适用于公司和行业,16,第十六章 理性近乎一种道德义务,low,无明确关键词匹配，根据语义判断最接近「第十六章 理性近乎一种道德义务」
2000,西科金融,人们总是局限在狭隘的专业范围内，不会使用多个模型,16,第十六章 理性近乎一种道德义务,low,无明确关键词匹配，根据语义判断最接近「第十六章 理性近乎一种道德义务」
2000,西科金融,包装基本的概念没有意义,16,第十六章 理性近乎一种道德义务,low,无明确关键词匹配，根据语义判断最接近「第十六章 理性近乎一种道德义务」
2000,西科金融,我们的大道上人烟稀少，但我一直在努力传播思想,16,第十六章 理性近乎一种道德义务,medium,包含关键词「大道」，与「第十六章 理性近乎一种道德义务」主题高度相关
2000,西科金融,我回答问题，不是为了逗乐，我讲的是生活的艺术,16,第十六章 理性近乎一种道德义务,low,无明确关键词匹配，根据语义判断最接近「第十六章 理性近乎一种道德义务」
2000,西科金融,科特的租赁家具生意做得很不错,16,第十六章 理性近乎一种道德义务,low,无明确关键词匹配，根据语义判断最接近「第十六章 理性近乎一种道德义务」
2000,西科金融,利捷现在吃苦进军欧洲，是为了将来不吃苦,16,第十六章 理性近乎一种道德义务,low,无明确关键词匹配，根据语义判断最接近「第十六章 理性近乎一种道德义务」
2000,西科金融,互联网是大势所趋，但对投资者未必是好事,16,第十六章 理性近乎一种道德义务,low,无明确关键词匹配，根据语义判断最接近「第十六章 理性近乎一种道德义务」
2000,西科金融,硅谷的房价上涨速度堪称史无前例,16,第十六章 理性近乎一种道德义务,low,无明确关键词匹配，根据语义判断最接近「第十六章 理性近乎一种道德义务」
2000,西科金融,投资要走自己的路，不要和别人比,16,第十六章 理性近乎一种道德义务,low,无明确关键词匹配，根据语义判断最接近「第十六章 理性近乎一种道德义务」
2000,西科金融,投资要走自己的路，不要和别人比,16,第十六章 理性近乎一种道德义务,low,无明确关键词匹配，根据语义判断最接近「第十六章 理性近乎一种道德义务」
2000,西科金融,我们进入股市时赶上了好时候,16,第十六章 理性近乎一种道德义务,low,无明确关键词匹配，根据语义判断最接近「第十六章 理性近乎一种道德义务」
2003,西科金融,要做好投资，必须大量阅读,3,第三章 终身学习：让模型保持活性,medium,包含关键词「阅读」，与「第三章 终身学习：让模型保持活性」主题高度相关
2003,西科金融,如何遥遥领先指数？,9,第九章 群体、权威与被剥夺感,medium,包含关键词「指数」，与「第九章 群体、权威与被剥夺感」主题高度相关
2003,西科金融,会计处理与衍生品交易，都要小心,9,第九章 群体、权威与被剥夺感,medium,包含关键词「衍生品」，与「第九章 群体、权威与被剥夺感」主题高度相关
2003,西科金融,能源行业的衍生品已经爆雷，下一个可能是金融行业,9,第九章 群体、权威与被剥夺感,medium,包含关键词「衍生品」，与「第九章 群体、权威与被剥夺感」主题高度相关
2003,西科金融,嫉妒是一种愚蠢的罪,10,第十章 当偏误彼此增强,medium,包含关键词「嫉妒」，与「第十章 当偏误彼此增强」主题高度相关
2003,西科金融,用机会成本的方式思考，并且留在能力圈之内,11,第十一章 穿过会计看商业现实,medium,包含关键词「成本」，与「第十一章 穿过会计看商业现实」主题高度相关
2003,西科金融,用单位净值法计算基金收益率更合理,11,第十一章 穿过会计看商业现实,high,包含关键词「收益率、净值」，与「第十一章 穿过会计看商业现实」主题高度相关
2003,西科金融,会计漏洞一直存在且很难解决,11,第十一章 穿过会计看商业现实,medium,包含关键词「会计」，与「第十一章 穿过会计看商业现实」主题高度相关
2003,西科金融,获得高收益率没那么容易,11,第十一章 穿过会计看商业现实,medium,包含关键词「收益率」，与「第十一章 穿过会计看商业现实」主题高度相关
2003,西科金融,事件套利不太赚钱了，我们已经很少做了,12,第十二章 好企业让少行动成为优势,medium,包含关键词「少做」，与「第十二章 好企业让少行动成为优势」主题高度相关
2003,西科金融,与管理层交流怎么可能完全没用呢？,12,第十二章 好企业让少行动成为优势,medium,包含关键词「管理层」，与「第十二章 好企业让少行动成为优势」主题高度相关
2003,西科金融,偏离主业的公用事业公司，为什么会把自己搞死？,12,第十二章 好企业让少行动成为优势,medium,包含关键词「公用事业」，与「第十二章 好企业让少行动成为优势」主题高度相关
2003,西科金融,收购伯灵顿不是因为突然看好纺织生意,12,第十二章 好企业让少行动成为优势,medium,包含关键词「看好」，与「第十二章 好企业让少行动成为优势」主题高度相关
2003,西科金融,伯克希尔有独特的文化，不会轻易被大公司病侵蚀,12,第十二章 好企业让少行动成为优势,medium,包含关键词「大公司」，与「第十二章 好企业让少行动成为优势」主题高度相关
2003,西科金融,我对社保基金入市持怀疑态度,12,第十二章 好企业让少行动成为优势,medium,包含关键词「基金」，与「第十二章 好企业让少行动成为优势」主题高度相关
2003,西科金融,社保基金正常运转不是靠这个,12,第十二章 好企业让少行动成为优势,medium,包含关键词「基金」，与「第十二章 好企业让少行动成为优势」主题高度相关
2003,西科金融,好机会稍纵即逝，必须时刻准备着,13,第十三章 少数机会、集中下注与资本配置,medium,包含关键词「好机会」，与「第十三章 少数机会、集中下注与资本配置」主题高度相关
2003,西科金融,之前我们错过了沃尔玛，现在与它互相信任,14,第十四章 应得信任：合作如何降低摩擦,medium,包含关键词「信任」，与「第十四章 应得信任：合作如何降低摩擦」主题高度相关
2003,西科金融,学术界和投资机构不懂我们，我们走自己的路,16,第十六章 理性近乎一种道德义务,low,无明确关键词匹配，根据语义判断最接近「第十六章 理性近乎一种道德义务」
2003,西科金融,打20个孔，做20笔投资,16,第十六章 理性近乎一种道德义务,low,无明确关键词匹配，根据语义判断最接近「第十六章 理性近乎一种道德义务」
2003,西科金融,投资变难了，但还没难到日本那种程度,16,第十六章 理性近乎一种道德义务,low,无明确关键词匹配，根据语义判断最接近「第十六章 理性近乎一种道德义务」
2003,西科金融,格雷厄姆和费雪的基本思想永不过时,16,第十六章 理性近乎一种道德义务,low,无明确关键词匹配，根据语义判断最接近「第十六章 理性近乎一种道德义务」
2003,西科金融,我接受格雷厄姆的主要思想,16,第十六章 理性近乎一种道德义务,low,无明确关键词匹配，根据语义判断最接近「第十六章 理性近乎一种道德义务」
2003,西科金融,费雪对我们产生的两个影响,16,第十六章 理性近乎一种道德义务,low,无明确关键词匹配，根据语义判断最接近「第十六章 理性近乎一种道德义务」
2003,西科金融,我们在实践中形成了自己的风格和方法,16,第十六章 理性近乎一种道德义务,low,无明确关键词匹配，根据语义判断最接近「第十六章 理性近乎一种道德义务」
2003,西科金融,比起股票，我们更愿意收购,16,第十六章 理性近乎一种道德义务,low,无明确关键词匹配，根据语义判断最接近「第十六章 理性近乎一种道德义务」
2003,西科金融,我们有特殊事件保险领域的最强组合,16,第十六章 理性近乎一种道德义务,low,无明确关键词匹配，根据语义判断最接近「第十六章 理性近乎一种道德义务」
2003,西科金融,投资和人生，道理是相通的,16,第十六章 理性近乎一种道德义务,low,无明确关键词匹配，根据语义判断最接近「第十六章 理性近乎一种道德义务」
2003,西科金融,该面对的必须要面对,16,第十六章 理性近乎一种道德义务,low,无明确关键词匹配，根据语义判断最接近「第十六章 理性近乎一种道德义务」
2003,西科金融,学点真本事,16,第十六章 理性近乎一种道德义务,low,无明确关键词匹配，根据语义判断最接近「第十六章 理性近乎一种道德义务」
2003,西科金融,错过机会是无法避免的,16,第十六章 理性近乎一种道德义务,low,无明确关键词匹配，根据语义判断最接近「第十六章 理性近乎一种道德义务」
2003,西科金融,我们收购了沃尔玛出售的麦克莱恩,16,第十六章 理性近乎一种道德义务,low,无明确关键词匹配，根据语义判断最接近「第十六章 理性近乎一种道德义务」
2003,西科金融,我们买入克莱顿房屋时正值行业低谷,16,第十六章 理性近乎一种道德义务,low,无明确关键词匹配，根据语义判断最接近「第十六章 理性近乎一种道德义务」
2003,西科金融,科特的生意遭遇了寒冬,16,第十六章 理性近乎一种道德义务,low,无明确关键词匹配，根据语义判断最接近「第十六章 理性近乎一种道德义务」
2003,西科金融,解决石棉伤害赔偿的法律体系存在问题,16,第十六章 理性近乎一种道德义务,low,无明确关键词匹配，根据语义判断最接近「第十六章 理性近乎一种道德义务」
2003,西科金融,发行自创金融产品，只是沃伦闲着没事找事做,16,第十六章 理性近乎一种道德义务,low,无明确关键词匹配，根据语义判断最接近「第十六章 理性近乎一种道德义务」
2003,西科金融,银行的生意很好做，但这波繁荣到头了,16,第十六章 理性近乎一种道德义务,low,无明确关键词匹配，根据语义判断最接近「第十六章 理性近乎一种道德义务」
2003,西科金融,知识与努力会照亮我们的人生,16,第十六章 理性近乎一种道德义务,low,无明确关键词匹配，根据语义判断最接近「第十六章 理性近乎一种道德义务」
2003,西科金融,读科学方面的书，也读这些传记,16,第十六章 理性近乎一种道德义务,low,无明确关键词匹配，根据语义判断最接近「第十六章 理性近乎一种道德义务」
2003,西科金融,按我的方法，一定能成功,16,第十六章 理性近乎一种道德义务,low,无明确关键词匹配，根据语义判断最接近「第十六章 理性近乎一种道德义务」
2003,西科金融,佛陀一语道出人生真谛,16,第十六章 理性近乎一种道德义务,low,无明确关键词匹配，根据语义判断最接近「第十六章 理性近乎一种道德义务」
2007,西科金融,阅读、思考与心理学，尤为重要,3,第三章 终身学习：让模型保持活性,medium,包含关键词「阅读」，与「第三章 终身学习：让模型保持活性」主题高度相关
2007,西科金融,真想成功，要甘坐冷板凳，日复一日地阅读,3,第三章 终身学习：让模型保持活性,medium,包含关键词「阅读」，与「第三章 终身学习：让模型保持活性」主题高度相关
2007,西科金融,以自我为中心是最严重的误判心理,7,第七章 误判不是偶然：心理倾向的系统,medium,包含关键词「误判」，与「第七章 误判不是偶然：心理倾向的系统」主题高度相关
2007,西科金融,会计师是一个高尚的职业，但是他们竟然制造了安然丑闻,11,第十一章 穿过会计看商业现实,high,包含关键词「会计、安然、会计师」，与「第十一章 穿过会计看商业现实」主题高度相关
2007,西科金融,做决定要充分考虑机会成本,11,第十一章 穿过会计看商业现实,medium,包含关键词「成本」，与「第十一章 穿过会计看商业现实」主题高度相关
2007,西科金融,社保基金不足为忧，该担心的是不合理的税收,11,第十一章 穿过会计看商业现实,medium,包含关键词「税」，与「第十一章 穿过会计看商业现实」主题高度相关
2007,西科金融,杠杆收购基金的未来可以参考风投,12,第十二章 好企业让少行动成为优势,high,包含关键词「基金、风投」，与「第十二章 好企业让少行动成为优势」主题高度相关
2007,西科金融,我们推翻了旧的观点，现在的铁路公司拥有巨大竞争优势,12,第十二章 好企业让少行动成为优势,high,包含关键词「竞争优势、铁路」，与「第十二章 好企业让少行动成为优势」主题高度相关
2007,西科金融,沃伦拯救所罗门的故事,12,第十二章 好企业让少行动成为优势,medium,包含关键词「所罗门」，与「第十二章 好企业让少行动成为优势」主题高度相关
2007,西科金融,伊斯卡的管理者非常优秀,12,第十二章 好企业让少行动成为优势,medium,包含关键词「优秀」，与「第十二章 好企业让少行动成为优势」主题高度相关
2007,西科金融,既然我成了教派的副掌教，就来谈谈伯克希尔的故事,13,第十三章 少数机会、集中下注与资本配置,medium,包含关键词「伯克希尔」，与「第十三章 少数机会、集中下注与资本配置」主题高度相关
2007,西科金融,伯克希尔和西科的教义永远不变,13,第十三章 少数机会、集中下注与资本配置,medium,包含关键词「伯克希尔」，与「第十三章 少数机会、集中下注与资本配置」主题高度相关
2007,西科金融,巴菲特成功背后的各个因素,13,第十三章 少数机会、集中下注与资本配置,medium,包含关键词「巴菲特」，与「第十三章 少数机会、集中下注与资本配置」主题高度相关
2007,西科金融,伯克希尔是非常规模式，但一定会越来越流行,13,第十三章 少数机会、集中下注与资本配置,medium,包含关键词「伯克希尔」，与「第十三章 少数机会、集中下注与资本配置」主题高度相关
2007,西科金融,应该分红的是西科，不是伯克希尔,13,第十三章 少数机会、集中下注与资本配置,high,包含关键词「伯克希尔、分红」，与「第十三章 少数机会、集中下注与资本配置」主题高度相关
2007,西科金融,西科和伯克希尔，投资机会怎么分？,13,第十三章 少数机会、集中下注与资本配置,medium,包含关键词「伯克希尔」，与「第十三章 少数机会、集中下注与资本配置」主题高度相关
2007,西科金融,"我们正在为伯克希尔寻找更多的""卢·辛普森""",13,第十三章 少数机会、集中下注与资本配置,medium,包含关键词「伯克希尔」，与「第十三章 少数机会、集中下注与资本配置」主题高度相关
2007,西科金融,巴菲特最执着的粉丝,13,第十三章 少数机会、集中下注与资本配置,medium,包含关键词「巴菲特」，与「第十三章 少数机会、集中下注与资本配置」主题高度相关
2007,西科金融,几本好书推荐,14,第十四章 应得信任：合作如何降低摩擦,medium,包含关键词「推荐」，与「第十四章 应得信任：合作如何降低摩擦」主题高度相关
2007,西科金融,很多聪明人在人生中总是做出错误的决定,16,第十六章 理性近乎一种道德义务,low,无明确关键词匹配，根据语义判断最接近「第十六章 理性近乎一种道德义务」
2007,西科金融,大学教育很多原来的老毛病仍然存在,16,第十六章 理性近乎一种道德义务,low,无明确关键词匹配，根据语义判断最接近「第十六章 理性近乎一种道德义务」
2007,西科金融,我追求的是伟大的自由，而伟大的自由需要有物质基础,16,第十六章 理性近乎一种道德义务,low,无明确关键词匹配，根据语义判断最接近「第十六章 理性近乎一种道德义务」
2007,西科金融,"我们的""有所不为""清单",16,第十六章 理性近乎一种道德义务,low,无明确关键词匹配，根据语义判断最接近「第十六章 理性近乎一种道德义务」
2007,西科金融,垃圾债的始作俑者最为卑劣,16,第十六章 理性近乎一种道德义务,low,无明确关键词匹配，根据语义判断最接近「第十六章 理性近乎一种道德义务」
2007,西科金融,先想明白什么是自己不想要的，自然就会得到自己想要的,16,第十六章 理性近乎一种道德义务,low,无明确关键词匹配，根据语义判断最接近「第十六章 理性近乎一种道德义务」
2007,西科金融,我要做像格兰特·麦克法登那样的人,16,第十六章 理性近乎一种道德义务,low,无明确关键词匹配，根据语义判断最接近「第十六章 理性近乎一种道德义务」
2007,西科金融,很多人固守错误的观念或做法不想改变,16,第十六章 理性近乎一种道德义务,low,无明确关键词匹配，根据语义判断最接近「第十六章 理性近乎一种道德义务」
2007,西科金融,学会如何学习,16,第十六章 理性近乎一种道德义务,low,无明确关键词匹配，根据语义判断最接近「第十六章 理性近乎一种道德义务」
2007,西科金融,列清单有助于把问题考虑周全,16,第十六章 理性近乎一种道德义务,low,无明确关键词匹配，根据语义判断最接近「第十六章 理性近乎一种道德义务」
2007,西科金融,无效的市场有两种，我们资金规模太大难免束手束脚,16,第十六章 理性近乎一种道德义务,low,无明确关键词匹配，根据语义判断最接近「第十六章 理性近乎一种道德义务」
2007,西科金融,西科股价过高引发了一些问题,16,第十六章 理性近乎一种道德义务,low,无明确关键词匹配，根据语义判断最接近「第十六章 理性近乎一种道德义务」
2007,西科金融,我们的社会中有很多不合理的现象,16,第十六章 理性近乎一种道德义务,low,无明确关键词匹配，根据语义判断最接近「第十六章 理性近乎一种道德义务」
2007,西科金融,美国面临的三大威胁,16,第十六章 理性近乎一种道德义务,low,无明确关键词匹配，根据语义判断最接近「第十六章 理性近乎一种道德义务」
2007,西科金融,全球变暖非常复杂，但我们能够解决,16,第十六章 理性近乎一种道德义务,low,无明确关键词匹配，根据语义判断最接近「第十六章 理性近乎一种道德义务」
2007,西科金融,伊斯卡、浦项钢铁等几家公司简评,16,第十六章 理性近乎一种道德义务,low,无明确关键词匹配，根据语义判断最接近「第十六章 理性近乎一种道德义务」
2007,西科金融,香港市场中有些吸引人的机会,16,第十六章 理性近乎一种道德义务,low,无明确关键词匹配，根据语义判断最接近「第十六章 理性近乎一种道德义务」
2007,西科金融,项浦钢铁高科技属性非常强,16,第十六章 理性近乎一种道德义务,low,无明确关键词匹配，根据语义判断最接近「第十六章 理性近乎一种道德义务」
2007,西科金融,保险生意做得好，靠的是卓越的人才和不断学习,16,第十六章 理性近乎一种道德义务,low,无明确关键词匹配，根据语义判断最接近「第十六章 理性近乎一种道德义务」
2010,西科金融,多学科思维模型需要一些天赋,1,第一章 一把锤子为什么不够,medium,包含关键词「多学科」，与「第一章 一把锤子为什么不够」主题高度相关
2010,西科金融,会计准则不合理，应该进行大刀阔斧的改革,8,第八章 激励：制度比劝诫更诚实,medium,包含关键词「改革」，与「第八章 激励：制度比劝诫更诚实」主题高度相关
2010,西科金融,这场金融危机溯因：政府、投行、会计处理,9,第九章 群体、权威与被剥夺感,high,包含关键词「金融危机、投行」，与「第九章 群体、权威与被剥夺感」主题高度相关
2010,西科金融,投行的精英可以把客户坑得很惨,9,第九章 群体、权威与被剥夺感,medium,包含关键词「投行」，与「第九章 群体、权威与被剥夺感」主题高度相关
2010,西科金融,衍生品的会计处理是按臆想定价,9,第九章 群体、权威与被剥夺感,medium,包含关键词「衍生品」，与「第九章 群体、权威与被剥夺感」主题高度相关
2010,西科金融,高层对这次金融危机应对得宜,9,第九章 群体、权威与被剥夺感,medium,包含关键词「金融危机」，与「第九章 群体、权威与被剥夺感」主题高度相关
2010,西科金融,衍生品的社会危害性极大,9,第九章 群体、权威与被剥夺感,medium,包含关键词「衍生品」，与「第九章 群体、权威与被剥夺感」主题高度相关
2010,西科金融,国家的栋梁之材涌入华尔街是一种极大的浪费,9,第九章 群体、权威与被剥夺感,medium,包含关键词「华尔街」，与「第九章 群体、权威与被剥夺感」主题高度相关
2010,西科金融,会计处理有太多不合常识的荒谬之处,11,第十一章 穿过会计看商业现实,medium,包含关键词「会计」，与「第十一章 穿过会计看商业现实」主题高度相关
2010,西科金融,新模型让我们进入了高科技领域，我相信比亚迪,12,第十二章 好企业让少行动成为优势,medium,包含关键词「比亚迪」，与「第十二章 好企业让少行动成为优势」主题高度相关
2010,西科金融,比亚迪是一家想不成功都难的公司,12,第十二章 好企业让少行动成为优势,medium,包含关键词「比亚迪」，与「第十二章 好企业让少行动成为优势」主题高度相关
2010,西科金融,中国在高速发展科学技术，我希望更多地了解中国,12,第十二章 好企业让少行动成为优势,medium,包含关键词「了解」，与「第十二章 好企业让少行动成为优势」主题高度相关
2010,西科金融,"比亚迪没有""分析瘫痪症""，我很高兴与它结缘",12,第十二章 好企业让少行动成为优势,medium,包含关键词「比亚迪」，与「第十二章 好企业让少行动成为优势」主题高度相关
2010,西科金融,银行不应把信用卡发放给超前消费成瘾的人,12,第十二章 好企业让少行动成为优势,medium,包含关键词「消费」，与「第十二章 好企业让少行动成为优势」主题高度相关
2010,西科金融,保险行业，我没把握；铁路公司，我很放心,12,第十二章 好企业让少行动成为优势,medium,包含关键词「铁路」，与「第十二章 好企业让少行动成为优势」主题高度相关
2010,西科金融,做成伯灵顿北方铁路公司这笔收购，我很高兴,12,第十二章 好企业让少行动成为优势,medium,包含关键词「铁路」，与「第十二章 好企业让少行动成为优势」主题高度相关
2010,西科金融,关于新能源、可口可乐和科特,12,第十二章 好企业让少行动成为优势,high,包含关键词「可口可乐、能源、新能源」，与「第十二章 好企业让少行动成为优势」主题高度相关
2010,西科金融,我相信将来太阳能板的价格会掉下来,12,第十二章 好企业让少行动成为优势,medium,包含关键词「太阳能」，与「第十二章 好企业让少行动成为优势」主题高度相关
2010,西科金融,可口可乐买回装瓶业务是好事,12,第十二章 好企业让少行动成为优势,medium,包含关键词「可口可乐」，与「第十二章 好企业让少行动成为优势」主题高度相关
2010,西科金融,西科比不上伯克希尔，但与一般公司相比并不逊色,13,第十三章 少数机会、集中下注与资本配置,medium,包含关键词「伯克希尔」，与「第十三章 少数机会、集中下注与资本配置」主题高度相关
2010,西科金融,西科最终的归宿是伯克希尔，而伯克希尔后劲十足,13,第十三章 少数机会、集中下注与资本配置,medium,包含关键词「伯克希尔」，与「第十三章 少数机会、集中下注与资本配置」主题高度相关
2010,西科金融,我敬重伯克希尔的经理人，他们给了我很多启示,13,第十三章 少数机会、集中下注与资本配置,medium,包含关键词「伯克希尔」，与「第十三章 少数机会、集中下注与资本配置」主题高度相关
2010,西科金融,两个商学院的故事，和一个特别好的道理,14,第十四章 应得信任：合作如何降低摩擦,medium,包含关键词「故事」，与「第十四章 应得信任：合作如何降低摩擦」主题高度相关
2010,西科金融,革旧立新，我们可以向新加坡的李光耀学习,14,第十四章 应得信任：合作如何降低摩擦,high,包含关键词「李光耀、新加坡」，与「第十四章 应得信任：合作如何降低摩擦」主题高度相关
2010,西科金融,我的好朋友和我敬重的人,14,第十四章 应得信任：合作如何降低摩擦,medium,包含关键词「朋友」，与「第十四章 应得信任：合作如何降低摩擦」主题高度相关
2010,西科金融,做人当求贤妻与知己,14,第十四章 应得信任：合作如何降低摩擦,medium,包含关键词「知己」，与「第十四章 应得信任：合作如何降低摩擦」主题高度相关
2010,西科金融,嫉妒和野心导致了金融领域的悲剧,15,第十五章 避免惯常的失败方式,high,包含关键词「嫉妒、悲剧」，与「第十五章 避免惯常的失败方式」主题高度相关
2010,西科金融,政府需扮演裁判员的角色，约束人们过度竞争的行为,15,第十五章 避免惯常的失败方式,medium,包含关键词「过度」，与「第十五章 避免惯常的失败方式」主题高度相关
2010,西科金融,如何能众人皆醉我独醒，是值得思考的问题,16,第十六章 理性近乎一种道德义务,low,无明确关键词匹配，根据语义判断最接近「第十六章 理性近乎一种道德义务」
2010,西科金融,严格限制经营活动范围，是避免危机的有效手段,16,第十六章 理性近乎一种道德义务,low,无明确关键词匹配，根据语义判断最接近「第十六章 理性近乎一种道德义务」
2010,西科金融,高科技公司总是难逃被颠覆的命运,16,第十六章 理性近乎一种道德义务,low,无明确关键词匹配，根据语义判断最接近「第十六章 理性近乎一种道德义务」
2010,西科金融,"我们掌握了一个思考高科技公司的新模型------""狗鱼模型""",16,第十六章 理性近乎一种道德义务,low,无明确关键词匹配，根据语义判断最接近「第十六章 理性近乎一种道德义务」
2010,西科金融,中国在追求真正的产品升级,16,第十六章 理性近乎一种道德义务,low,无明确关键词匹配，根据语义判断最接近「第十六章 理性近乎一种道德义务」
2010,西科金融,尽管现状依然弊端重重，但我能看到破晓的曙光,16,第十六章 理性近乎一种道德义务,low,无明确关键词匹配，根据语义判断最接近「第十六章 理性近乎一种道德义务」
2010,西科金融,风险没有完全消除，危机早晚还会到来,16,第十六章 理性近乎一种道德义务,low,无明确关键词匹配，根据语义判断最接近「第十六章 理性近乎一种道德义务」
2010,西科金融,我们是面临很多严重的问题，但我并不悲观,16,第十六章 理性近乎一种道德义务,low,无明确关键词匹配，根据语义判断最接近「第十六章 理性近乎一种道德义务」
2010,西科金融,对待问题，一定要提前预防，也要直面处理,16,第十六章 理性近乎一种道德义务,low,无明确关键词匹配，根据语义判断最接近「第十六章 理性近乎一种道德义务」
2010,西科金融,德国、希腊的例子能说明失败的基本模型，教育孩子也要未雨绸缪,16,第十六章 理性近乎一种道德义务,low,无明确关键词匹配，根据语义判断最接近「第十六章 理性近乎一种道德义务」
2010,西科金融,希腊的困局很难解决,16,第十六章 理性近乎一种道德义务,low,无明确关键词匹配，根据语义判断最接近「第十六章 理性近乎一种道德义务」
2010,西科金融,我们做投资，总是寻找愚蠢的竞争对手，挑软柿子捏,16,第十六章 理性近乎一种道德义务,low,无明确关键词匹配，根据语义判断最接近「第十六章 理性近乎一种道德义务」
2010,西科金融,财险公司很容易犯错,16,第十六章 理性近乎一种道德义务,low,无明确关键词匹配，根据语义判断最接近「第十六章 理性近乎一种道德义务」
2010,西科金融,总有一天，克莱顿的建造方法将得到推广,16,第十六章 理性近乎一种道德义务,low,无明确关键词匹配，根据语义判断最接近「第十六章 理性近乎一种道德义务」
2010,西科金融,西科既不独立，也不远大,16,第十六章 理性近乎一种道德义务,low,无明确关键词匹配，根据语义判断最接近「第十六章 理性近乎一种道德义务」
2010,西科金融,科特应该会好，公寓没赚到钱,16,第十六章 理性近乎一种道德义务,low,无明确关键词匹配，根据语义判断最接近「第十六章 理性近乎一种道德义务」
2010,西科金融,追求智慧是道义所在,16,第十六章 理性近乎一种道德义务,low,无明确关键词匹配，根据语义判断最接近「第十六章 理性近乎一种道德义务」
2010,西科金融,约翰·保尔森的成功给年轻人造成了不良影响,16,第十六章 理性近乎一种道德义务,low,无明确关键词匹配，根据语义判断最接近「第十六章 理性近乎一种道德义务」
2010,西科金融,让特别小的孩子学投资不太合适，有比金钱更宝贵的东西,16,第十六章 理性近乎一种道德义务,low,无明确关键词匹配，根据语义判断最接近「第十六章 理性近乎一种道德义务」
2010,西科金融,这书里有不会说话的查理·芒格，可以随身携带,16,第十六章 理性近乎一种道德义务,low,无明确关键词匹配，根据语义判断最接近「第十六章 理性近乎一种道德义务」
2014,每日期刊,保持阅读与思考，从传记中汲取智慧,3,第三章 终身学习：让模型保持活性,medium,包含关键词「阅读」，与「第三章 终身学习：让模型保持活性」主题高度相关
2014,每日期刊,降低预期的好处,5,第五章 逆向：先问怎样会失败,medium,包含关键词「降低预期」，与「第五章 逆向：先问怎样会失败」主题高度相关
2014,每日期刊,税收倒置有其合理性，应克服嫉妒,10,第十章 当偏误彼此增强,medium,包含关键词「嫉妒」，与「第十章 当偏误彼此增强」主题高度相关
2014,每日期刊,我们换了审计师，开启了软件业务,11,第十一章 穿过会计看商业现实,high,包含关键词「审计、审计师」，与「第十一章 穿过会计看商业现实」主题高度相关
2014,每日期刊,前任审计师给我们造成了极大损害,11,第十一章 穿过会计看商业现实,high,包含关键词「审计、审计师」，与「第十一章 穿过会计看商业现实」主题高度相关
2014,每日期刊,我们的主营业务在萎缩，软件业务是未来,12,第十二章 好企业让少行动成为优势,high,包含关键词「软件、软件业务」，与「第十二章 好企业让少行动成为优势」主题高度相关
2014,每日期刊,软件业务可能赚不到大钱，但我们勤恳做事,12,第十二章 好企业让少行动成为优势,high,包含关键词「软件、软件业务」，与「第十二章 好企业让少行动成为优势」主题高度相关
2014,每日期刊,每日期刊的前景：软件业务、接班人、房地产、投资、出售,12,第十二章 好企业让少行动成为优势,high,包含关键词「每日期刊、软件、软件业务」，与「第十二章 好企业让少行动成为优势」主题高度相关
2014,每日期刊,在发展电动车的大趋势中，比亚迪已占据先机,12,第十二章 好企业让少行动成为优势,medium,包含关键词「比亚迪」，与「第十二章 好企业让少行动成为优势」主题高度相关
2014,每日期刊,绝大多数大公司的命运与乐购类似,12,第十二章 好企业让少行动成为优势,medium,包含关键词「大公司」，与「第十二章 好企业让少行动成为优势」主题高度相关
2014,每日期刊,年轻人每天应该读一份主流的报纸,12,第十二章 好企业让少行动成为优势,medium,包含关键词「报纸」，与「第十二章 好企业让少行动成为优势」主题高度相关
2014,每日期刊,错过贝尔里奇石油太傻，但用不着懊恼,12,第十二章 好企业让少行动成为优势,medium,包含关键词「石油」，与「第十二章 好企业让少行动成为优势」主题高度相关
2014,每日期刊,建筑设计行业的从业人员太死板，不知道变通,12,第十二章 好企业让少行动成为优势,medium,包含关键词「建筑」，与「第十二章 好企业让少行动成为优势」主题高度相关
2014,每日期刊,在战胜市场方面，伯克希尔有很多值得学习的地方,13,第十三章 少数机会、集中下注与资本配置,medium,包含关键词「伯克希尔」，与「第十三章 少数机会、集中下注与资本配置」主题高度相关
2014,每日期刊,伯克希尔将保持稳定的收益，同时避免成为科技淘汰的对象,13,第十三章 少数机会、集中下注与资本配置,medium,包含关键词「伯克希尔」，与「第十三章 少数机会、集中下注与资本配置」主题高度相关
2014,每日期刊,我们只愿意与我们信任和欣赏的人在一起,14,第十四章 应得信任：合作如何降低摩擦,medium,包含关键词「信任」，与「第十四章 应得信任：合作如何降低摩擦」主题高度相关
2014,每日期刊,"不理智的政客带偏了""两房""",15,第十五章 避免惯常的失败方式,medium,包含关键词「不理智」，与「第十五章 避免惯常的失败方式」主题高度相关
2014,每日期刊,商业史上只有极少数公司能成功转型,16,第十六章 理性近乎一种道德义务,low,无明确关键词匹配，根据语义判断最接近「第十六章 理性近乎一种道德义务」
2014,每日期刊,人类取得了很多成就，但社会上的问题还很多,16,第十六章 理性近乎一种道德义务,low,无明确关键词匹配，根据语义判断最接近「第十六章 理性近乎一种道德义务」
2014,每日期刊,许多事情我看不顺眼，但也看到很多伟大成就,16,第十六章 理性近乎一种道德义务,low,无明确关键词匹配，根据语义判断最接近「第十六章 理性近乎一种道德义务」
2014,每日期刊,我们不应对中国颐指气使，皮凯蒂的解读有问题,16,第十六章 理性近乎一种道德义务,low,无明确关键词匹配，根据语义判断最接近「第十六章 理性近乎一种道德义务」
2014,每日期刊,货币增发我有很大顾虑，奥巴马医改不多做评论,16,第十六章 理性近乎一种道德义务,low,无明确关键词匹配，根据语义判断最接近「第十六章 理性近乎一种道德义务」
2014,每日期刊,各阶层、各群体间的起伏流动无法完全消除,16,第十六章 理性近乎一种道德义务,low,无明确关键词匹配，根据语义判断最接近「第十六章 理性近乎一种道德义务」
2014,每日期刊,人总是为了利益而犯错，忘却道德与理智,16,第十六章 理性近乎一种道德义务,high,包含关键词「理智、道德」，与「第十六章 理性近乎一种道德义务」主题高度相关
2014,每日期刊,银行可以本本分分经营，做光明正大的生意,16,第十六章 理性近乎一种道德义务,low,无明确关键词匹配，根据语义判断最接近「第十六章 理性近乎一种道德义务」
2014,每日期刊,《洛克菲勒传》写得特别好，谁还没读的话赶紧读,16,第十六章 理性近乎一种道德义务,low,无明确关键词匹配，根据语义判断最接近「第十六章 理性近乎一种道德义务」
2014,每日期刊,埃隆·马斯克是个天才，但也非常大胆,16,第十六章 理性近乎一种道德义务,low,无明确关键词匹配，根据语义判断最接近「第十六章 理性近乎一种道德义务」
2014,每日期刊,我们凭简单的方式做投资，创造了辉煌的业绩,16,第十六章 理性近乎一种道德义务,low,无明确关键词匹配，根据语义判断最接近「第十六章 理性近乎一种道德义务」
2014,每日期刊,如果能优中选优，三只股票就足够安全,16,第十六章 理性近乎一种道德义务,low,无明确关键词匹配，根据语义判断最接近「第十六章 理性近乎一种道德义务」
2014,每日期刊,我主要做沃伦的参谋，起辅助作用,16,第十六章 理性近乎一种道德义务,low,无明确关键词匹配，根据语义判断最接近「第十六章 理性近乎一种道德义务」
2014,每日期刊,我们只是掌握了一些做事的正确方法,16,第十六章 理性近乎一种道德义务,low,无明确关键词匹配，根据语义判断最接近「第十六章 理性近乎一种道德义务」
2014,每日期刊,清楚自己几斤几两，好办的事马上办，遇到难题就死磕,16,第十六章 理性近乎一种道德义务,low,无明确关键词匹配，根据语义判断最接近「第十六章 理性近乎一种道德义务」
2014,每日期刊,兴趣是成功的关键,16,第十六章 理性近乎一种道德义务,low,无明确关键词匹配，根据语义判断最接近「第十六章 理性近乎一种道德义务」
2014,每日期刊,资本资产定价模型怎么能和物理学中的原理相提并论？,16,第十六章 理性近乎一种道德义务,low,无明确关键词匹配，根据语义判断最接近「第十六章 理性近乎一种道德义务」
2015,每日期刊,投资的道理很简单：别犯傻，别想太美，保持安全边际,5,第五章 逆向：先问怎样会失败,medium,包含关键词「安全边际」，与「第五章 逆向：先问怎样会失败」主题高度相关
2015,每日期刊,要学达尔文搜寻反面例证，不被进化淘汰,6,第六章 反证、检查清单与第二次思考,medium,包含关键词「达尔文」，与「第六章 反证、检查清单与第二次思考」主题高度相关
2015,每日期刊,人性中最让我无法理解的是......,7,第七章 误判不是偶然：心理倾向的系统,medium,包含关键词「人性」，与「第七章 误判不是偶然：心理倾向的系统」主题高度相关
2015,每日期刊,教育体系和医保制度都很难改革,8,第八章 激励：制度比劝诫更诚实,high,包含关键词「制度、医保制度、医保」，与「第八章 激励：制度比劝诫更诚实」主题高度相关
2015,每日期刊,智能投顾与指数基金没区别,9,第九章 群体、权威与被剥夺感,high,包含关键词「指数基金、指数」，与「第九章 群体、权威与被剥夺感」主题高度相关
2015,每日期刊,指数基金发展起来自有道理,9,第九章 群体、权威与被剥夺感,high,包含关键词「指数基金、指数」，与「第九章 群体、权威与被剥夺感」主题高度相关
2015,每日期刊,利率的状况超出人的想象，我已经蒙了,9,第九章 群体、权威与被剥夺感,medium,包含关键词「利率」，与「第九章 群体、权威与被剥夺感」主题高度相关
2015,每日期刊,沃伦与我都痛恨企业联合会计造假,11,第十一章 穿过会计看商业现实,high,包含关键词「会计、造假」，与「第十一章 穿过会计看商业现实」主题高度相关
2015,每日期刊,软件业务上升为每日期刊新的主营业务,12,第十二章 好企业让少行动成为优势,high,包含关键词「每日期刊、软件、软件业务」，与「第十二章 好企业让少行动成为优势」主题高度相关
2015,每日期刊,富国银行这样的机会可遇不可求,12,第十二章 好企业让少行动成为优势,high,包含关键词「富国银行、富国」，与「第十二章 好企业让少行动成为优势」主题高度相关
2015,每日期刊,美国运通和特斯拉都身处激烈的市场竞争中,12,第十二章 好企业让少行动成为优势,medium,包含关键词「美国运通」，与「第十二章 好企业让少行动成为优势」主题高度相关
2015,每日期刊,3G资本和每日期刊都信奉精简之道，美国中部能源公司将带来良好收益,12,第十二章 好企业让少行动成为优势,high,包含关键词「3G资本、每日期刊、能源」，与「第十二章 好企业让少行动成为优势」主题高度相关
2015,每日期刊,耶鲁等大型捐赠基金不是那么好学,12,第十二章 好企业让少行动成为优势,medium,包含关键词「基金」，与「第十二章 好企业让少行动成为优势」主题高度相关
2015,每日期刊,石油是必须保存的珍贵资源,12,第十二章 好企业让少行动成为优势,medium,包含关键词「石油」，与「第十二章 好企业让少行动成为优势」主题高度相关
2015,每日期刊,我打算制作一尊李光耀半身像，摆在我家中的显著位置,14,第十四章 应得信任：合作如何降低摩擦,medium,包含关键词「李光耀」，与「第十四章 应得信任：合作如何降低摩擦」主题高度相关
2015,每日期刊,李光耀给新加坡打下了良好的基础,14,第十四章 应得信任：合作如何降低摩擦,high,包含关键词「李光耀、新加坡」，与「第十四章 应得信任：合作如何降低摩擦」主题高度相关
2015,每日期刊,中国学的是新加坡发展经济的方式,14,第十四章 应得信任：合作如何降低摩擦,medium,包含关键词「新加坡」，与「第十四章 应得信任：合作如何降低摩擦」主题高度相关
2015,每日期刊,我们尊重辛格尔顿的原因,14,第十四章 应得信任：合作如何降低摩擦,medium,包含关键词「辛格尔顿」，与「第十四章 应得信任：合作如何降低摩擦」主题高度相关
2015,每日期刊,我的成功秘诀,15,第十五章 避免惯常的失败方式,medium,包含关键词「秘诀」，与「第十五章 避免惯常的失败方式」主题高度相关
2015,每日期刊,我不认同卡尔·伊坎这样的激进投资者,15,第十五章 避免惯常的失败方式,medium,包含关键词「激进」，与「第十五章 避免惯常的失败方式」主题高度相关
2015,每日期刊,我们迎难而上，努力跟上时代,16,第十六章 理性近乎一种道德义务,low,无明确关键词匹配，根据语义判断最接近「第十六章 理性近乎一种道德义务」
2015,每日期刊,我的成功靠的不是智商而是专注力,16,第十六章 理性近乎一种道德义务,low,无明确关键词匹配，根据语义判断最接近「第十六章 理性近乎一种道德义务」
2015,每日期刊,有智慧的人远离害人精,16,第十六章 理性近乎一种道德义务,low,无明确关键词匹配，根据语义判断最接近「第十六章 理性近乎一种道德义务」
2015,每日期刊,长期来看，货币购买力必然越来越低,16,第十六章 理性近乎一种道德义务,low,无明确关键词匹配，根据语义判断最接近「第十六章 理性近乎一种道德义务」
2015,每日期刊,竞争造成无法改变的客观事实,16,第十六章 理性近乎一种道德义务,low,无明确关键词匹配，根据语义判断最接近「第十六章 理性近乎一种道德义务」
2015,每日期刊,大灾大难，该来的总会来，但假设的情况我不太好回答,16,第十六章 理性近乎一种道德义务,low,无明确关键词匹配，根据语义判断最接近「第十六章 理性近乎一种道德义务」
2015,每日期刊,私人保险公司没有底线，政府应严抓不懈,16,第十六章 理性近乎一种道德义务,low,无明确关键词匹配，根据语义判断最接近「第十六章 理性近乎一种道德义务」
2015,每日期刊,一些投资行业的新动向,16,第十六章 理性近乎一种道德义务,low,无明确关键词匹配，根据语义判断最接近「第十六章 理性近乎一种道德义务」
2015,每日期刊,互联网是20世纪最伟大的发明，我只能建议年轻人慢慢追求财富,16,第十六章 理性近乎一种道德义务,low,无明确关键词匹配，根据语义判断最接近「第十六章 理性近乎一种道德义务」
2015,每日期刊,谈谈亚裔、工时计费、金融与丹麦,16,第十六章 理性近乎一种道德义务,low,无明确关键词匹配，根据语义判断最接近「第十六章 理性近乎一种道德义务」
2016,每日期刊,谋生靠一技之长，跨学科阅读和思考使人明智,1,第一章 一把锤子为什么不够,medium,包含关键词「跨学科」，与「第一章 一把锤子为什么不够」主题高度相关
2016,每日期刊,金融造假层出不穷，赌博文化在美国社会泛滥,11,第十一章 穿过会计看商业现实,high,包含关键词「造假、赌博」，与「第十一章 穿过会计看商业现实」主题高度相关
2016,每日期刊,每日期刊的新生意是风险投资,12,第十二章 好企业让少行动成为优势,high,包含关键词「每日期刊、风险投资」，与「第十二章 好企业让少行动成为优势」主题高度相关
2016,每日期刊,期刊科技将努力建立竞争优势,12,第十二章 好企业让少行动成为优势,high,包含关键词「竞争优势、期刊科技」，与「第十二章 好企业让少行动成为优势」主题高度相关
2016,每日期刊,IBM，答案在风中飘荡，但可口可乐依然强大,12,第十二章 好企业让少行动成为优势,high,包含关键词「可口可乐、强大」，与「第十二章 好企业让少行动成为优势」主题高度相关
2016,每日期刊,价值投资的道理像数学原理一样有效，但估值没有万能公式,12,第十二章 好企业让少行动成为优势,medium,包含关键词「价值投资」，与「第十二章 好企业让少行动成为优势」主题高度相关
2016,每日期刊,伯克希尔的商业模式和管理方法,12,第十二章 好企业让少行动成为优势,medium,包含关键词「商业模式」，与「第十二章 好企业让少行动成为优势」主题高度相关
2016,每日期刊,投资比亚迪也是风险投资,12,第十二章 好企业让少行动成为优势,high,包含关键词「比亚迪、风险投资」，与「第十二章 好企业让少行动成为优势」主题高度相关
2016,每日期刊,投资富国银行和美国银行的逻辑,12,第十二章 好企业让少行动成为优势,high,包含关键词「富国银行、富国」，与「第十二章 好企业让少行动成为优势」主题高度相关
2016,每日期刊,风险投资人培育了大量初创企业，但他们也有污点,12,第十二章 好企业让少行动成为优势,medium,包含关键词「风险投资」，与「第十二章 好企业让少行动成为优势」主题高度相关
2016,每日期刊,投资通用汽车，以及汽车行业的现在和未来,12,第十二章 好企业让少行动成为优势,high,包含关键词「汽车、汽车行业」，与「第十二章 好企业让少行动成为优势」主题高度相关
2016,每日期刊,绝对的平等不现实，是不义之财让人心生怨恨,15,第十五章 避免惯常的失败方式,medium,包含关键词「怨恨」，与「第十五章 避免惯常的失败方式」主题高度相关
2016,每日期刊,关于家庭、婚姻、慈善及我敬重的人,16,第十六章 理性近乎一种道德义务,low,无明确关键词匹配，根据语义判断最接近「第十六章 理性近乎一种道德义务」
2016,每日期刊,年轻时印象特别深刻的一笔投资,16,第十六章 理性近乎一种道德义务,low,无明确关键词匹配，根据语义判断最接近「第十六章 理性近乎一种道德义务」
2016,每日期刊,从西科时代到现在，投资环境变化没那么大,16,第十六章 理性近乎一种道德义务,low,无明确关键词匹配，根据语义判断最接近「第十六章 理性近乎一种道德义务」
2016,每日期刊,公司估值要具体问题具体分析,16,第十六章 理性近乎一种道德义务,low,无明确关键词匹配，根据语义判断最接近「第十六章 理性近乎一种道德义务」
2016,每日期刊,没有整合的能力，不可能正确认识现实,16,第十六章 理性近乎一种道德义务,low,无明确关键词匹配，根据语义判断最接近「第十六章 理性近乎一种道德义务」
2016,每日期刊,我们的日程表不是很满,16,第十六章 理性近乎一种道德义务,low,无明确关键词匹配，根据语义判断最接近「第十六章 理性近乎一种道德义务」
2016,每日期刊,我能给的人生建议都是老生常谈,16,第十六章 理性近乎一种道德义务,low,无明确关键词匹配，根据语义判断最接近「第十六章 理性近乎一种道德义务」
2016,每日期刊,原油问题让我困惑,16,第十六章 理性近乎一种道德义务,low,无明确关键词匹配，根据语义判断最接近「第十六章 理性近乎一种道德义务」
2016,每日期刊,我们的金融行业陷入了畸形发展,16,第十六章 理性近乎一种道德义务,low,无明确关键词匹配，根据语义判断最接近「第十六章 理性近乎一种道德义务」
2016,每日期刊,格林斯潘缺乏对现实的深刻认识,16,第十六章 理性近乎一种道德义务,low,无明确关键词匹配，根据语义判断最接近「第十六章 理性近乎一种道德义务」
2017,每日期刊,指数基金不会轻易失效,9,第九章 群体、权威与被剥夺感,high,包含关键词「指数基金、指数」，与「第九章 群体、权威与被剥夺感」主题高度相关
2017,每日期刊,特朗普、税改、瓦兰特与农业问题,11,第十一章 穿过会计看商业现实,medium,包含关键词「税」，与「第十一章 穿过会计看商业现实」主题高度相关
2017,每日期刊,每日期刊发展软件业务，是盖林的手笔,12,第十二章 好企业让少行动成为优势,high,包含关键词「每日期刊、软件、软件业务」，与「第十二章 好企业让少行动成为优势」主题高度相关
2017,每日期刊,每日期刊的工作方法,12,第十二章 好企业让少行动成为优势,medium,包含关键词「每日期刊」，与「第十二章 好企业让少行动成为优势」主题高度相关
2017,每日期刊,期刊科技的业务一直在发展,12,第十二章 好企业让少行动成为优势,medium,包含关键词「期刊科技」，与「第十二章 好企业让少行动成为优势」主题高度相关
2017,每日期刊,富国银行错在没有及时纠正,12,第十二章 好企业让少行动成为优势,high,包含关键词「富国银行、富国」，与「第十二章 好企业让少行动成为优势」主题高度相关
2017,每日期刊,美国运通与油气勘探的未来，我都说不好,12,第十二章 好企业让少行动成为优势,medium,包含关键词「美国运通」，与「第十二章 好企业让少行动成为优势」主题高度相关
2017,每日期刊,投资苹果和航空公司并没有十足把握，但买爱尔兰的银行是个错误,12,第十二章 好企业让少行动成为优势,medium,包含关键词「苹果」，与「第十二章 好企业让少行动成为优势」主题高度相关
2017,每日期刊,要找到优秀的人共事，自己首先要优秀,12,第十二章 好企业让少行动成为优势,medium,包含关键词「优秀」，与「第十二章 好企业让少行动成为优势」主题高度相关
2017,每日期刊,巴菲特合伙基金的收费方式在今天也公平合理,12,第十二章 好企业让少行动成为优势,medium,包含关键词「基金」，与「第十二章 好企业让少行动成为优势」主题高度相关
2017,每日期刊,教孙辈寻找商机与推荐一本书,14,第十四章 应得信任：合作如何降低摩擦,medium,包含关键词「推荐」，与「第十四章 应得信任：合作如何降低摩擦」主题高度相关
2017,每日期刊,太姥爷的故事告诉我，做集中且长期的投资,14,第十四章 应得信任：合作如何降低摩擦,medium,包含关键词「故事」，与「第十四章 应得信任：合作如何降低摩擦」主题高度相关
2017,每日期刊,我们竟然能把业务做到澳大利亚,16,第十六章 理性近乎一种道德义务,low,无明确关键词匹配，根据语义判断最接近「第十六章 理性近乎一种道德义务」
2017,每日期刊,市场竞争激烈，专心做好自己,16,第十六章 理性近乎一种道德义务,low,无明确关键词匹配，根据语义判断最接近「第十六章 理性近乎一种道德义务」
2017,每日期刊,先专精，再寻找不同知识的合奏效应,16,第十六章 理性近乎一种道德义务,low,无明确关键词匹配，根据语义判断最接近「第十六章 理性近乎一种道德义务」
2017,每日期刊,"找到适合自己的职业，""普通""地过一生",16,第十六章 理性近乎一种道德义务,low,无明确关键词匹配，根据语义判断最接近「第十六章 理性近乎一种道德义务」
2017,每日期刊,选择职业要综合兴趣和优势,16,第十六章 理性近乎一种道德义务,low,无明确关键词匹配，根据语义判断最接近「第十六章 理性近乎一种道德义务」
2017,每日期刊,你们还以为我多了不起，我做了多少傻事啊！,16,第十六章 理性近乎一种道德义务,low,无明确关键词匹配，根据语义判断最接近「第十六章 理性近乎一种道德义务」
2017,每日期刊,消除错误的想法和延迟满足都要坚持不懈,16,第十六章 理性近乎一种道德义务,low,无明确关键词匹配，根据语义判断最接近「第十六章 理性近乎一种道德义务」
2017,每日期刊,印度前景不明，中国的机会更多,16,第十六章 理性近乎一种道德义务,low,无明确关键词匹配，根据语义判断最接近「第十六章 理性近乎一种道德义务」
2017,每日期刊,人生因为难而充满挑战和意义,16,第十六章 理性近乎一种道德义务,low,无明确关键词匹配，根据语义判断最接近「第十六章 理性近乎一种道德义务」
2018,每日期刊,坚持学科融合，避免认知偏差,1,第一章 一把锤子为什么不够,medium,包含关键词「学科融合」，与「第一章 一把锤子为什么不够」主题高度相关
2018,每日期刊,心理学要和其他学科融合才能发挥最大威力,1,第一章 一把锤子为什么不够,medium,包含关键词「学科融合」，与「第一章 一把锤子为什么不够」主题高度相关
2018,每日期刊,学习模型思维没有捷径可走,2,第二章 多元思维模型怎样连成知识格栅,high,包含关键词「模型思维、学习模型思维、模型思维没有捷径」，与「第二章 多元思维模型怎样连成知识格栅」主题高度相关
2018,每日期刊,伯克希尔的文化和基因,7,第七章 误判不是偶然：心理倾向的系统,medium,包含关键词「基因」，与「第七章 误判不是偶然：心理倾向的系统」主题高度相关
2018,每日期刊,伯克希尔的基因中有中西部价值观的成分,7,第七章 误判不是偶然：心理倾向的系统,medium,包含关键词「基因」，与「第七章 误判不是偶然：心理倾向的系统」主题高度相关
2018,每日期刊,美国的医保制度不改不行,8,第八章 激励：制度比劝诫更诚实,high,包含关键词「制度、医保制度、医保」，与「第八章 激励：制度比劝诫更诚实」主题高度相关
2018,每日期刊,每日期刊没有会计问题，也不会欺诈,11,第十一章 穿过会计看商业现实,high,包含关键词「会计、会计问题」，与「第十一章 穿过会计看商业现实」主题高度相关
2018,每日期刊,每日期刊的业务和投资,12,第十二章 好企业让少行动成为优势,medium,包含关键词「每日期刊」，与「第十二章 好企业让少行动成为优势」主题高度相关
2018,每日期刊,软件业务占比已远超传统业务，但竞争激烈,12,第十二章 好企业让少行动成为优势,high,包含关键词「软件、软件业务」，与「第十二章 好企业让少行动成为优势」主题高度相关
2018,每日期刊,我们投资比亚迪和富国银行，很多人都看不懂,12,第十二章 好企业让少行动成为优势,high,包含关键词「比亚迪、富国银行、富国」，与「第十二章 好企业让少行动成为优势」主题高度相关
2018,每日期刊,"彼得·考夫曼筛选基金经理的""五张王牌""",12,第十二章 好企业让少行动成为优势,high,包含关键词「基金、基金经理」，与「第十二章 好企业让少行动成为优势」主题高度相关
2018,每日期刊,对大宗商品、互联网公司、人工智能，我所知甚少,12,第十二章 好企业让少行动成为优势,medium,包含关键词「互联网公司」，与「第十二章 好企业让少行动成为优势」主题高度相关
2018,每日期刊,莫尼什与李录，两位优秀的基金经理,12,第十二章 好企业让少行动成为优势,high,包含关键词「基金、基金经理、优秀」，与「第十二章 好企业让少行动成为优势」主题高度相关
2018,每日期刊,美国的医保、石油、基建和气候问题,12,第十二章 好企业让少行动成为优势,high,包含关键词「石油、医保」，与「第十二章 好企业让少行动成为优势」主题高度相关
2018,每日期刊,每日期刊完全没投资过石油相关公司,12,第十二章 好企业让少行动成为优势,high,包含关键词「每日期刊、石油」，与「第十二章 好企业让少行动成为优势」主题高度相关
2018,每日期刊,大公司文化出了问题真不知该怎么治,12,第十二章 好企业让少行动成为优势,high,包含关键词「公司文化、大公司」，与「第十二章 好企业让少行动成为优势」主题高度相关
2018,每日期刊,通用电气的管理方法不合理,12,第十二章 好企业让少行动成为优势,medium,包含关键词「通用电气」，与「第十二章 好企业让少行动成为优势」主题高度相关
2018,每日期刊,开市客的公司文化特点鲜明，通用电气等则不然,12,第十二章 好企业让少行动成为优势,high,包含关键词「开市客、公司文化、通用电气」，与「第十二章 好企业让少行动成为优势」主题高度相关
2018,每日期刊,政府负债之高令人担心，整治垄断问题暂无必要,12,第十二章 好企业让少行动成为优势,medium,包含关键词「垄断」，与「第十二章 好企业让少行动成为优势」主题高度相关
2018,每日期刊,我们的投资之道：关于国债、小资金、好公司和消费品品牌,12,第十二章 好企业让少行动成为优势,high,包含关键词「好公司、品牌、消费」，与「第十二章 好企业让少行动成为优势」主题高度相关
2018,每日期刊,我们的态度：关于保证金交易、量化交易、指数基金与比特币,12,第十二章 好企业让少行动成为优势,high,包含关键词「基金、指数基金、量化」，与「第十二章 好企业让少行动成为优势」主题高度相关
2018,每日期刊,伯克希尔只投资我们觉得放心的银行股,13,第十三章 少数机会、集中下注与资本配置,medium,包含关键词「伯克希尔」，与「第十三章 少数机会、集中下注与资本配置」主题高度相关
2018,每日期刊,建高铁似乎多此一举，但伯克希尔会为美国的电网建设做出重大贡献,13,第十三章 少数机会、集中下注与资本配置,medium,包含关键词「伯克希尔」，与「第十三章 少数机会、集中下注与资本配置」主题高度相关
2018,每日期刊,很难说哪种认知偏差影响更恶劣,15,第十五章 避免惯常的失败方式,medium,包含关键词「恶劣」，与「第十五章 避免惯常的失败方式」主题高度相关
2018,每日期刊,笑对苦难是一种态度，要坚持做有价值的人,15,第十五章 避免惯常的失败方式,high,包含关键词「苦难、笑对苦难、坚持做有价值的人」，与「第十五章 避免惯常的失败方式」主题高度相关
2018,每日期刊,目前解决气候问题的方法不切实际,16,第十六章 理性近乎一种道德义务,low,无明确关键词匹配，根据语义判断最接近「第十六章 理性近乎一种道德义务」
2019,每日期刊,想要实现理想化的高复利，不如学会降低预期,5,第五章 逆向：先问怎样会失败,medium,包含关键词「降低预期」，与「第五章 逆向：先问怎样会失败」主题高度相关
2019,每日期刊,小型银行有机会，追求高复利不如降低预期,5,第五章 逆向：先问怎样会失败,medium,包含关键词「降低预期」，与「第五章 逆向：先问怎样会失败」主题高度相关
2019,每日期刊,股票回购不该被干预，医疗改革与政府债务都是大难题,8,第八章 激励：制度比劝诫更诚实,medium,包含关键词「改革」，与「第八章 激励：制度比劝诫更诚实」主题高度相关
2019,每日期刊,伯克希尔的优势是没有官僚主义,8,第八章 激励：制度比劝诫更诚实,high,包含关键词「官僚、官僚主义」，与「第八章 激励：制度比劝诫更诚实」主题高度相关
2019,每日期刊,知识产权、次贷危机、非营利评级机构......不懂或无解的事情我选择远离,9,第九章 群体、权威与被剥夺感,high,包含关键词「次贷、评级机构」，与「第九章 群体、权威与被剥夺感」主题高度相关
2019,每日期刊,每日期刊力图开拓软件业务的全球市场,12,第十二章 好企业让少行动成为优势,high,包含关键词「每日期刊、软件、软件业务」，与「第十二章 好企业让少行动成为优势」主题高度相关
2019,每日期刊,中国的机会与比亚迪的成就,12,第十二章 好企业让少行动成为优势,medium,包含关键词「比亚迪」，与「第十二章 好企业让少行动成为优势」主题高度相关
2019,每日期刊,投不投指数、苹果、医疗行业都在于能力圈,12,第十二章 好企业让少行动成为优势,high,包含关键词「苹果、医疗、能力圈」，与「第十二章 好企业让少行动成为优势」主题高度相关
2019,每日期刊,伯克希尔与《商界局外人》中的八家公司,13,第十三章 少数机会、集中下注与资本配置,medium,包含关键词「伯克希尔」，与「第十三章 少数机会、集中下注与资本配置」主题高度相关
2019,每日期刊,我支持李录，他是中国版的沃伦·巴菲特,13,第十三章 少数机会、集中下注与资本配置,medium,包含关键词「巴菲特」，与「第十三章 少数机会、集中下注与资本配置」主题高度相关
2019,每日期刊,几个道出了投资秘诀的故事,14,第十四章 应得信任：合作如何降低摩擦,medium,包含关键词「故事」，与「第十四章 应得信任：合作如何降低摩擦」主题高度相关
2019,每日期刊,每日期刊的成果是瑞克和盖瑞的功劳,14,第十四章 应得信任：合作如何降低摩擦,high,包含关键词「瑞克、盖瑞、功劳」，与「第十四章 应得信任：合作如何降低摩擦」主题高度相关
2019,每日期刊,我选择与优秀而谨慎的人合作，对能力圈的认知或许是天生的,14,第十四章 应得信任：合作如何降低摩擦,high,包含关键词「合作、谨慎、与优秀」，与「第十四章 应得信任：合作如何降低摩擦」主题高度相关
2019,每日期刊,斯多葛学派、林肯和赫布·凯莱赫的逸事，以及《穷查理宝典》的故事,15,第十五章 避免惯常的失败方式,high,包含关键词「斯多葛、斯多葛学派、林肯」，与「第十五章 避免惯常的失败方式」主题高度相关
2019,每日期刊,成功秘诀、幽默、睡眠、不怨天怨地，关于人生和生活的老生常谈,15,第十五章 避免惯常的失败方式,high,包含关键词「怨天怨地、不怨天、秘诀」，与「第十五章 避免惯常的失败方式」主题高度相关
2019,每日期刊,很多人以为具备常识很简单，其实很难,16,第十六章 理性近乎一种道德义务,high,包含关键词「常识、很多人以为具备常识很简单」，与「第十六章 理性近乎一种道德义务」主题高度相关
2019,每日期刊,投资公司妄想把铅变成金子,16,第十六章 理性近乎一种道德义务,low,无明确关键词匹配，根据语义判断最接近「第十六章 理性近乎一种道德义务」
2019,每日期刊,"怎样才算""接受了良好的教育""及其在投资领域的应用",16,第十六章 理性近乎一种道德义务,low,无明确关键词匹配，根据语义判断最接近「第十六章 理性近乎一种道德义务」
2019,每日期刊,坚持道德，坚持简单,16,第十六章 理性近乎一种道德义务,high,包含关键词「道德、坚持道德、坚持简单」，与「第十六章 理性近乎一种道德义务」主题高度相关
2019,每日期刊,我们从没忽悠傻子从我们手中接货赚钱,16,第十六章 理性近乎一种道德义务,low,无明确关键词匹配，根据语义判断最接近「第十六章 理性近乎一种道德义务」
2019,每日期刊,有些道理朴实无华，却让人受益终身,16,第十六章 理性近乎一种道德义务,medium,包含关键词「有些道理朴实无华」，与「第十六章 理性近乎一种道德义务」主题高度相关
2019,每日期刊,好多事情，把问题想明白就成功了一半,16,第十六章 理性近乎一种道德义务,medium,包含关键词「好多事情，把问题想明白就成功了一半」，与「第十六章 理性近乎一种道德义务」主题高度相关
2019,每日期刊,我感到很幸运，但并不觉得骄傲。,16,第十六章 理性近乎一种道德义务,low,无明确关键词匹配，根据语义判断最接近「第十六章 理性近乎一种道德义务」
2020,每日期刊,有的书我会重读,3,第三章 终身学习：让模型保持活性,medium,包含关键词「有的书我会重读」，与「第三章 终身学习：让模型保持活性」主题高度相关
2020,每日期刊,否定自己和逆向思考是我追求理性的方法,5,第五章 逆向：先问怎样会失败,high,包含关键词「逆向、逆向思考、否定自己」，与「第五章 逆向：先问怎样会失败」主题高度相关
2020,每日期刊,正式流程是这个样子的,6,第六章 反证、检查清单与第二次思考,medium,包含关键词「正式流程」，与「第六章 反证、检查清单与第二次思考」主题高度相关
2020,每日期刊,我们的原则是不签让自己偷懒的合同,6,第六章 反证、检查清单与第二次思考,medium,包含关键词「不签让自己偷懒的合同」，与「第六章 反证、检查清单与第二次思考」主题高度相关
2020,每日期刊,资本对软件行业的炒作太极端,9,第九章 群体、权威与被剥夺感,medium,包含关键词「炒作」，与「第九章 群体、权威与被剥夺感」主题高度相关
2020,每日期刊,比特币纯粹是反社会的东西,9,第九章 群体、权威与被剥夺感,medium,包含关键词「比特币」，与「第九章 群体、权威与被剥夺感」主题高度相关
2020,每日期刊,负利率让我不安,9,第九章 群体、权威与被剥夺感,high,包含关键词「利率、负利率」，与「第九章 群体、权威与被剥夺感」主题高度相关
2020,每日期刊,药物滥用、全民收入与新闻道德,11,第十一章 穿过会计看商业现实,medium,包含关键词「收入」，与「第十一章 穿过会计看商业现实」主题高度相关
2020,每日期刊,这次波音也将安然无恙，但要付出巨大代价,11,第十一章 穿过会计看商业现实,medium,包含关键词「安然」，与「第十一章 穿过会计看商业现实」主题高度相关
2020,每日期刊,每日期刊是个特例,12,第十二章 好企业让少行动成为优势,medium,包含关键词「每日期刊」，与「第十二章 好企业让少行动成为优势」主题高度相关
2020,每日期刊,没想到报纸就这样成了过去,12,第十二章 好企业让少行动成为优势,medium,包含关键词「报纸」，与「第十二章 好企业让少行动成为优势」主题高度相关
2020,每日期刊,每日期刊不会死是因为......,12,第十二章 好企业让少行动成为优势,medium,包含关键词「每日期刊」，与「第十二章 好企业让少行动成为优势」主题高度相关
2020,每日期刊,归根到底，投资只有价值投资一种,12,第十二章 好企业让少行动成为优势,medium,包含关键词「价值投资」，与「第十二章 好企业让少行动成为优势」主题高度相关
2020,每日期刊,基金经理面临重重困难,12,第十二章 好企业让少行动成为优势,high,包含关键词「基金、基金经理」，与「第十二章 好企业让少行动成为优势」主题高度相关
2020,每日期刊,应大力研究发展新能源，并储存化石燃料,12,第十二章 好企业让少行动成为优势,high,包含关键词「能源、新能源」，与「第十二章 好企业让少行动成为优势」主题高度相关
2020,每日期刊,医疗行业乱象丛生,12,第十二章 好企业让少行动成为优势,medium,包含关键词「医疗」，与「第十二章 好企业让少行动成为优势」主题高度相关
2020,每日期刊,李光耀的小故事,14,第十四章 应得信任：合作如何降低摩擦,high,包含关键词「李光耀、故事」，与「第十四章 应得信任：合作如何降低摩擦」主题高度相关
2020,每日期刊,做幸存者，不做受害者,15,第十五章 避免惯常的失败方式,high,包含关键词「幸存者、受害者、做幸存者」，与「第十五章 避免惯常的失败方式」主题高度相关
2020,每日期刊,无论在何处，都要保持理智,16,第十六章 理性近乎一种道德义务,high,包含关键词「理智、保持理智、无论在何处，都要保持理智」，与「第十六章 理性近乎一种道德义务」主题高度相关
2020,每日期刊,把好东西卖给别人反而会赚得更多,16,第十六章 理性近乎一种道德义务,medium,包含关键词「把好东西卖给别人」，与「第十六章 理性近乎一种道德义务」主题高度相关
2020,每日期刊,我是怎么成功的？,16,第十六章 理性近乎一种道德义务,medium,包含关键词「我是怎么成功的」，与「第十六章 理性近乎一种道德义务」主题高度相关
2020,每日期刊,戏演多了，容易弄假成真,16,第十六章 理性近乎一种道德义务,low,无明确关键词匹配，根据语义判断最接近「第十六章 理性近乎一种道德义务」
2020,每日期刊,找到你的狩猎场,16,第十六章 理性近乎一种道德义务,low,无明确关键词匹配，根据语义判断最接近「第十六章 理性近乎一种道德义务」
2020,每日期刊,怎么研究公司和产业？,16,第十六章 理性近乎一种道德义务,low,无明确关键词匹配，根据语义判断最接近「第十六章 理性近乎一种道德义务」
2020,每日期刊,我对产业投资没什么高见,16,第十六章 理性近乎一种道德义务,low,无明确关键词匹配，根据语义判断最接近「第十六章 理性近乎一种道德义务」
2020,每日期刊,"现在的情况不能和""漂亮五十""相提并论",16,第十六章 理性近乎一种道德义务,low,无明确关键词匹配，根据语义判断最接近「第十六章 理性近乎一种道德义务」
2020,每日期刊,加拿大、中国与日本，每个国家都有优点和毛病,16,第十六章 理性近乎一种道德义务,low,无明确关键词匹配，根据语义判断最接近「第十六章 理性近乎一种道德义务」
2020,每日期刊,现代金融没那么美好,16,第十六章 理性近乎一种道德义务,low,无明确关键词匹配，根据语义判断最接近「第十六章 理性近乎一种道德义务」
2020,每日期刊,对大多数人更好的投资选择,16,第十六章 理性近乎一种道德义务,low,无明确关键词匹配，根据语义判断最接近「第十六章 理性近乎一种道德义务」
2020,每日期刊,我们这样追求客观和理性,16,第十六章 理性近乎一种道德义务,high,包含关键词「理性、追求客观、客观和理性」，与「第十六章 理性近乎一种道德义务」主题高度相关
2020,每日期刊,理性需要慢慢培养,16,第十六章 理性近乎一种道德义务,high,包含关键词「理性、理性需要慢慢培养」，与「第十六章 理性近乎一种道德义务」主题高度相关
2020,每日期刊,不耻、不懂与不安,16,第十六章 理性近乎一种道德义务,low,无明确关键词匹配，根据语义判断最接近「第十六章 理性近乎一种道德义务」
2020,每日期刊,凯恩斯和哈耶克,16,第十六章 理性近乎一种道德义务,low,无明确关键词匹配，根据语义判断最接近「第十六章 理性近乎一种道德义务」
2020,每日期刊,对个人而言，尽人事很重要；就社会而言，贫富终究是相对的,16,第十六章 理性近乎一种道德义务,low,无明确关键词匹配，根据语义判断最接近「第十六章 理性近乎一种道德义务」
2020,每日期刊,教育子女和长寿都应顺其自然,16,第十六章 理性近乎一种道德义务,low,无明确关键词匹配，根据语义判断最接近「第十六章 理性近乎一种道德义务」
2020,每日期刊,社会很复杂，总会有各种问题,16,第十六章 理性近乎一种道德义务,low,无明确关键词匹配，根据语义判断最接近「第十六章 理性近乎一种道德义务」
2021,每日期刊,商学院的教育应该重在商业史，我提倡自学、跨学科学,1,第一章 一把锤子为什么不够,high,包含关键词「跨学科、自学、跨学科、跨学科学」，与「第一章 一把锤子为什么不够」主题高度相关
2021,每日期刊,人生的秘诀就是：降低预期，咬牙苦干,5,第五章 逆向：先问怎样会失败,high,包含关键词「降低预期、咬牙苦干」，与「第五章 逆向：先问怎样会失败」主题高度相关
2021,每日期刊,投机的出现是必然，聪明人远离泡沫,9,第九章 群体、权威与被剥夺感,high,包含关键词「泡沫、投机」，与「第九章 群体、权威与被剥夺感」主题高度相关
2021,每日期刊,市场经济中出现投机热很正常,9,第九章 群体、权威与被剥夺感,high,包含关键词「投机、投机热」，与「第九章 群体、权威与被剥夺感」主题高度相关
2021,每日期刊,游戏驿站逼空、SPAC、罗宾汉券商都很恶劣,9,第九章 群体、权威与被剥夺感,high,包含关键词「SPAC、游戏驿站、逼空」，与「第九章 群体、权威与被剥夺感」主题高度相关
2021,每日期刊,我不认为比特币将取代现有的交换媒介,9,第九章 群体、权威与被剥夺感,medium,包含关键词「比特币」，与「第九章 群体、权威与被剥夺感」主题高度相关
2021,每日期刊,臧否宏观金融政策没有意义，关键在于提高社会保障能力,9,第九章 群体、权威与被剥夺感,medium,包含关键词「宏观」，与「第九章 群体、权威与被剥夺感」主题高度相关
2021,每日期刊,每日期刊已经建立了优势，但股价太贵,12,第十二章 好企业让少行动成为优势,medium,包含关键词「每日期刊」，与「第十二章 好企业让少行动成为优势」主题高度相关
2021,每日期刊,我觉得每日期刊公司能行，但我不能保证,12,第十二章 好企业让少行动成为优势,medium,包含关键词「每日期刊」，与「第十二章 好企业让少行动成为优势」主题高度相关
2021,每日期刊,企业文化成就开市客，毁掉通用电气,12,第十二章 好企业让少行动成为优势,high,包含关键词「开市客、企业文化、通用电气」，与「第十二章 好企业让少行动成为优势」主题高度相关
2021,每日期刊,银行确实是好生意，但管好很难,12,第十二章 好企业让少行动成为优势,high,包含关键词「好生意、好生意」，与「第十二章 好企业让少行动成为优势」主题高度相关
2021,每日期刊,不卖富国银行，因为本来对银行管理层就不抱期望,12,第十二章 好企业让少行动成为优势,high,包含关键词「管理层、富国银行、富国」，与「第十二章 好企业让少行动成为优势」主题高度相关
2021,每日期刊,对于喜欢的公司我们会很忠诚，前提是我们看得懂,12,第十二章 好企业让少行动成为优势,high,包含关键词「喜欢、看得懂」，与「第十二章 好企业让少行动成为优势」主题高度相关
2021,每日期刊,比亚迪这样的公司我是边做边学,12,第十二章 好企业让少行动成为优势,medium,包含关键词「比亚迪」，与「第十二章 好企业让少行动成为优势」主题高度相关
2021,每日期刊,为什么选择开市客而不是亚马逊,12,第十二章 好企业让少行动成为优势,high,包含关键词「开市客、亚马逊」，与「第十二章 好企业让少行动成为优势」主题高度相关
2021,每日期刊,房地产、创业、氢能、HAVEN......我无法胜任的问题多了去了,12,第十二章 好企业让少行动成为优势,high,包含关键词「房地产、地产」，与「第十二章 好企业让少行动成为优势」主题高度相关
2021,每日期刊,瑞克·盖林从不垂头丧气,14,第十四章 应得信任：合作如何降低摩擦,high,包含关键词「盖林、瑞克·盖林、瑞克」，与「第十四章 应得信任：合作如何降低摩擦」主题高度相关
2021,每日期刊,我不会改变投资方法，也不去和红杉、亨利·辛格尔顿比,14,第十四章 应得信任：合作如何降低摩擦,high,包含关键词「辛格尔顿、亨利·辛格尔顿」，与「第十四章 应得信任：合作如何降低摩擦」主题高度相关
2021,每日期刊,盖瑞·萨尔兹曼的故事能告诉你我们怎么识人察人,14,第十四章 应得信任：合作如何降低摩擦,high,包含关键词「识人、察人、萨尔兹曼」，与「第十四章 应得信任：合作如何降低摩擦」主题高度相关
2021,每日期刊,中国和新加坡取得的瞩目成就，令人钦佩,14,第十四章 应得信任：合作如何降低摩擦,medium,包含关键词「新加坡」，与「第十四章 应得信任：合作如何降低摩擦」主题高度相关
2021,每日期刊,吉恩·阿贝格这一套仍然管用,16,第十六章 理性近乎一种道德义务,low,无明确关键词匹配，根据语义判断最接近「第十六章 理性近乎一种道德义务」
2021,每日期刊,关于慈善,16,第十六章 理性近乎一种道德义务,low,无明确关键词匹配，根据语义判断最接近「第十六章 理性近乎一种道德义务」
2022,每日期刊,金融系统正风气，在人性的阻力面前不可能做好,7,第七章 误判不是偶然：心理倾向的系统,high,包含关键词「人性、正风气、人性的阻力」，与「第七章 误判不是偶然：心理倾向的系统」主题高度相关
2022,每日期刊,人员精简、充分放权，让我们避免了官僚病,8,第八章 激励：制度比劝诫更诚实,high,包含关键词「官僚、官僚病、人员精简」，与「第八章 激励：制度比劝诫更诚实」主题高度相关
2022,每日期刊,高管薪酬问题就是代理问题,8,第八章 激励：制度比劝诫更诚实,high,包含关键词「薪酬、代理问题、高管薪酬」，与「第八章 激励：制度比劝诫更诚实」主题高度相关
2022,每日期刊,邓小平推动了一场巨大的改革,8,第八章 激励：制度比劝诫更诚实,high,包含关键词「邓小平推动、改革」，与「第八章 激励：制度比劝诫更诚实」主题高度相关
2022,每日期刊,加密货币、游戏驿站逼空，市场的疯狂从不曾停止，但价值投资永不过时,9,第九章 群体、权威与被剥夺感,high,包含关键词「疯狂、加密货币、游戏驿站」，与「第九章 群体、权威与被剥夺感」主题高度相关
2022,每日期刊,印钞的后果，我们不得而知,9,第九章 群体、权威与被剥夺感,medium,包含关键词「印钞」，与「第九章 群体、权威与被剥夺感」主题高度相关
2022,每日期刊,指数基金影响太大不会有好结果，怎么投资还是看能力大小,9,第九章 群体、权威与被剥夺感,high,包含关键词「指数基金、指数」，与「第九章 群体、权威与被剥夺感」主题高度相关
2022,每日期刊,每日期刊的未来一片光明,12,第十二章 好企业让少行动成为优势,medium,包含关键词「每日期刊」，与「第十二章 好企业让少行动成为优势」主题高度相关
2022,每日期刊,我不欣赏令人沉迷的游戏，怀念小时候读的《世界百科全书》,12,第十二章 好企业让少行动成为优势,medium,包含关键词「游戏」，与「第十二章 好企业让少行动成为优势」主题高度相关
2022,每日期刊,不支持削弱互联网公司，国会没有大的道德问题,12,第十二章 好企业让少行动成为优势,medium,包含关键词「互联网公司」，与「第十二章 好企业让少行动成为优势」主题高度相关
2022,每日期刊,发展新能源、保存石油能源是明智的做法,12,第十二章 好企业让少行动成为优势,high,包含关键词「能源、石油、新能源」，与「第十二章 好企业让少行动成为优势」主题高度相关
2022,每日期刊,传统媒体的衰落是文明的重大损失,12,第十二章 好企业让少行动成为优势,high,包含关键词「传统媒体、媒体」，与「第十二章 好企业让少行动成为优势」主题高度相关
2022,每日期刊,因为有臃肿的公司，才有3G资本的用武之地,12,第十二章 好企业让少行动成为优势,medium,包含关键词「3G资本」，与「第十二章 好企业让少行动成为优势」主题高度相关
2022,每日期刊,很难预测好公司未来将如何，但微软、苹果、Alphabet、开市客会一直强大,12,第十二章 好企业让少行动成为优势,high,包含关键词「好公司、开市客、微软」，与「第十二章 好企业让少行动成为优势」主题高度相关
2022,每日期刊,投资中国，是因为能买到更多价值,13,第十三章 少数机会、集中下注与资本配置,medium,包含关键词「投资中国」，与「第十三章 少数机会、集中下注与资本配置」主题高度相关
2022,每日期刊,我们合作无间、幸福生活的秘诀,14,第十四章 应得信任：合作如何降低摩擦,high,包含关键词「合作、合作无间、幸福生活」，与「第十四章 应得信任：合作如何降低摩擦」主题高度相关
2022,每日期刊,李光耀与俾斯麦,14,第十四章 应得信任：合作如何降低摩擦,high,包含关键词「李光耀、俾斯麦」，与「第十四章 应得信任：合作如何降低摩擦」主题高度相关
2022,每日期刊,疫情带来了很多影响，我们应该适应,16,第十六章 理性近乎一种道德义务,low,无明确关键词匹配，根据语义判断最接近「第十六章 理性近乎一种道德义务」
2022,每日期刊,关于助学贷款和无窗学生宿舍,16,第十六章 理性近乎一种道德义务,low,无明确关键词匹配，根据语义判断最接近「第十六章 理性近乎一种道德义务」
2022,每日期刊,现代文明社会，生活越来越好，幸福感却越来越低,16,第十六章 理性近乎一种道德义务,low,无明确关键词匹配，根据语义判断最接近「第十六章 理性近乎一种道德义务」
2022,每日期刊,股东们愿意听我们说，我们就年复一年地讲,16,第十六章 理性近乎一种道德义务,low,无明确关键词匹配，根据语义判断最接近「第十六章 理性近乎一种道德义务」
2022,每日期刊,[A],16,第十六章 理性近乎一种道德义务,low,无明确关键词匹配，根据语义判断最接近「第十六章 理性近乎一种道德义务」
2022,每日期刊,[B],16,第十六章 理性近乎一种道德义务,low,无明确关键词匹配，根据语义判断最接近「第十六章 理性近乎一种道德义务」
2022,每日期刊,[C],16,第十六章 理性近乎一种道德义务,low,无明确关键词匹配，根据语义判断最接近「第十六章 理性近乎一种道德义务」
2022,每日期刊,[D],16,第十六章 理性近乎一种道德义务,low,无明确关键词匹配，根据语义判断最接近「第十六章 理性近乎一种道德义务」
2022,每日期刊,[E],16,第十六章 理性近乎一种道德义务,low,无明确关键词匹配，根据语义判断最接近「第十六章 理性近乎一种道德义务」
2022,每日期刊,[F],16,第十六章 理性近乎一种道德义务,low,无明确关键词匹配，根据语义判断最接近「第十六章 理性近乎一种道德义务」
2022,每日期刊,[G],16,第十六章 理性近乎一种道德义务,low,无明确关键词匹配，根据语义判断最接近「第十六章 理性近乎一种道德义务」
2022,每日期刊,[H],16,第十六章 理性近乎一种道德义务,low,无明确关键词匹配，根据语义判断最接近「第十六章 理性近乎一种道德义务」
2022,每日期刊,[I],16,第十六章 理性近乎一种道德义务,low,无明确关键词匹配，根据语义判断最接近「第十六章 理性近乎一种道德义务」
2022,每日期刊,[J],16,第十六章 理性近乎一种道德义务,low,无明确关键词匹配，根据语义判断最接近「第十六章 理性近乎一种道德义务」
2022,每日期刊,[K],16,第十六章 理性近乎一种道德义务,low,无明确关键词匹配，根据语义判断最接近「第十六章 理性近乎一种道德义务」
2022,每日期刊,[L],16,第十六章 理性近乎一种道德义务,low,无明确关键词匹配，根据语义判断最接近「第十六章 理性近乎一种道德义务」
2022,每日期刊,[M],16,第十六章 理性近乎一种道德义务,low,无明确关键词匹配，根据语义判断最接近「第十六章 理性近乎一种道德义务」
2022,每日期刊,[N],16,第十六章 理性近乎一种道德义务,low,无明确关键词匹配，根据语义判断最接近「第十六章 理性近乎一种道德义务」
2022,每日期刊,[O],16,第十六章 理性近乎一种道德义务,low,无明确关键词匹配，根据语义判断最接近「第十六章 理性近乎一种道德义务」
2022,每日期刊,[P],16,第十六章 理性近乎一种道德义务,low,无明确关键词匹配，根据语义判断最接近「第十六章 理性近乎一种道德义务」
2022,每日期刊,[Q],16,第十六章 理性近乎一种道德义务,low,无明确关键词匹配，根据语义判断最接近「第十六章 理性近乎一种道德义务」
2022,每日期刊,[R],16,第十六章 理性近乎一种道德义务,low,无明确关键词匹配，根据语义判断最接近「第十六章 理性近乎一种道德义务」
2022,每日期刊,[S],16,第十六章 理性近乎一种道德义务,low,无明确关键词匹配，根据语义判断最接近「第十六章 理性近乎一种道德义务」
2022,每日期刊,[T],16,第十六章 理性近乎一种道德义务,low,无明确关键词匹配，根据语义判断最接近「第十六章 理性近乎一种道德义务」
2022,每日期刊,[W],16,第十六章 理性近乎一种道德义务,low,无明确关键词匹配，根据语义判断最接近「第十六章 理性近乎一种道德义务」
2022,每日期刊,[X],16,第十六章 理性近乎一种道德义务,low,无明确关键词匹配，根据语义判断最接近「第十六章 理性近乎一种道德义务」
2022,每日期刊,[Y],16,第十六章 理性近乎一种道德义务,low,无明确关键词匹配，根据语义判断最接近「第十六章 理性近乎一种道德义务」
2022,每日期刊,[Z],16,第十六章 理性近乎一种道德义务,low,无明确关键词匹配，根据语义判断最接近「第十六章 理性近乎一种道德义务」
